version 2
JvmtiExport can_access_local_variables 0
JvmtiExport can_hotswap_or_post_breakpoint 1
JvmtiExport can_post_on_exceptions 0
# 244 ciObject found
instanceKlass java/lang/invoke/MemberName
ciInstanceKlass java/lang/Cloneable 1 0 7 100 1 100 1 1 1
instanceKlass org/openqa/selenium/devtools/v142/v142Domains
instanceKlass  @bci org/openqa/selenium/devtools/v141/v141CdpInfo <init> ()V 4 <appendix> argL0 ; # org/openqa/selenium/devtools/v141/v141CdpInfo$$Lambda+0x000001c99d4da330
instanceKlass org/openqa/selenium/devtools/v141/v141Domains
instanceKlass  @bci org/openqa/selenium/devtools/v140/v140CdpInfo <init> ()V 4 <appendix> argL0 ; # org/openqa/selenium/devtools/v140/v140CdpInfo$$Lambda+0x000001c99d4d93f8
instanceKlass org/openqa/selenium/devtools/idealized/Javascript
instanceKlass org/openqa/selenium/devtools/idealized/Network
instanceKlass org/openqa/selenium/devtools/idealized/Events
instanceKlass org/openqa/selenium/devtools/idealized/log/Log
instanceKlass org/openqa/selenium/devtools/idealized/target/Target
instanceKlass org/openqa/selenium/devtools/v140/v140Domains
instanceKlass org/openqa/selenium/devtools/idealized/Domains
instanceKlass org/openqa/selenium/devtools/CdpVersionFinder
instanceKlass org/openqa/selenium/remote/http/Message
instanceKlass org/openqa/selenium/remote/http/jdk/JdkHttpClient$4
instanceKlass jdk/internal/net/http/websocket/UTF8AccumulatingDecoder
instanceKlass  @bci jdk/internal/net/http/websocket/MessageDecoder <clinit> ()V 19 <appendix> member <vmtarget> ; # jdk/internal/net/http/websocket/MessageDecoder$$Lambda+0x000001c99d4d5ac0
instanceKlass jdk/internal/net/http/websocket/MessageDecoder
instanceKlass jdk/internal/net/http/websocket/Frame$Consumer
instanceKlass jdk/internal/net/http/websocket/TransportImpl$ReadEvent
instanceKlass jdk/internal/net/http/websocket/TransportImpl$WriteEvent
instanceKlass jdk/internal/net/http/websocket/Frame$Reader
instanceKlass jdk/internal/net/http/websocket/Frame
instanceKlass jdk/internal/net/http/websocket/Frame$Masker
instanceKlass jdk/internal/net/http/websocket/Frame$HeaderWriter
instanceKlass  @bci jdk/internal/net/http/websocket/MessageEncoder <clinit> ()V 3 <appendix> member <vmtarget> ; # jdk/internal/net/http/websocket/MessageEncoder$$Lambda+0x000001c99d4d4080
instanceKlass jdk/internal/net/http/websocket/MessageEncoder
instanceKlass jdk/internal/net/http/websocket/TransportImpl$SendTask$2
instanceKlass jdk/internal/net/http/websocket/TransportImpl$SendTask$1
instanceKlass jdk/internal/net/http/websocket/MessageQueue$QueueCallback
instanceKlass  @bci jdk/internal/net/http/websocket/TransportImpl <clinit> ()V 19 <appendix> member <vmtarget> ; # jdk/internal/net/http/websocket/TransportImpl$$Lambda+0x000001c99d4d3250
instanceKlass jdk/internal/net/http/websocket/RawChannel$RawEvent
instanceKlass jdk/internal/net/http/websocket/TransportImpl
instanceKlass jdk/internal/net/http/websocket/WebSocketImpl$SignallingMessageConsumer
instanceKlass jdk/internal/net/http/websocket/MessageQueue$Message
instanceKlass jdk/internal/net/http/websocket/MessageQueue
instanceKlass jdk/internal/net/http/websocket/Transport
instanceKlass jdk/internal/net/http/websocket/TransportFactoryImpl
instanceKlass jdk/internal/net/http/RawChannelTube$WriteSubscription
instanceKlass  @bci jdk/internal/net/http/RawChannelTube <init> (Ljdk/internal/net/http/HttpConnection;Ljava/util/function/Supplier;)V 116 <appendix> member <vmtarget> ; # jdk/internal/net/http/RawChannelTube$$Lambda+0x000001c99d4d1598
instanceKlass jdk/internal/net/http/RawChannelTube$ReadSubscriber
instanceKlass jdk/internal/net/http/RawChannelTube$WritePublisher
instanceKlass jdk/internal/net/http/RawChannelTube
instanceKlass  @bci jdk/internal/net/http/HttpResponseImpl$RawChannelProvider rawChannel0 ()Ljdk/internal/net/http/websocket/RawChannel; 38 <appendix> member <vmtarget> ; # jdk/internal/net/http/HttpResponseImpl$RawChannelProvider$$Lambda+0x000001c99d4d0bb0
instanceKlass  @bci java/net/http/HttpResponse$BodySubscribers ofString (Ljava/nio/charset/Charset;)Ljava/net/http/HttpResponse$BodySubscriber; 10 <appendix> member <vmtarget> ; # java/net/http/HttpResponse$BodySubscribers$$Lambda+0x000001c99d4d0968
instanceKlass jdk/internal/net/http/ResponseSubscribers$ByteArraySubscriber
instanceKlass sun/net/www/HeaderParser
instanceKlass  @bci jdk/internal/net/http/websocket/OpeningHandshake lambda$send$0 ()Ljava/util/concurrent/CompletableFuture; 15 <appendix> member <vmtarget> ; # jdk/internal/net/http/websocket/OpeningHandshake$$Lambda+0x000001c99d4d0450
instanceKlass  @bci jdk/internal/net/http/HttpClientImpl sendAsync (Ljava/net/http/HttpRequest;Ljava/net/http/HttpResponse$BodyHandler;Ljava/net/http/HttpResponse$PushPromiseHandler;Ljava/util/concurrent/Executor;)Ljava/util/concurrent/CompletableFuture; 333 <appendix> argL0 ; # jdk/internal/net/http/HttpClientImpl$$Lambda+0x000001c99d4d0220
instanceKlass  @bci java/net/http/HttpResponse$BodyHandlers ofString ()Ljava/net/http/HttpResponse$BodyHandler; 0 <appendix> argL0 ; # java/net/http/HttpResponse$BodyHandlers$$Lambda+0x000001c99d4d0000
instanceKlass  @bci jdk/internal/net/http/websocket/OpeningHandshake send ()Ljava/util/concurrent/CompletableFuture; 1 <appendix> member <vmtarget> ; # jdk/internal/net/http/websocket/OpeningHandshake$$Lambda+0x000001c99d4c8400
instanceKlass jdk/internal/net/http/websocket/TransportFactory
instanceKlass jdk/internal/net/http/websocket/OpeningHandshake
instanceKlass  @bci jdk/internal/net/http/websocket/WebSocketImpl newInstanceAsync (Ljdk/internal/net/http/websocket/BuilderImpl;)Ljava/util/concurrent/CompletableFuture; 1 <appendix> member <vmtarget> ; # jdk/internal/net/http/websocket/WebSocketImpl$$Lambda+0x000001c99d4b7a08
instanceKlass jdk/internal/net/http/websocket/OpeningHandshake$Result
instanceKlass  @bci jdk/internal/net/http/websocket/WebSocketImpl <clinit> ()V 3 <appendix> member <vmtarget> ; # jdk/internal/net/http/websocket/WebSocketImpl$$Lambda+0x000001c99d4b75d0
instanceKlass jdk/internal/net/http/websocket/MessageStreamConsumer
instanceKlass jdk/internal/net/http/websocket/WebSocketImpl
instanceKlass java/net/http/WebSocket
instanceKlass org/openqa/selenium/remote/http/jdk/JdkHttpClient$3
instanceKlass  @bci org/openqa/selenium/remote/http/jdk/JdkHttpClient openSocket (Lorg/openqa/selenium/remote/http/HttpRequest;Lorg/openqa/selenium/remote/http/WebSocket$Listener;)Lorg/openqa/selenium/remote/http/WebSocket; 39 <appendix> member <vmtarget> ; # org/openqa/selenium/remote/http/jdk/JdkHttpClient$$Lambda+0x000001c99d4cbb60
instanceKlass jdk/internal/net/http/websocket/BuilderImpl
instanceKlass org/openqa/selenium/devtools/Connection$Listener
instanceKlass java/util/concurrent/locks/ReentrantReadWriteLock$WriteLock
instanceKlass java/util/concurrent/locks/ReentrantReadWriteLock$ReadLock
instanceKlass java/util/concurrent/locks/ReentrantReadWriteLock
instanceKlass  @bci org/openqa/selenium/devtools/Connection <clinit> ()V 21 <appendix> argL0 ; # org/openqa/selenium/devtools/Connection$$Lambda+0x000001c99d4cb698
instanceKlass org/openqa/selenium/remote/http/WebSocket$Listener
instanceKlass java/util/concurrent/locks/ReadWriteLock
instanceKlass  @bci org/openqa/selenium/chromium/ChromiumDriver <init> (Lorg/openqa/selenium/remote/CommandExecutor;Lorg/openqa/selenium/Capabilities;Ljava/lang/String;)V 206 <appendix> member <vmtarget> ; # org/openqa/selenium/chromium/ChromiumDriver$$Lambda+0x000001c99d4cafc0
instanceKlass org/openqa/selenium/devtools/Connection
instanceKlass  @bci jdk/internal/net/http/ConnectionPool purgeExpiredConnectionsAndReturnNextDeadline (Ljava/time/Instant;)J 185 <appendix> member <vmtarget> ; # jdk/internal/net/http/ConnectionPool$$Lambda+0x000001c99d4b68f0
instanceKlass java/util/LinkedList$DescendingIterator
instanceKlass  @bci org/openqa/selenium/chromium/ChromiumDriver <init> (Lorg/openqa/selenium/remote/CommandExecutor;Lorg/openqa/selenium/Capabilities;Ljava/lang/String;)V 161 <appendix> argL0 ; # org/openqa/selenium/chromium/ChromiumDriver$$Lambda+0x000001c99d4cab08
instanceKlass  @bci org/openqa/selenium/chromium/ChromiumDriver <init> (Lorg/openqa/selenium/remote/CommandExecutor;Lorg/openqa/selenium/Capabilities;Ljava/lang/String;)V 149 <appendix> member <vmtarget> ; # org/openqa/selenium/chromium/ChromiumDriver$$Lambda+0x000001c99d4ca8c0
instanceKlass org/openqa/selenium/devtools/CdpEndpointFinder
instanceKlass  @bci org/openqa/selenium/chromium/ChromiumDriver <init> (Lorg/openqa/selenium/remote/CommandExecutor;Lorg/openqa/selenium/Capabilities;Ljava/lang/String;)V 114 <appendix> argL0 ; # org/openqa/selenium/chromium/ChromiumDriver$$Lambda+0x000001c99d4ca478
instanceKlass  @bci org/openqa/selenium/chromium/AddHasLaunchApp getImplementation (Lorg/openqa/selenium/Capabilities;Lorg/openqa/selenium/remote/ExecuteMethod;)Lorg/openqa/selenium/chromium/HasLaunchApp; 1 <appendix> member <vmtarget> ; # org/openqa/selenium/chromium/AddHasLaunchApp$$Lambda+0x000001c99d4ca250
instanceKlass org/openqa/selenium/chromium/AddHasNetworkConditions$1
instanceKlass  @bci org/openqa/selenium/chromium/AddHasPermissions getImplementation (Lorg/openqa/selenium/Capabilities;Lorg/openqa/selenium/remote/ExecuteMethod;)Lorg/openqa/selenium/chromium/HasPermissions; 1 <appendix> member <vmtarget> ; # org/openqa/selenium/chromium/AddHasPermissions$$Lambda+0x000001c99d4cfc50
instanceKlass  @bci org/openqa/selenium/MutableCapabilities <init> (Ljava/util/Map;)V 17 <appendix> member <vmtarget> ; # org/openqa/selenium/MutableCapabilities$$Lambda+0x000001c99d4cfa18
instanceKlass org/openqa/selenium/remote/RemoteWebElement
instanceKlass  @bci org/openqa/selenium/remote/JsonToWebElementConverter apply (Ljava/lang/Object;)Ljava/lang/Object; 129 <appendix> member <vmtarget> ; # org/openqa/selenium/remote/JsonToWebElementConverter$$Lambda+0x000001c99d4cf3a8
instanceKlass org/openqa/selenium/remote/Response
instanceKlass org/openqa/selenium/remote/ErrorCodec$W3CError
instanceKlass org/openqa/selenium/remote/ErrorCodec
instanceKlass org/openqa/selenium/remote/codec/AbstractHttpResponseCodec
instanceKlass org/openqa/selenium/safari/AddHasPermissions
instanceKlass org/openqa/selenium/safari/AddHasDebugger
instanceKlass org/openqa/selenium/firefox/AddHasFullPageScreenshot
instanceKlass org/openqa/selenium/firefox/AddHasExtensions
instanceKlass org/openqa/selenium/firefox/AddHasContext
instanceKlass  @bci org/openqa/selenium/remote/Dialect lambda$bindAdditionalCommands$1 (Lorg/openqa/selenium/remote/CommandCodec;Lorg/openqa/selenium/remote/AdditionalHttpCommands;)V 7 <appendix> member <vmtarget> ; # org/openqa/selenium/remote/Dialect$$Lambda+0x000001c99d4cce08
instanceKlass  @bci org/openqa/selenium/remote/Dialect bindAdditionalCommands (Lorg/openqa/selenium/remote/CommandCodec;)Lorg/openqa/selenium/remote/CommandCodec; 6 <appendix> member <vmtarget> ; # org/openqa/selenium/remote/Dialect$$Lambda+0x000001c99d4ccbd0
instanceKlass  @bci java/util/stream/Collectors toUnmodifiableList ()Ljava/util/stream/Collector; 19 <appendix> argL0 ; # java/util/stream/Collectors$$Lambda+0x000001c99d4733d8
instanceKlass  @bci java/util/stream/Collectors toUnmodifiableList ()Ljava/util/stream/Collector; 14 <appendix> argL0 ; # java/util/stream/Collectors$$Lambda+0x000001c99d473190
instanceKlass  @bci java/util/stream/Collectors toUnmodifiableList ()Ljava/util/stream/Collector; 9 <appendix> argL0 ; # java/util/stream/Collectors$$Lambda+0x000001c99d472f60
instanceKlass  @bci java/util/stream/Collectors toUnmodifiableList ()Ljava/util/stream/Collector; 4 <appendix> argL0 ; # java/util/stream/Collectors$$Lambda+0x000001c99d472d40
instanceKlass  @bci org/openqa/selenium/remote/codec/AbstractHttpCommandCodec$CommandSpec <init> (Lorg/openqa/selenium/remote/http/HttpMethod;Ljava/lang/String;)V 32 <appendix> argL0 ; # org/openqa/selenium/remote/codec/AbstractHttpCommandCodec$CommandSpec$$Lambda+0x000001c99d4cc980
instanceKlass org/openqa/selenium/remote/codec/AbstractHttpCommandCodec$CommandSpec
instanceKlass org/openqa/selenium/remote/codec/AbstractHttpCommandCodec
instanceKlass  @bci org/openqa/selenium/remote/ProtocolHandshake createSession (Lorg/openqa/selenium/remote/http/HttpHandler;Lorg/openqa/selenium/remote/http/Contents$Supplier;)Lorg/openqa/selenium/internal/Either; 273 <appendix> member <vmtarget> ; # org/openqa/selenium/remote/ProtocolHandshake$$Lambda+0x000001c99d4c7dd0
instanceKlass  @bci org/openqa/selenium/remote/ProtocolHandshake createSession (Lorg/openqa/selenium/remote/http/HttpHandler;Lorg/openqa/selenium/remote/http/Contents$Supplier;)Lorg/openqa/selenium/internal/Either; 263 <appendix> argL0 ; # org/openqa/selenium/remote/ProtocolHandshake$$Lambda+0x000001c99d4cc000
instanceKlass org/openqa/selenium/internal/Either
instanceKlass  @bci org/openqa/selenium/Proxy <init> (Ljava/util/Map;)V 191 <appendix> member <vmtarget> ; # org/openqa/selenium/Proxy$$Lambda+0x000001c99d4c7910
instanceKlass  @bci org/openqa/selenium/Proxy <init> (Ljava/util/Map;)V 178 <appendix> member <vmtarget> ; # org/openqa/selenium/Proxy$$Lambda+0x000001c99d4c76d8
instanceKlass  @bci org/openqa/selenium/Proxy <init> (Ljava/util/Map;)V 163 <appendix> member <vmtarget> ; # org/openqa/selenium/Proxy$$Lambda+0x000001c99d4c74a0
instanceKlass  @bci org/openqa/selenium/Proxy <init> (Ljava/util/Map;)V 148 <appendix> member <vmtarget> ; # org/openqa/selenium/Proxy$$Lambda+0x000001c99d4c7268
instanceKlass  @bci org/openqa/selenium/Proxy <init> (Ljava/util/Map;)V 133 <appendix> member <vmtarget> ; # org/openqa/selenium/Proxy$$Lambda+0x000001c99d4c7030
instanceKlass  @bci org/openqa/selenium/Proxy <init> (Ljava/util/Map;)V 118 <appendix> member <vmtarget> ; # org/openqa/selenium/Proxy$$Lambda+0x000001c99d4c6df8
instanceKlass  @bci org/openqa/selenium/Proxy <init> (Ljava/util/Map;)V 103 <appendix> member <vmtarget> ; # org/openqa/selenium/Proxy$$Lambda+0x000001c99d4c6bc0
instanceKlass  @bci org/openqa/selenium/Proxy <init> (Ljava/util/Map;)V 88 <appendix> member <vmtarget> ; # org/openqa/selenium/Proxy$$Lambda+0x000001c99d4c6988
instanceKlass  @bci org/openqa/selenium/Proxy <init> (Ljava/util/Map;)V 73 <appendix> member <vmtarget> ; # org/openqa/selenium/Proxy$$Lambda+0x000001c99d4c6750
instanceKlass  @bci org/openqa/selenium/Proxy <init> (Ljava/util/Map;)V 58 <appendix> member <vmtarget> ; # org/openqa/selenium/Proxy$$Lambda+0x000001c99d4c6518
instanceKlass  @bci org/openqa/selenium/Proxy <init> (Ljava/util/Map;)V 43 <appendix> member <vmtarget> ; # org/openqa/selenium/Proxy$$Lambda+0x000001c99d4c62e0
instanceKlass  @bci org/openqa/selenium/Proxy <init> (Ljava/util/Map;)V 28 <appendix> member <vmtarget> ; # org/openqa/selenium/Proxy$$Lambda+0x000001c99d4c60a8
instanceKlass org/openqa/selenium/remote/SessionId
instanceKlass  @bci org/openqa/selenium/remote/ProtocolHandshake$Result <clinit> ()V 0 <appendix> argL0 ; # org/openqa/selenium/remote/ProtocolHandshake$Result$$Lambda+0x000001c99d4c5818
instanceKlass  @bci org/openqa/selenium/remote/W3CHandshakeResponse successHandler ()Ljava/util/function/Function; 0 <appendix> argL0 ; # org/openqa/selenium/remote/W3CHandshakeResponse$$Lambda+0x000001c99d4c55d8
instanceKlass  @bci org/openqa/selenium/remote/W3CHandshakeResponse errorHandler ()Ljava/util/function/Function; 0 <appendix> argL0 ; # org/openqa/selenium/remote/W3CHandshakeResponse$$Lambda+0x000001c99d4c5398
instanceKlass  @bci org/openqa/selenium/remote/ProtocolHandshake createSession (Lorg/openqa/selenium/remote/http/HttpHandler;Lorg/openqa/selenium/remote/http/Contents$Supplier;)Lorg/openqa/selenium/internal/Either; 248 <appendix> argL0 ; # org/openqa/selenium/remote/ProtocolHandshake$$Lambda+0x000001c99d4c5148
instanceKlass  @bci org/openqa/selenium/remote/ProtocolHandshake createSession (Lorg/openqa/selenium/remote/http/HttpHandler;Lorg/openqa/selenium/remote/http/Contents$Supplier;)Lorg/openqa/selenium/internal/Either; 238 <appendix> member <vmtarget> ; # org/openqa/selenium/remote/ProtocolHandshake$$Lambda+0x000001c99d4c4f00
instanceKlass  @bci org/openqa/selenium/remote/HandshakeResponse getResponseFunction ()Ljava/util/function/Function; 1 <appendix> member <vmtarget> ; # org/openqa/selenium/remote/HandshakeResponse$$Lambda+0x000001c99d4c4cb8
instanceKlass  @cpi org/openqa/selenium/remote/HandshakeResponse 48 form vmentry <vmtarget> ; # java/lang/invoke/LambdaForm$DMH+0x000001c99d4c8000
instanceKlass org/openqa/selenium/remote/ProtocolHandshake$Result
instanceKlass org/openqa/selenium/remote/W3CHandshakeResponse
instanceKlass org/openqa/selenium/remote/HandshakeResponse
instanceKlass org/openqa/selenium/remote/InitialHandshakeResponse
instanceKlass  @bci org/openqa/selenium/remote/http/HttpMessage getContentEncoding ()Ljava/nio/charset/Charset; 48 <appendix> argL0 ; # org/openqa/selenium/remote/http/HttpMessage$$Lambda+0x000001c99d4c41e8
instanceKlass  @bci org/openqa/selenium/remote/http/HttpMessage getContentEncoding ()Ljava/nio/charset/Charset; 38 <appendix> argL0 ; # org/openqa/selenium/remote/http/HttpMessage$$Lambda+0x000001c99d4c3fa8
instanceKlass  @bci org/openqa/selenium/remote/http/HttpMessage getContentEncoding ()Ljava/nio/charset/Charset; 28 <appendix> argL0 ; # org/openqa/selenium/remote/http/HttpMessage$$Lambda+0x000001c99d4c3d58
instanceKlass  @bci org/openqa/selenium/remote/http/HttpMessage getContentEncoding ()Ljava/nio/charset/Charset; 18 <appendix> argL0 ; # org/openqa/selenium/remote/http/HttpMessage$$Lambda+0x000001c99d4c3b18
instanceKlass com/google/common/base/Joiner$MapJoiner
instanceKlass com/google/common/base/Joiner
instanceKlass com/google/common/primitives/IntsMethodsForWeb
instanceKlass com/google/common/collect/AbstractMapBasedMultiset$2
instanceKlass com/google/common/collect/Multisets$AbstractEntry
instanceKlass com/google/common/collect/Count
instanceKlass com/google/common/collect/SortedMultiset
instanceKlass com/google/common/collect/SortedIterable
instanceKlass com/google/common/collect/SortedMultisetBridge
instanceKlass com/google/common/collect/Multiset$Entry
instanceKlass com/google/common/collect/Multisets
instanceKlass com/google/common/collect/AbstractMapEntry
instanceKlass com/google/common/base/Optional
instanceKlass com/google/common/collect/TransformedIterator
instanceKlass  @bci com/google/common/collect/Maps asEntryToEntryFunction (Lcom/google/common/collect/Maps$EntryTransformer;)Lcom/google/common/base/Function; 6 <appendix> member <vmtarget> ; # com/google/common/collect/Maps$$Lambda+0x000001c99d4bdbe8
instanceKlass  @bci com/google/common/collect/Maps transformValues (Ljava/util/Map;Lcom/google/common/base/Function;)Ljava/util/Map; 7 <appendix> member <vmtarget> ; # com/google/common/collect/Maps$$Lambda+0x000001c99d4bc608
instanceKlass com/google/common/collect/Maps$EntryTransformer
instanceKlass  @bci com/google/common/net/MediaType parametersAsMap ()Ljava/util/Map; 7 <appendix> argL0 ; # com/google/common/net/MediaType$$Lambda+0x000001c99d4bc1a8
instanceKlass com/google/common/collect/ImmutableMap$Builder
instanceKlass com/google/common/collect/ImmutableMultimap$Builder
instanceKlass com/google/common/collect/Multiset
instanceKlass com/google/common/collect/AbstractMultimap
instanceKlass com/google/common/base/Ascii
instanceKlass com/google/common/collect/ListMultimap
instanceKlass com/google/common/net/MediaType
instanceKlass jdk/internal/net/http/ConnectionPool$ExpiryEntry
instanceKlass jdk/internal/net/http/ConnectionPool$CleanupTrigger
instanceKlass  @bci org/openqa/selenium/remote/http/jdk/JdkHttpMessages extractContent (Ljava/net/http/HttpResponse;)Lorg/openqa/selenium/remote/http/Contents$Supplier; 12 <appendix> argL0 ; # org/openqa/selenium/remote/http/jdk/JdkHttpMessages$$Lambda+0x000001c99d48b100
instanceKlass  @bci jdk/internal/net/http/HttpConnection closeOrReturnToCache (Ljava/net/http/HttpHeaders;)V 63 <appendix> argL0 ; # jdk/internal/net/http/HttpConnection$$Lambda+0x000001c99d4b61c8
instanceKlass  @bci org/openqa/selenium/remote/http/jdk/JdkHttpMessages lambda$copyHeaders$4 (Lorg/openqa/selenium/remote/http/HttpResponse;Ljava/lang/String;Ljava/util/List;)V 18 <appendix> member <vmtarget> ; # org/openqa/selenium/remote/http/jdk/JdkHttpMessages$$Lambda+0x000001c99d48aec8
instanceKlass  @bci org/openqa/selenium/remote/http/jdk/JdkHttpMessages lambda$copyHeaders$4 (Lorg/openqa/selenium/remote/http/HttpResponse;Ljava/lang/String;Ljava/util/List;)V 6 <appendix> argL0 ; # org/openqa/selenium/remote/http/jdk/JdkHttpMessages$$Lambda+0x000001c99d48ac78
instanceKlass  @bci org/openqa/selenium/remote/http/jdk/JdkHttpMessages copyHeaders (Ljava/net/http/HttpResponse;Lorg/openqa/selenium/remote/http/HttpResponse;)V 10 <appendix> member <vmtarget> ; # org/openqa/selenium/remote/http/jdk/JdkHttpMessages$$Lambda+0x000001c99d48aa40
instanceKlass jdk/internal/net/http/common/HttpBodySubscriberWrapper$SubscriptionWrapper
instanceKlass jdk/internal/net/http/websocket/RawChannel
instanceKlass jdk/internal/net/http/HttpResponseImpl$RawChannelProvider
instanceKlass jdk/internal/net/http/HttpResponseImpl
instanceKlass jdk/internal/net/http/websocket/RawChannel$Provider
instanceKlass  @bci jdk/internal/net/http/MultiExchange lambda$responseAsync0$4 (Ljdk/internal/net/http/Response;)Ljava/util/concurrent/CompletionStage; 59 <appendix> member <vmtarget> ; # jdk/internal/net/http/MultiExchange$$Lambda+0x000001c99d4b5440
instanceKlass  @bci jdk/internal/net/http/Exchange readBodyAsync (Ljava/net/http/HttpResponse$BodyHandler;)Ljava/util/concurrent/CompletableFuture; 40 <appendix> member <vmtarget> ; # jdk/internal/net/http/Exchange$$Lambda+0x000001c99d4b5208
instanceKlass  @bci jdk/internal/net/http/Http1Response readBody (Ljava/net/http/HttpResponse$BodySubscriber;ZLjava/util/concurrent/Executor;)Ljava/util/concurrent/CompletableFuture; 240 <appendix> member <vmtarget> ; # jdk/internal/net/http/Http1Response$$Lambda+0x000001c99d4b4fd0
instanceKlass  @bci jdk/internal/net/http/ResponseSubscribers lambda$getBodyAsync$3 (Ljava/net/http/HttpResponse$BodySubscriber;Ljava/util/concurrent/CompletableFuture;Ljava/util/function/Consumer;)V 7 <appendix> member <vmtarget> ; # jdk/internal/net/http/ResponseSubscribers$$Lambda+0x000001c99d4b4d98
instanceKlass  @bci jdk/internal/net/http/ResponseSubscribers getBodyAsync (Ljava/util/concurrent/Executor;Ljava/net/http/HttpResponse$BodySubscriber;Ljava/util/concurrent/CompletableFuture;Ljava/util/function/Consumer;)Ljava/util/concurrent/CompletableFuture; 95 <appendix> member <vmtarget> ; # jdk/internal/net/http/ResponseSubscribers$$Lambda+0x000001c99d4b4b70
instanceKlass  @bci jdk/internal/net/http/Http1Response readBody (Ljava/net/http/HttpResponse$BodySubscriber;ZLjava/util/concurrent/Executor;)Ljava/util/concurrent/CompletableFuture; 227 <appendix> member <vmtarget> ; # jdk/internal/net/http/Http1Response$$Lambda+0x000001c99d4b4938
instanceKlass  @bci jdk/internal/net/http/HttpConnection$TrailingOperations add (Ljava/util/concurrent/CompletionStage;)V 24 <appendix> member <vmtarget> ; # jdk/internal/net/http/HttpConnection$TrailingOperations$$Lambda+0x000001c99d4b4700
instanceKlass  @bci jdk/internal/net/http/Http1Response lambda$readBody$3 (JLjava/net/http/HttpResponse$BodySubscriber;Ljava/util/concurrent/CompletableFuture;Ljdk/internal/net/http/Http1Response$ClientRefCountTracker;)V 164 <appendix> member <vmtarget> ; # jdk/internal/net/http/Http1Response$$Lambda+0x000001c99d4b44c8
instanceKlass  @bci jdk/internal/net/http/ResponseContent$FixedLengthBodyParser <init> (Ljdk/internal/net/http/ResponseContent;JLjava/util/function/Consumer;)V 11 <appendix> member <vmtarget> ; # jdk/internal/net/http/ResponseContent$FixedLengthBodyParser$$Lambda+0x000001c99d4b42a0
instanceKlass jdk/internal/net/http/ResponseContent$FixedLengthBodyParser
instanceKlass  @bci jdk/internal/net/http/Http1Response lambda$readBody$3 (JLjava/net/http/HttpResponse$BodySubscriber;Ljava/util/concurrent/CompletableFuture;Ljdk/internal/net/http/Http1Response$ClientRefCountTracker;)V 93 <appendix> member <vmtarget> ; # jdk/internal/net/http/Http1Response$$Lambda+0x000001c99d4a9cc0
instanceKlass  @bci jdk/internal/net/http/Http1Response lambda$readBody$3 (JLjava/net/http/HttpResponse$BodySubscriber;Ljava/util/concurrent/CompletableFuture;Ljdk/internal/net/http/Http1Response$ClientRefCountTracker;)V 19 <appendix> member <vmtarget> ; # jdk/internal/net/http/Http1Response$$Lambda+0x000001c99d4a9a98
instanceKlass jdk/internal/net/http/ResponseContent$BodyParser
instanceKlass jdk/internal/net/http/ResponseContent
instanceKlass  @bci jdk/internal/net/http/Http1Response readBody (Ljava/net/http/HttpResponse$BodySubscriber;ZLjava/util/concurrent/Executor;)Ljava/util/concurrent/CompletableFuture; 208 <adapter> ; # java/lang/invoke/LambdaForm$MH+0x000001c99d4b0000
# instanceKlass java/lang/invoke/LambdaForm$DMH+0x000001c99d4a8c00
instanceKlass  @bci jdk/internal/net/http/Http1Response readBody (Ljava/net/http/HttpResponse$BodySubscriber;ZLjava/util/concurrent/Executor;)Ljava/util/concurrent/CompletableFuture; 208 <appendix> form vmentry <vmtarget> ; # java/lang/invoke/LambdaForm$DMH+0x000001c99d4a8800
instanceKlass  @bci jdk/internal/net/http/Http1Response readBody (Ljava/net/http/HttpResponse$BodySubscriber;ZLjava/util/concurrent/Executor;)Ljava/util/concurrent/CompletableFuture; 208 <appendix> member <vmtarget> ; # jdk/internal/net/http/Http1Response$$Lambda+0x000001c99d4a9448
instanceKlass  @cpi jdk/internal/net/http/Http1Response 671 form vmentry <vmtarget> ; # java/lang/invoke/LambdaForm$DMH+0x000001c99d4a8400
instanceKlass jdk/internal/net/http/Http1Response$ClientRefCountTracker
instanceKlass  @bci java/util/stream/FindOps$FindSink$OfLong <clinit> ()V 43 <appendix> argL0 ; # java/util/stream/FindOps$FindSink$OfLong$$Lambda+0x000001c99d471bf0
instanceKlass  @bci java/util/stream/FindOps$FindSink$OfLong <clinit> ()V 38 <appendix> argL0 ; # java/util/stream/FindOps$FindSink$OfLong$$Lambda+0x000001c99d4719a0
instanceKlass  @bci java/util/stream/FindOps$FindSink$OfLong <clinit> ()V 16 <appendix> argL0 ; # java/util/stream/FindOps$FindSink$OfLong$$Lambda+0x000001c99d471780
instanceKlass  @bci java/util/stream/FindOps$FindSink$OfLong <clinit> ()V 11 <appendix> argL0 ; # java/util/stream/FindOps$FindSink$OfLong$$Lambda+0x000001c99d471530
instanceKlass java/util/stream/Sink$OfLong
instanceKlass java/util/function/LongConsumer
instanceKlass  @bci java/net/http/HttpHeaders firstValueAsLong (Ljava/lang/String;)Ljava/util/OptionalLong; 10 <appendix> argL0 ; # java/net/http/HttpHeaders$$Lambda+0x000001c99d4a9228
instanceKlass java/util/function/ToLongFunction
instanceKlass  @bci jdk/internal/net/http/ResponseSubscribers$HttpResponseInputStream <clinit> ()V 37 <appendix> member <vmtarget> ; # jdk/internal/net/http/ResponseSubscribers$HttpResponseInputStream$$Lambda+0x000001c99d4a9000
instanceKlass jdk/internal/net/http/ResponseSubscribers
instanceKlass java/net/http/HttpResponse$BodySubscribers
instanceKlass jdk/internal/net/http/ResponseInfoImpl
instanceKlass  @bci jdk/internal/net/http/Http1HeaderParser addHeaderFromString (Ljava/lang/String;)V 147 <appendix> argL0 ; # jdk/internal/net/http/Http1HeaderParser$$Lambda+0x000001c99d4ab1e0
instanceKlass  @bci jdk/internal/net/http/Exchange sendRequestBody (Ljdk/internal/net/http/ExchangeImpl;)Ljava/util/concurrent/CompletableFuture; 70 <appendix> member <vmtarget> ; # jdk/internal/net/http/Exchange$$Lambda+0x000001c99d4aaf98
instanceKlass  @bci jdk/internal/net/http/Exchange wrapForUpgrade (Ljava/util/concurrent/CompletableFuture;)Ljava/util/concurrent/CompletableFuture; 9 <appendix> member <vmtarget> ; # jdk/internal/net/http/Exchange$$Lambda+0x000001c99d4aad50
instanceKlass  @bci jdk/internal/net/http/Http1Response readHeadersAsync (Ljava/util/concurrent/Executor;)Ljava/util/concurrent/CompletableFuture; 225 <appendix> member <vmtarget> ; # jdk/internal/net/http/Http1Response$$Lambda+0x000001c99d4aab08
instanceKlass  @bci jdk/internal/net/http/Exchange sendRequestBody (Ljdk/internal/net/http/ExchangeImpl;)Ljava/util/concurrent/CompletableFuture; 53 <appendix> member <vmtarget> ; # jdk/internal/net/http/Exchange$$Lambda+0x000001c99d4aa8c0
instanceKlass  @bci jdk/internal/net/http/Http1Exchange getOutgoing ()Ljdk/internal/net/http/Http1Exchange$DataPair; 245 <appendix> member <vmtarget> ; # jdk/internal/net/http/Http1Exchange$$Lambda+0x000001c99d4aa698
instanceKlass  @bci jdk/internal/net/http/Http1Exchange getOutgoing ()Ljdk/internal/net/http/Http1Exchange$DataPair; 260 <appendix> member <vmtarget> ; # jdk/internal/net/http/Http1Exchange$$Lambda+0x000001c99d4aa470
instanceKlass  @bci jdk/internal/net/http/Http1Exchange sendBodyAsync ()Ljava/util/concurrent/CompletableFuture; 153 <appendix> member <vmtarget> ; # jdk/internal/net/http/Http1Exchange$$Lambda+0x000001c99d4aa238
instanceKlass  @bci jdk/internal/net/http/Http1Exchange cancelIfFailed (Ljava/util/concurrent/Flow$Subscription;)V 9 <appendix> member <vmtarget> ; # jdk/internal/net/http/Http1Exchange$$Lambda+0x000001c99d4aa000
instanceKlass  @bci jdk/internal/net/http/Http1Exchange sendBodyAsync ()Ljava/util/concurrent/CompletableFuture; 144 <appendix> member <vmtarget> ; # jdk/internal/net/http/Http1Exchange$$Lambda+0x000001c99d4afd88
instanceKlass  @bci jdk/internal/net/http/RequestPublishers$StreamIterator <init> (Ljava/io/InputStream;)V 2 <appendix> argL0 ; # jdk/internal/net/http/RequestPublishers$StreamIterator$$Lambda+0x000001c99d4af938
instanceKlass jdk/internal/net/http/RequestPublishers$StreamIterator
instanceKlass jdk/internal/net/http/PullPublisher$Subscription
instanceKlass  @bci jdk/internal/net/http/RequestPublishers$InputStreamPublisher iterableOf (Ljava/io/InputStream;)Ljava/lang/Iterable; 1 <appendix> member <vmtarget> ; # jdk/internal/net/http/RequestPublishers$InputStreamPublisher$$Lambda+0x000001c99d4af248
instanceKlass jdk/internal/net/http/RequestPublishers
instanceKlass jdk/internal/net/http/PullPublisher
instanceKlass  @bci jdk/internal/net/http/SocketTube$InternalWriteSubscriber tryFlushCurrent (Z)V 280 <appendix> member <vmtarget> ; # jdk/internal/net/http/SocketTube$InternalWriteSubscriber$$Lambda+0x000001c99d4aebe8
instanceKlass sun/nio/ch/IOVecWrapper$Deallocator
instanceKlass sun/nio/ch/NativeObject
instanceKlass sun/nio/ch/IOVecWrapper
instanceKlass  @bci jdk/internal/net/http/Http1Exchange getOutgoing ()Ljdk/internal/net/http/Http1Exchange$DataPair; 185 <appendix> member <vmtarget> ; # jdk/internal/net/http/Http1Exchange$$Lambda+0x000001c99d4ae748
instanceKlass jdk/internal/net/http/Http1Exchange$DataPair
instanceKlass  @bci jdk/internal/net/http/Http1Request collectHeaders0 (Ljava/lang/StringBuilder;)V 80 <appendix> member <vmtarget> ; # jdk/internal/net/http/Http1Request$$Lambda+0x000001c99d4ae2e0
instanceKlass  @bci jdk/internal/net/http/SocketTube$InternalReadPublisher$InternalReadSubscription resumeReadEvent ()V 47 <appendix> member <vmtarget> ; # jdk/internal/net/http/SocketTube$InternalReadPublisher$InternalReadSubscription$$Lambda+0x000001c99d4ae0a8
instanceKlass  @bci jdk/internal/net/http/common/Utils CONTEXT_RESTRICTED (Ljava/net/http/HttpClient;)Ljava/util/function/BiPredicate; 1 <appendix> member <vmtarget> ; # jdk/internal/net/http/common/Utils$$Lambda+0x000001c99d4ade50
instanceKlass  @bci java/util/function/BiPredicate and (Ljava/util/function/BiPredicate;)Ljava/util/function/BiPredicate; 7 <appendix> member <vmtarget> ; # java/util/function/BiPredicate$$Lambda+0x000001c99d46e4b8
instanceKlass  @bci jdk/internal/net/http/SocketTube$InternalWriteSubscriber startSubscription ()V 135 <appendix> member <vmtarget> ; # jdk/internal/net/http/SocketTube$InternalWriteSubscriber$$Lambda+0x000001c99d4adc28
instanceKlass jdk/internal/net/http/SocketTube$InternalWriteSubscriber$WriteSubscription
instanceKlass jdk/internal/net/http/SocketTube$InternalReadPublisher$ReadSubscription
instanceKlass  @bci jdk/internal/net/http/Http1Exchange lambda$sendHeadersAsync$4 (Ljava/lang/Void;)Ljava/util/concurrent/CompletionStage; 16 <appendix> member <vmtarget> ; # jdk/internal/net/http/Http1Exchange$$Lambda+0x000001c99d4ad590
instanceKlass  @bci jdk/internal/net/http/HttpClientImpl$SelectorManager run ()V 1394 <appendix> argL0 ; # jdk/internal/net/http/HttpClientImpl$SelectorManager$$Lambda+0x000001c99d4ad360
instanceKlass  @bci jdk/internal/net/http/HttpClientImpl$SelectorManager run ()V 1377 <appendix> member <vmtarget> ; # jdk/internal/net/http/HttpClientImpl$SelectorManager$$Lambda+0x000001c99d4acf30
instanceKlass jdk/internal/net/http/common/Pair
instanceKlass  @bci jdk/internal/net/http/PlainHttpConnection$ConnectEvent handle ()V 211 <appendix> argL0 ; # jdk/internal/net/http/PlainHttpConnection$ConnectEvent$$Lambda+0x000001c99d4acb00
instanceKlass  @bci jdk/internal/net/http/HttpClientImpl registerPending (Ljdk/internal/net/http/HttpClientImpl$PendingRequest;Ljava/util/concurrent/CompletableFuture;)Ljava/util/concurrent/CompletableFuture; 43 <appendix> member <vmtarget> ; # jdk/internal/net/http/HttpClientImpl$$Lambda+0x000001c99d4ac8c8
instanceKlass jdk/internal/net/http/HttpClientImpl$PendingRequest
instanceKlass  @bci jdk/internal/net/http/HttpClientImpl$SelectorManager run ()V 1359 <appendix> member <vmtarget> ; # jdk/internal/net/http/HttpClientImpl$SelectorManager$$Lambda+0x000001c99d4ac460
instanceKlass  @bci jdk/internal/net/http/HttpClientImpl$SelectorManager run ()V 1304 <appendix> member <vmtarget> ; # jdk/internal/net/http/HttpClientImpl$SelectorManager$$Lambda+0x000001c99d4ac238
instanceKlass  @bci jdk/internal/net/http/HttpClientImpl sendAsync (Ljava/net/http/HttpRequest;Ljava/net/http/HttpResponse$BodyHandler;Ljava/net/http/HttpResponse$PushPromiseHandler;Ljava/util/concurrent/Executor;)Ljava/util/concurrent/CompletableFuture; 254 <appendix> member <vmtarget> ; # jdk/internal/net/http/HttpClientImpl$$Lambda+0x000001c99d4ac000
instanceKlass  @bci jdk/internal/net/http/HttpClientImpl$SelectorManager run ()V 1289 <appendix> member <vmtarget> ; # jdk/internal/net/http/HttpClientImpl$SelectorManager$$Lambda+0x000001c99d4a7be0
instanceKlass  @bci jdk/internal/net/http/HttpClientImpl$SelectorAttachment events (I)Ljava/util/stream/Stream; 10 <appendix> member <vmtarget> ; # jdk/internal/net/http/HttpClientImpl$SelectorAttachment$$Lambda+0x000001c99d4a7990
instanceKlass  @bci jdk/internal/net/http/MultiExchange responseAsyncImpl ()Ljava/util/concurrent/CompletableFuture; 115 <appendix> member <vmtarget> ; # jdk/internal/net/http/MultiExchange$$Lambda+0x000001c99d4a7758
instanceKlass  @cpi jdk/internal/net/http/HttpClientImpl$SelectorAttachment 242 form vmentry <vmtarget> ; # java/lang/invoke/LambdaForm$DMH+0x000001c99d4a8000
instanceKlass  @bci jdk/internal/net/http/MultiExchange responseAsyncImpl ()Ljava/util/concurrent/CompletableFuture; 105 <appendix> member <vmtarget> ; # jdk/internal/net/http/MultiExchange$$Lambda+0x000001c99d4a7510
instanceKlass  @bci jdk/internal/net/http/Exchange lambda$responseAsyncImpl0$8 (Ljava/util/function/Function;Ljdk/internal/net/http/ExchangeImpl;)Ljava/util/concurrent/CompletableFuture; 6 <appendix> member <vmtarget> ; # jdk/internal/net/http/Exchange$$Lambda+0x000001c99d4a72d8
instanceKlass  @bci jdk/internal/net/http/Http1Exchange sendHeadersAsync ()Ljava/util/concurrent/CompletableFuture; 255 <appendix> member <vmtarget> ; # jdk/internal/net/http/Http1Exchange$$Lambda+0x000001c99d4a7090
instanceKlass  @bci jdk/internal/net/http/Http1Exchange sendHeadersAsync ()Ljava/util/concurrent/CompletableFuture; 246 <appendix> member <vmtarget> ; # jdk/internal/net/http/Http1Exchange$$Lambda+0x000001c99d4a6e48
instanceKlass java/lang/invoke/ConstantBootstraps
instanceKlass  @bci jdk/internal/net/http/Http1Exchange sendHeadersAsync ()Ljava/util/concurrent/CompletableFuture; 126 <appendix> member <vmtarget> ; # jdk/internal/net/http/Http1Exchange$$Lambda+0x000001c99d4a6c00
instanceKlass  @bci jdk/internal/net/http/PlainHttpConnection connectAsync (Ljdk/internal/net/http/Exchange;)Ljava/util/concurrent/CompletableFuture; 483 <appendix> member <vmtarget> ; # jdk/internal/net/http/PlainHttpConnection$$Lambda+0x000001c99d4a69c8
instanceKlass java/nio/channels/SelectionKey
instanceKlass  @bci jdk/internal/net/http/HttpClientImpl$SelectorAttachment <clinit> ()V 18 <appendix> member <vmtarget> ; # jdk/internal/net/http/HttpClientImpl$SelectorAttachment$$Lambda+0x000001c99d4a6558
instanceKlass jdk/internal/net/http/HttpClientImpl$SelectorAttachment
instanceKlass  @bci jdk/internal/net/http/Exchange checkCancelled (Ljava/util/concurrent/CompletableFuture;Ljdk/internal/net/http/HttpConnection;)Ljava/util/concurrent/CompletableFuture; 4 <appendix> member <vmtarget> ; # jdk/internal/net/http/Exchange$$Lambda+0x000001c99d4a60f0
instanceKlass  @bci jdk/internal/net/http/PlainHttpConnection connectAsync (Ljdk/internal/net/http/Exchange;)Ljava/util/concurrent/CompletableFuture; 281 <appendix> member <vmtarget> ; # jdk/internal/net/http/PlainHttpConnection$$Lambda+0x000001c99d4a5ec8
instanceKlass  @bci jdk/internal/net/http/MultiExchange remainingConnectTimeout ()Ljava/util/Optional; 7 <appendix> argL0 ; # jdk/internal/net/http/MultiExchange$$Lambda+0x000001c99d4a5c88
instanceKlass  @bci jdk/internal/net/http/common/Demand increase (J)Z 25 <appendix> argL0 ; # jdk/internal/net/http/common/Demand$$Lambda+0x000001c99d4a5a68
instanceKlass java/util/function/LongBinaryOperator
instanceKlass  @bci jdk/internal/net/http/Http1AsyncReceiver handlePendingDelegate ()Z 50 <appendix> member <vmtarget> ; # jdk/internal/net/http/Http1AsyncReceiver$$Lambda+0x000001c99d4a5840
instanceKlass  @bci jdk/internal/net/http/Http1AsyncReceiver handlePendingDelegate ()Z 42 <appendix> member <vmtarget> ; # jdk/internal/net/http/Http1AsyncReceiver$$Lambda+0x000001c99d4a5608
instanceKlass jdk/internal/net/http/Http1HeaderParser
instanceKlass  @bci jdk/internal/net/http/Http1Response <init> (Ljdk/internal/net/http/HttpConnection;Ljdk/internal/net/http/Http1Exchange;Ljdk/internal/net/http/Http1AsyncReceiver;)V 97 <appendix> member <vmtarget> ; # jdk/internal/net/http/Http1Response$$Lambda+0x000001c99d4a4d58
instanceKlass  @bci jdk/internal/net/http/Http1Response <init> (Ljdk/internal/net/http/HttpConnection;Ljdk/internal/net/http/Http1Exchange;Ljdk/internal/net/http/Http1AsyncReceiver;)V 79 <appendix> member <vmtarget> ; # jdk/internal/net/http/Http1Response$$Lambda+0x000001c99d4a4b20
instanceKlass  @bci jdk/internal/net/http/Http1Response <init> (Ljdk/internal/net/http/HttpConnection;Ljdk/internal/net/http/Http1Exchange;Ljdk/internal/net/http/Http1AsyncReceiver;)V 13 <appendix> member <vmtarget> ; # jdk/internal/net/http/Http1Response$$Lambda+0x000001c99d4a48f8
instanceKlass jdk/internal/net/http/Http1Response$Receiver
instanceKlass jdk/internal/net/http/Http1AsyncReceiver$Http1AsyncDelegate
instanceKlass jdk/internal/net/http/Http1Response
instanceKlass  @bci jdk/internal/net/http/Exchange responseAsyncImpl0 (Ljdk/internal/net/http/HttpConnection;)Ljava/util/concurrent/CompletableFuture; 70 <appendix> member <vmtarget> ; # jdk/internal/net/http/Exchange$$Lambda+0x000001c99d4a3660
instanceKlass  @bci jdk/internal/net/http/Exchange establishExchange (Ljdk/internal/net/http/HttpConnection;)Ljava/util/concurrent/CompletableFuture; 152 <appendix> member <vmtarget> ; # jdk/internal/net/http/Exchange$$Lambda+0x000001c99d4a3418
instanceKlass  @bci jdk/internal/net/http/Exchange establishExchange (Ljdk/internal/net/http/HttpConnection;)Ljava/util/concurrent/CompletableFuture; 135 <appendix> member <vmtarget> ; # jdk/internal/net/http/Exchange$$Lambda+0x000001c99d4a31e0
instanceKlass  @bci jdk/internal/net/http/ExchangeImpl get (Ljdk/internal/net/http/Exchange;Ljdk/internal/net/http/HttpConnection;)Ljava/util/concurrent/CompletableFuture; 95 <appendix> argL0 ; # jdk/internal/net/http/ExchangeImpl$$Lambda+0x000001c99d4a2fa0
instanceKlass  @bci jdk/internal/net/http/ExchangeImpl createExchangeImpl (Ljdk/internal/net/http/Http2Connection;Ljava/lang/Throwable;Ljdk/internal/net/http/Exchange;Ljdk/internal/net/http/HttpConnection;)Ljava/util/concurrent/CompletableFuture; 234 <appendix> member <vmtarget> ; # jdk/internal/net/http/ExchangeImpl$$Lambda+0x000001c99d4a2d58
instanceKlass jdk/internal/net/http/Http1AsyncReceiver$Http1TubeSubscriber
instanceKlass  @bci jdk/internal/net/http/Http1AsyncReceiver <init> (Ljava/util/concurrent/Executor;Ljdk/internal/net/http/Http1Exchange;)V 33 <appendix> member <vmtarget> ; # jdk/internal/net/http/Http1AsyncReceiver$$Lambda+0x000001c99d4a28a8
instanceKlass  @bci jdk/internal/net/http/Http1AsyncReceiver <init> (Ljava/util/concurrent/Executor;Ljdk/internal/net/http/Http1Exchange;)V 6 <appendix> member <vmtarget> ; # jdk/internal/net/http/Http1AsyncReceiver$$Lambda+0x000001c99d4a2680
instanceKlass jdk/internal/net/http/AbstractSubscription
instanceKlass jdk/internal/net/http/Http1AsyncReceiver
instanceKlass  @bci jdk/internal/net/http/Http1Request <init> (Ljdk/internal/net/http/HttpRequestImpl;Ljdk/internal/net/http/Http1Exchange;)V 6 <appendix> member <vmtarget> ; # jdk/internal/net/http/Http1Request$$Lambda+0x000001c99d4a1d60
instanceKlass  @bci jdk/internal/net/http/Http1Request <clinit> ()V 0 <appendix> argL0 ; # jdk/internal/net/http/Http1Request$$Lambda+0x000001c99d4a1b10
instanceKlass jdk/internal/net/http/Http1Exchange$Http1RequestBodySubscriber
instanceKlass jdk/internal/net/http/Http1Request
instanceKlass  @bci jdk/internal/net/http/SocketTube$InternalWriteSubscriber <init> (Ljdk/internal/net/http/SocketTube;)V 21 <appendix> member <vmtarget> ; # jdk/internal/net/http/SocketTube$InternalWriteSubscriber$$Lambda+0x000001c99d4a0f78
instanceKlass  @bci jdk/internal/net/http/SocketTube$InternalWriteSubscriber <init> (Ljdk/internal/net/http/SocketTube;)V 15 <appendix> member <vmtarget> ; # jdk/internal/net/http/SocketTube$InternalWriteSubscriber$$Lambda+0x000001c99d4a0d40
instanceKlass jdk/internal/net/http/SocketTube$InternalWriteSubscriber
instanceKlass  @bci jdk/internal/net/http/SocketTube$InternalReadPublisher$InternalReadSubscription <init> (Ljdk/internal/net/http/SocketTube$InternalReadPublisher;)V 56 <appendix> member <vmtarget> ; # jdk/internal/net/http/SocketTube$InternalReadPublisher$InternalReadSubscription$$Lambda+0x000001c99d4a0688
instanceKlass  @bci jdk/internal/net/http/SocketTube$InternalReadPublisher$InternalReadSubscription <init> (Ljdk/internal/net/http/SocketTube$InternalReadPublisher;)V 50 <appendix> member <vmtarget> ; # jdk/internal/net/http/SocketTube$InternalReadPublisher$InternalReadSubscription$$Lambda+0x000001c99d4a0450
instanceKlass  @bci jdk/internal/net/http/SocketTube$InternalReadPublisher$InternalReadSubscription <init> (Ljdk/internal/net/http/SocketTube$InternalReadPublisher;)V 30 <appendix> member <vmtarget> ; # jdk/internal/net/http/SocketTube$InternalReadPublisher$InternalReadSubscription$$Lambda+0x000001c99d4a0228
instanceKlass jdk/internal/net/http/SocketTube$SocketFlowTask
instanceKlass jdk/internal/net/http/SocketTube$InternalReadPublisher$InternalReadSubscription
instanceKlass jdk/internal/net/http/SocketTube$InternalReadPublisher
instanceKlass jdk/internal/net/http/SocketTube$SliceBufferSource
instanceKlass jdk/internal/net/http/SocketTube$BufferSource
instanceKlass  @bci jdk/internal/net/http/SocketTube <init> (Ljdk/internal/net/http/HttpClientImpl;Ljava/nio/channels/SocketChannel;Ljava/util/function/Supplier;)V 6 <appendix> member <vmtarget> ; # jdk/internal/net/http/SocketTube$$Lambda+0x000001c99d49b000
instanceKlass  @bci jdk/internal/net/http/PlainHttpConnection <init> (Ljava/net/InetSocketAddress;Ljdk/internal/net/http/HttpClientImpl;)V 243 <appendix> argL0 ; # jdk/internal/net/http/PlainHttpConnection$$Lambda+0x000001c99d49fd50
instanceKlass jdk/internal/net/http/SocketTube
instanceKlass sun/nio/ch/SocketChannelImpl$DefaultOptionsHolder
instanceKlass  @bci jdk/internal/net/http/HttpConnection$PlainHttpPublisher <init> (Ljdk/internal/net/http/HttpConnection;Ljava/lang/Object;)V 37 <appendix> member <vmtarget> ; # jdk/internal/net/http/HttpConnection$PlainHttpPublisher$$Lambda+0x000001c99d49f630
instanceKlass jdk/internal/net/http/HttpConnection$PlainHttpPublisher
instanceKlass jdk/internal/net/http/HttpConnection$TrailingOperations
instanceKlass  @bci jdk/internal/net/http/HttpConnection <init> (Ljava/net/InetSocketAddress;Ljdk/internal/net/http/HttpClientImpl;)V 6 <appendix> member <vmtarget> ; # jdk/internal/net/http/HttpConnection$$Lambda+0x000001c99d49ef98
instanceKlass jdk/internal/net/http/AsyncEvent
instanceKlass jdk/internal/net/http/common/FlowTube
instanceKlass jdk/internal/net/http/HttpConnection$HttpPublisher
instanceKlass jdk/internal/net/http/ConnectionPool$CacheKey
instanceKlass jdk/internal/net/http/common/SequentialScheduler$SchedulableTask
instanceKlass jdk/internal/net/http/common/SequentialScheduler$CompleteRestartableTask
instanceKlass jdk/internal/net/http/common/SequentialScheduler$RestartableTask
instanceKlass jdk/internal/net/http/common/SequentialScheduler$DeferredCompleter
instanceKlass jdk/internal/net/http/common/SequentialScheduler
instanceKlass jdk/internal/net/http/Http1Exchange$Http1Publisher$WriteTask
instanceKlass jdk/internal/net/http/common/Demand
instanceKlass jdk/internal/net/http/Http1Exchange$Http1Publisher$Http1WriteSubscription
instanceKlass  @bci jdk/internal/net/http/Http1Exchange$Http1Publisher <init> (Ljdk/internal/net/http/Http1Exchange;)V 11 <appendix> member <vmtarget> ; # jdk/internal/net/http/Http1Exchange$Http1Publisher$$Lambda+0x000001c99d49c748
instanceKlass jdk/internal/net/http/Http1Exchange$Http1Publisher
instanceKlass  @bci jdk/internal/net/http/Http1Exchange <init> (Ljdk/internal/net/http/Exchange;Ljdk/internal/net/http/HttpConnection;)V 7 <appendix> member <vmtarget> ; # jdk/internal/net/http/Http1Exchange$$Lambda+0x000001c99d49c2e8
instanceKlass  @bci jdk/internal/net/http/ExchangeImpl get (Ljdk/internal/net/http/Exchange;Ljdk/internal/net/http/HttpConnection;)Ljava/util/concurrent/CompletableFuture; 83 <appendix> member <vmtarget> ; # jdk/internal/net/http/ExchangeImpl$$Lambda+0x000001c99d494a28
instanceKlass  @bci jdk/internal/net/http/Http2Connection keyString (ZLjava/net/InetSocketAddress;Ljava/lang/String;I)Ljava/lang/String; 79 <appendix> form vmentry <vmtarget> ; # java/lang/invoke/LambdaForm$MH+0x000001c99d49ac00
# instanceKlass java/lang/invoke/LambdaForm$MH+0x000001c99d49a800
instanceKlass  @bci jdk/internal/net/http/Http2Connection keyString (ZLjava/net/InetSocketAddress;Ljava/lang/String;I)Ljava/lang/String; 79 <appendix> form names 8 function resolvedHandle form vmentry <vmtarget> ; # java/lang/invoke/LambdaForm$DMH+0x000001c99d49a400
instanceKlass  @bci jdk/internal/net/http/Http2Connection keyString (ZLjava/net/InetSocketAddress;Ljava/lang/String;I)Ljava/lang/String; 79 <appendix> argL3 form vmentry <vmtarget> ; # java/lang/invoke/LambdaForm$MH+0x000001c99d49a000
# instanceKlass java/lang/invoke/LambdaForm$MH+0x000001c99d499c00
# instanceKlass java/lang/invoke/LambdaForm$MH+0x000001c99d499800
# instanceKlass java/lang/invoke/LambdaForm$MH+0x000001c99d499400
# instanceKlass java/lang/invoke/LambdaForm$MH+0x000001c99d499000
instanceKlass  @bci jdk/internal/net/http/Http2Connection keyString (ZLjava/net/InetSocketAddress;Ljava/lang/String;I)Ljava/lang/String; 79 <appendix> form names 12 function resolvedHandle form vmentry <vmtarget> ; # java/lang/invoke/LambdaForm$DMH+0x000001c99d498c00
instanceKlass  @bci jdk/internal/net/http/Http2Connection keyString (ZLjava/net/InetSocketAddress;Ljava/lang/String;I)Ljava/lang/String; 79 <appendix> argL1 form vmentry <vmtarget> ; # java/lang/invoke/LambdaForm$MH+0x000001c99d498800
# instanceKlass java/lang/invoke/LambdaForm$MH+0x000001c99d498400
# instanceKlass java/lang/invoke/LambdaForm$MH+0x000001c99d498000
# instanceKlass java/lang/invoke/LambdaForm$MH+0x000001c99d494400
instanceKlass  @bci jdk/internal/net/http/HttpRequestImpl getAddress ()Ljava/net/InetSocketAddress; 64 <appendix> member <vmtarget> ; # jdk/internal/net/http/HttpRequestImpl$$Lambda+0x000001c99d494800
instanceKlass  @bci jdk/internal/net/http/Http2Connection <clinit> ()V 19 <appendix> member <vmtarget> ; # jdk/internal/net/http/Http2Connection$$Lambda+0x000001c99d495c58
instanceKlass jdk/internal/net/http/frame/Http2Frame
instanceKlass jdk/internal/net/http/hpack/DecodingCallback
instanceKlass jdk/internal/net/http/Http2Connection
instanceKlass  @bci jdk/internal/net/http/ExchangeImpl <clinit> ()V 2 <appendix> member <vmtarget> ; # jdk/internal/net/http/ExchangeImpl$$Lambda+0x000001c99d493dd0
instanceKlass  @bci jdk/internal/net/http/Exchange responseAsyncImpl0 (Ljdk/internal/net/http/HttpConnection;)Ljava/util/concurrent/CompletableFuture; 57 <appendix> member <vmtarget> ; # jdk/internal/net/http/Exchange$$Lambda+0x000001c99d496000
instanceKlass  @bci jdk/internal/net/http/Exchange responseAsyncImpl0 (Ljdk/internal/net/http/HttpConnection;)Ljava/util/concurrent/CompletableFuture; 49 <appendix> member <vmtarget> ; # jdk/internal/net/http/Exchange$$Lambda+0x000001c99d493b88
instanceKlass java/util/LinkedList$ListItr
instanceKlass jdk/internal/net/http/AuthenticationFilter$Cache
instanceKlass java/time/Instant$1
instanceKlass  @bci jdk/internal/net/http/ResponseTimerEvent <clinit> ()V 2 <appendix> member <vmtarget> ; # jdk/internal/net/http/ResponseTimerEvent$$Lambda+0x000001c99d493750
instanceKlass  @bci jdk/internal/net/http/MultiExchange responseAsync (Ljava/util/concurrent/Executor;)Ljava/util/concurrent/CompletableFuture; 23 <appendix> argL0 ; # jdk/internal/net/http/MultiExchange$$Lambda+0x000001c99d493530
instanceKlass  @bci jdk/internal/net/http/MultiExchange responseAsync0 (Ljava/util/concurrent/CompletableFuture;)Ljava/util/concurrent/CompletableFuture; 20 <appendix> member <vmtarget> ; # jdk/internal/net/http/MultiExchange$$Lambda+0x000001c99d4932e8
instanceKlass  @bci jdk/internal/net/http/MultiExchange responseAsync0 (Ljava/util/concurrent/CompletableFuture;)Ljava/util/concurrent/CompletableFuture; 11 <appendix> member <vmtarget> ; # jdk/internal/net/http/MultiExchange$$Lambda+0x000001c99d4930a0
instanceKlass jdk/internal/net/http/Response
instanceKlass  @bci jdk/internal/net/http/MultiExchange responseAsync0 (Ljava/util/concurrent/CompletableFuture;)Ljava/util/concurrent/CompletableFuture; 2 <appendix> member <vmtarget> ; # jdk/internal/net/http/MultiExchange$$Lambda+0x000001c99d492c20
instanceKlass jdk/internal/net/http/MultiExchange$CancelableRef
instanceKlass jdk/internal/net/http/Exchange$ConnectionAborter
instanceKlass  @bci jdk/internal/net/http/Exchange <init> (Ljdk/internal/net/http/HttpRequestImpl;Ljdk/internal/net/http/MultiExchange;)V 6 <appendix> member <vmtarget> ; # jdk/internal/net/http/Exchange$$Lambda+0x000001c99d4925c0
instanceKlass jdk/internal/net/http/ExchangeImpl
instanceKlass jdk/internal/net/http/Exchange
instanceKlass  @bci jdk/internal/net/http/MultiExchange <init> (Ljava/net/http/HttpRequest;Ljdk/internal/net/http/HttpRequestImpl;Ljdk/internal/net/http/HttpClientImpl;Ljava/net/http/HttpResponse$BodyHandler;Ljava/net/http/HttpResponse$PushPromiseHandler;Ljava/security/AccessControlContext;)V 168 <appendix> argL0 ; # jdk/internal/net/http/MultiExchange$$Lambda+0x000001c99d491ab8
instanceKlass jdk/internal/net/http/MultiExchange$ConnectTimeoutTracker
instanceKlass java/util/Base64$Encoder
instanceKlass java/util/Base64
instanceKlass  @bci jdk/internal/net/http/MultiExchange <clinit> ()V 19 <appendix> member <vmtarget> ; # jdk/internal/net/http/MultiExchange$$Lambda+0x000001c99d491680
instanceKlass jdk/internal/net/http/TimeoutEvent
instanceKlass jdk/internal/net/http/MultiExchange
instanceKlass jdk/internal/net/http/common/Cancelable
instanceKlass java/util/AbstractList$RandomAccessSpliterator
instanceKlass  @bci jdk/internal/net/http/HttpRequestImpl userAgent ()Ljava/lang/String; 0 <appendix> argL0 ; # jdk/internal/net/http/HttpRequestImpl$$Lambda+0x000001c99d490d58
instanceKlass  @bci java/net/http/HttpHeaders lambda$headersOf$1 (Ljava/util/function/BiPredicate;Ljava/util/ArrayList;Ljava/util/TreeMap;Ljava/util/TreeSet;Ljava/lang/String;Ljava/util/List;)V 47 <appendix> member <vmtarget> ; # java/net/http/HttpHeaders$$Lambda+0x000001c99d490b20
instanceKlass  @bci java/net/http/HttpHeaders headersOf (Ljava/util/Map;Ljava/util/function/BiPredicate;)Ljava/net/http/HttpHeaders; 37 <appendix> member <vmtarget> ; # java/net/http/HttpHeaders$$Lambda+0x000001c99d4908e8
instanceKlass  @cpi java/net/http/HttpHeaders 301 form vmentry <vmtarget> ; # java/lang/invoke/LambdaForm$DMH+0x000001c99d494000
instanceKlass java/net/http/HttpHeaders
instanceKlass  @bci jdk/internal/net/http/common/HttpHeadersBuilder addHeader (Ljava/lang/String;Ljava/lang/String;)V 5 <appendix> argL0 ; # jdk/internal/net/http/common/HttpHeadersBuilder$$Lambda+0x000001c99d490498
instanceKlass  @bci org/openqa/selenium/remote/http/HttpMessage lambda$forEachHeader$1 (Ljava/util/function/BiConsumer;Ljava/lang/String;Ljava/util/List;)V 3 <appendix> member <vmtarget> ; # org/openqa/selenium/remote/http/HttpMessage$$Lambda+0x000001c99d48a808
instanceKlass  @bci org/openqa/selenium/remote/http/HttpMessage forEachHeader (Ljava/util/function/BiConsumer;)V 5 <appendix> member <vmtarget> ; # org/openqa/selenium/remote/http/HttpMessage$$Lambda+0x000001c99d48a5d0
instanceKlass  @bci org/openqa/selenium/remote/http/jdk/JdkHttpMessages createRequest (Lorg/openqa/selenium/remote/http/HttpRequest;Lorg/openqa/selenium/remote/http/HttpMethod;Ljava/net/URI;)Ljava/net/http/HttpRequest; 201 <appendix> member <vmtarget> ; # org/openqa/selenium/remote/http/jdk/JdkHttpMessages$$Lambda+0x000001c99d48a398
instanceKlass sun/invoke/util/VerifyAccess$1
instanceKlass jdk/internal/net/http/RequestPublishers$PublisherAdapter
instanceKlass jdk/internal/net/http/RequestPublishers$InputStreamPublisher
instanceKlass java/net/http/HttpRequest$BodyPublisher
instanceKlass java/net/http/HttpRequest$BodyPublishers
instanceKlass org/openqa/selenium/remote/http/jdk/JdkHttpMessages$1
instanceKlass jdk/internal/net/http/common/HttpHeadersBuilder
instanceKlass java/util/concurrent/RunnableScheduledFuture
instanceKlass java/util/concurrent/ScheduledFuture
instanceKlass java/util/concurrent/Delayed
instanceKlass jdk/internal/net/http/HttpRequestBuilderImpl
instanceKlass java/util/concurrent/CompletableFuture$Delayer$DaemonThreadFactory
instanceKlass java/net/http/HttpRequest$Builder
instanceKlass  @bci org/openqa/selenium/remote/http/jdk/JdkHttpMessages createRequest (Lorg/openqa/selenium/remote/http/HttpRequest;Lorg/openqa/selenium/remote/http/HttpMethod;Ljava/net/URI;)Ljava/net/http/HttpRequest; 20 <appendix> member <vmtarget> ; # org/openqa/selenium/remote/http/jdk/JdkHttpMessages$$Lambda+0x000001c99d489f48
instanceKlass java/util/concurrent/CompletableFuture$Delayer
instanceKlass java/util/concurrent/CompletableFuture$Timeout
instanceKlass  @bci java/net/http/HttpResponse$BodyHandlers ofInputStream ()Ljava/net/http/HttpResponse$BodyHandler; 0 <appendix> argL0 ; # java/net/http/HttpResponse$BodyHandlers$$Lambda+0x000001c99d48f000
instanceKlass java/util/concurrent/CompletableFuture$Canceller
instanceKlass java/net/http/HttpResponse
instanceKlass java/net/http/HttpResponse$ResponseInfo
instanceKlass java/net/http/HttpResponse$BodyHandler
instanceKlass java/net/http/HttpResponse$BodyHandlers
instanceKlass  @bci org/openqa/selenium/remote/http/AddSeleniumUserAgent apply (Lorg/openqa/selenium/remote/http/HttpHandler;)Lorg/openqa/selenium/remote/http/HttpHandler; 1 <appendix> member <vmtarget> ; # org/openqa/selenium/remote/http/AddSeleniumUserAgent$$Lambda+0x000001c99d489d10
instanceKlass  @bci org/openqa/selenium/remote/http/jdk/JdkHttpClient executeAsync (Lorg/openqa/selenium/remote/http/HttpRequest;)Ljava/util/concurrent/CompletableFuture; 28 <appendix> member <vmtarget> ; # org/openqa/selenium/remote/http/jdk/JdkHttpClient$$Lambda+0x000001c99d489ad8
instanceKlass  @bci jdk/internal/net/http/Http1Request hostString ()Ljava/lang/String; 78 <appendix> form vmentry <vmtarget> ; # java/lang/invoke/LambdaForm$MH+0x000001c99d48e800
# instanceKlass java/lang/invoke/LambdaForm$MH+0x000001c99d48e400
instanceKlass  @bci jdk/internal/net/http/Http1Request hostString ()Ljava/lang/String; 78 <appendix> argL3 form vmentry <vmtarget> ; # java/lang/invoke/LambdaForm$MH+0x000001c99d48e000
# instanceKlass java/lang/invoke/LambdaForm$MH+0x000001c99d48dc00
# instanceKlass java/lang/invoke/LambdaForm$MH+0x000001c99d48d800
# instanceKlass java/lang/invoke/LambdaForm$MH+0x000001c99d48d400
# instanceKlass java/lang/invoke/LambdaForm$MH+0x000001c99d48d000
instanceKlass  @bci jdk/internal/net/http/Http1Request hostString ()Ljava/lang/String; 78 <appendix> argL1 form vmentry <vmtarget> ; # java/lang/invoke/LambdaForm$MH+0x000001c99d48cc00
# instanceKlass java/lang/invoke/LambdaForm$MH+0x000001c99d48c800
# instanceKlass java/lang/invoke/LambdaForm$MH+0x000001c99d48c400
# instanceKlass java/lang/invoke/LambdaForm$MH+0x000001c99d48c000
instanceKlass java/util/concurrent/Executors$RunnableAdapter
instanceKlass  @bci org/openqa/selenium/remote/http/jdk/JdkHttpClient executeAsync (Lorg/openqa/selenium/remote/http/HttpRequest;)Ljava/util/concurrent/CompletableFuture; 15 <appendix> member <vmtarget> ; # org/openqa/selenium/remote/http/jdk/JdkHttpClient$$Lambda+0x000001c99d4898b0
instanceKlass  @bci org/openqa/selenium/remote/http/HttpMessage addHeader (Ljava/lang/String;Ljava/lang/String;)Lorg/openqa/selenium/remote/http/HttpMessage; 13 <appendix> argL0 ; # org/openqa/selenium/remote/http/HttpMessage$$Lambda+0x000001c99d489670
instanceKlass  @bci java/util/stream/SortedOps$RefSortingSink end ()V 48 <appendix> member <vmtarget> ; # java/util/stream/SortedOps$RefSortingSink$$Lambda+0x000001c99d4687c8
instanceKlass  @bci org/openqa/selenium/remote/NewSessionPayload lambda$validate$4 (Ljava/util/Map;)V 21 <appendix> argL0 ; # org/openqa/selenium/remote/NewSessionPayload$$Lambda+0x000001c99d4891e8
instanceKlass  @bci org/openqa/selenium/remote/NewSessionPayload lambda$validate$4 (Ljava/util/Map;)V 11 <appendix> argL0 ; # org/openqa/selenium/remote/NewSessionPayload$$Lambda+0x000001c99d488f98
instanceKlass  @bci org/openqa/selenium/remote/NewSessionPayload lambda$validate$1 (Ljava/util/Map;Ljava/util/Map;)V 16 <appendix> member <vmtarget> ; # org/openqa/selenium/remote/NewSessionPayload$$Lambda+0x000001c99d488d40
instanceKlass java/util/AbstractMap$1$1
instanceKlass  @bci org/openqa/selenium/remote/NewSessionPayload validate ()V 98 <appendix> argL0 ; # org/openqa/selenium/remote/NewSessionPayload$$Lambda+0x000001c99d488b10
instanceKlass  @bci org/openqa/selenium/remote/NewSessionPayload validate ()V 88 <appendix> argL0 ; # org/openqa/selenium/remote/NewSessionPayload$$Lambda+0x000001c99d4888e0
instanceKlass  @bci org/openqa/selenium/remote/NewSessionPayload validate ()V 78 <appendix> argL0 ; # org/openqa/selenium/remote/NewSessionPayload$$Lambda+0x000001c99d4886b0
instanceKlass  @bci org/openqa/selenium/remote/NewSessionPayload validate ()V 68 <appendix> member <vmtarget> ; # org/openqa/selenium/remote/NewSessionPayload$$Lambda+0x000001c99d488468
instanceKlass  @bci org/openqa/selenium/remote/NewSessionPayload validate ()V 57 <appendix> member <vmtarget> ; # org/openqa/selenium/remote/NewSessionPayload$$Lambda+0x000001c99d488230
instanceKlass  @bci org/openqa/selenium/json/BooleanCoercer apply (Ljava/lang/reflect/Type;)Ljava/util/function/BiFunction; 0 <appendix> argL0 ; # org/openqa/selenium/json/BooleanCoercer$$Lambda+0x000001c99d488000
instanceKlass org/openqa/selenium/json/ObjectCoercer$1
instanceKlass  @bci org/openqa/selenium/json/ObjectCoercer apply (Ljava/lang/reflect/Type;)Ljava/util/function/BiFunction; 1 <appendix> member <vmtarget> ; # org/openqa/selenium/json/ObjectCoercer$$Lambda+0x000001c99d483d08
instanceKlass  @bci org/openqa/selenium/json/MapCoercer lambda$apply$1 (Ljava/lang/reflect/Type;Ljava/lang/reflect/Type;Lorg/openqa/selenium/json/JsonInput;Lorg/openqa/selenium/json/PropertySetting;)Ljava/lang/Object; 20 <appendix> member <vmtarget> ; # org/openqa/selenium/json/MapCoercer$$Lambda+0x000001c99d483ac0
instanceKlass  @bci org/openqa/selenium/json/MapCoercer apply (Ljava/lang/reflect/Type;)Ljava/util/function/BiFunction; 77 <appendix> member <vmtarget> ; # org/openqa/selenium/json/MapCoercer$$Lambda+0x000001c99d483888
instanceKlass  @bci org/openqa/selenium/json/JsonInput nextBoolean ()Z 27 <appendix> argL0 ; # org/openqa/selenium/json/JsonInput$$Lambda+0x000001c99d483648
instanceKlass org/openqa/selenium/json/JsonInput$1
instanceKlass org/openqa/selenium/remote/http/BytesContentSupplier
instanceKlass  @bci org/openqa/selenium/json/JsonOutput lambda$new$23 (Ljava/lang/Object;II)V 46 <appendix> member <vmtarget> ; # org/openqa/selenium/json/JsonOutput$$Lambda+0x000001c99d482f60
instanceKlass  @cpi org/openqa/selenium/json/JsonOutput 848 form vmentry <vmtarget> ; # java/lang/invoke/LambdaForm$DMH+0x000001c99d481800
instanceKlass  @bci org/openqa/selenium/json/JsonOutput lambda$new$23 (Ljava/lang/Object;II)V 33 <appendix> argL0 ; # org/openqa/selenium/json/JsonOutput$$Lambda+0x000001c99d482d10
instanceKlass  @bci org/openqa/selenium/json/JsonOutput asString (Ljava/lang/Object;)Ljava/lang/String; 19 <appendix> member <vmtarget> ; # org/openqa/selenium/json/JsonOutput$$Lambda+0x000001c99d4828c0
instanceKlass  @cpi org/openqa/selenium/json/JsonOutput 825 form vmentry <vmtarget> ; # java/lang/invoke/LambdaForm$DMH+0x000001c99d481400
instanceKlass  @bci org/openqa/selenium/json/JsonOutput lambda$new$23 (Ljava/lang/Object;II)V 46 <adapter> ; # java/lang/invoke/LambdaForm$MH+0x000001c99d481000
# instanceKlass java/lang/invoke/LambdaForm$DMH+0x000001c99d480c00
instanceKlass  @bci org/openqa/selenium/json/JsonOutput lambda$new$23 (Ljava/lang/Object;II)V 46 <appendix> form vmentry <vmtarget> ; # java/lang/invoke/LambdaForm$DMH+0x000001c99d480800
instanceKlass  @bci org/openqa/selenium/json/JsonOutput lambda$new$25 (Ljava/lang/Object;II)V 31 <appendix> member <vmtarget> ; # org/openqa/selenium/json/JsonOutput$$Lambda+0x000001c99d482688
instanceKlass  @cpi org/openqa/selenium/json/JsonOutput 842 form vmentry <vmtarget> ; # java/lang/invoke/LambdaForm$DMH+0x000001c99d480400
instanceKlass  @bci org/openqa/selenium/json/JsonOutput write0 (Ljava/lang/Object;II)Lorg/openqa/selenium/json/JsonOutput; 39 <appendix> member <vmtarget> ; # org/openqa/selenium/json/JsonOutput$$Lambda+0x000001c99d482240
instanceKlass  @bci org/openqa/selenium/json/JsonOutput write0 (Ljava/lang/Object;II)Lorg/openqa/selenium/json/JsonOutput; 30 <appendix> argL0 ; # org/openqa/selenium/json/JsonOutput$$Lambda+0x000001c99d482000
instanceKlass  @bci org/openqa/selenium/json/JsonOutput write0 (Ljava/lang/Object;II)Lorg/openqa/selenium/json/JsonOutput; 15 <appendix> member <vmtarget> ; # org/openqa/selenium/json/JsonOutput$$Lambda+0x000001c99d487c98
instanceKlass  @bci org/openqa/selenium/json/JsonOutput <init> (Ljava/lang/Appendable;)V 552 <appendix> member <vmtarget> ; # org/openqa/selenium/json/JsonOutput$$Lambda+0x000001c99d487a70
instanceKlass  @bci org/openqa/selenium/json/JsonOutput <init> (Ljava/lang/Appendable;)V 546 <appendix> argL0 ; # org/openqa/selenium/json/JsonOutput$$Lambda+0x000001c99d487820
instanceKlass  @bci org/openqa/selenium/json/JsonOutput <init> (Ljava/lang/Appendable;)V 534 <appendix> member <vmtarget> ; # org/openqa/selenium/json/JsonOutput$$Lambda+0x000001c99d4875f8
instanceKlass  @bci org/openqa/selenium/json/JsonOutput <init> (Ljava/lang/Appendable;)V 528 <appendix> member <vmtarget> ; # org/openqa/selenium/json/JsonOutput$$Lambda+0x000001c99d4873a0
instanceKlass  @bci org/openqa/selenium/json/JsonOutput <init> (Ljava/lang/Appendable;)V 509 <appendix> member <vmtarget> ; # org/openqa/selenium/json/JsonOutput$$Lambda+0x000001c99d487178
instanceKlass  @bci org/openqa/selenium/json/JsonOutput <init> (Ljava/lang/Appendable;)V 503 <appendix> argL0 ; # org/openqa/selenium/json/JsonOutput$$Lambda+0x000001c99d486f28
instanceKlass  @bci org/openqa/selenium/json/JsonOutput <init> (Ljava/lang/Appendable;)V 491 <appendix> member <vmtarget> ; # org/openqa/selenium/json/JsonOutput$$Lambda+0x000001c99d486d00
instanceKlass  @bci org/openqa/selenium/json/JsonOutput <init> (Ljava/lang/Appendable;)V 485 <appendix> member <vmtarget> ; # org/openqa/selenium/json/JsonOutput$$Lambda+0x000001c99d486aa8
instanceKlass  @bci org/openqa/selenium/json/JsonOutput <init> (Ljava/lang/Appendable;)V 466 <appendix> member <vmtarget> ; # org/openqa/selenium/json/JsonOutput$$Lambda+0x000001c99d486880
instanceKlass  @bci org/openqa/selenium/json/JsonOutput <init> (Ljava/lang/Appendable;)V 460 <appendix> member <vmtarget> ; # org/openqa/selenium/json/JsonOutput$$Lambda+0x000001c99d486628
instanceKlass  @bci org/openqa/selenium/json/JsonOutput <init> (Ljava/lang/Appendable;)V 441 <appendix> member <vmtarget> ; # org/openqa/selenium/json/JsonOutput$$Lambda+0x000001c99d486400
instanceKlass  @bci org/openqa/selenium/json/JsonOutput <init> (Ljava/lang/Appendable;)V 435 <appendix> member <vmtarget> ; # org/openqa/selenium/json/JsonOutput$$Lambda+0x000001c99d4861a8
instanceKlass  @bci org/openqa/selenium/json/JsonOutput <init> (Ljava/lang/Appendable;)V 422 <appendix> member <vmtarget> ; # org/openqa/selenium/json/JsonOutput$$Lambda+0x000001c99d485f80
instanceKlass  @bci org/openqa/selenium/json/JsonOutput <init> (Ljava/lang/Appendable;)V 416 <appendix> member <vmtarget> ; # org/openqa/selenium/json/JsonOutput$$Lambda+0x000001c99d485d28
instanceKlass  @bci org/openqa/selenium/json/JsonOutput <init> (Ljava/lang/Appendable;)V 403 <appendix> member <vmtarget> ; # org/openqa/selenium/json/JsonOutput$$Lambda+0x000001c99d485b00
instanceKlass  @bci org/openqa/selenium/json/JsonOutput <init> (Ljava/lang/Appendable;)V 397 <appendix> member <vmtarget> ; # org/openqa/selenium/json/JsonOutput$$Lambda+0x000001c99d4858a8
instanceKlass  @bci org/openqa/selenium/json/JsonOutput <init> (Ljava/lang/Appendable;)V 384 <appendix> member <vmtarget> ; # org/openqa/selenium/json/JsonOutput$$Lambda+0x000001c99d485680
instanceKlass  @bci org/openqa/selenium/json/JsonOutput <init> (Ljava/lang/Appendable;)V 368 <appendix> member <vmtarget> ; # org/openqa/selenium/json/JsonOutput$$Lambda+0x000001c99d485458
instanceKlass  @bci org/openqa/selenium/json/JsonOutput <init> (Ljava/lang/Appendable;)V 362 <appendix> member <vmtarget> ; # org/openqa/selenium/json/JsonOutput$$Lambda+0x000001c99d485200
instanceKlass  @bci org/openqa/selenium/json/JsonOutput <init> (Ljava/lang/Appendable;)V 343 <appendix> member <vmtarget> ; # org/openqa/selenium/json/JsonOutput$$Lambda+0x000001c99d484fd8
instanceKlass  @bci org/openqa/selenium/json/JsonOutput <init> (Ljava/lang/Appendable;)V 337 <appendix> member <vmtarget> ; # org/openqa/selenium/json/JsonOutput$$Lambda+0x000001c99d484d80
instanceKlass  @bci org/openqa/selenium/json/JsonOutput <init> (Ljava/lang/Appendable;)V 318 <appendix> member <vmtarget> ; # org/openqa/selenium/json/JsonOutput$$Lambda+0x000001c99d484b58
instanceKlass  @bci org/openqa/selenium/json/JsonOutput <init> (Ljava/lang/Appendable;)V 312 <appendix> member <vmtarget> ; # org/openqa/selenium/json/JsonOutput$$Lambda+0x000001c99d484900
instanceKlass  @bci org/openqa/selenium/json/JsonOutput <init> (Ljava/lang/Appendable;)V 293 <appendix> member <vmtarget> ; # org/openqa/selenium/json/JsonOutput$$Lambda+0x000001c99d4846d8
instanceKlass  @bci org/openqa/selenium/json/JsonOutput <init> (Ljava/lang/Appendable;)V 287 <appendix> member <vmtarget> ; # org/openqa/selenium/json/JsonOutput$$Lambda+0x000001c99d484480
instanceKlass  @bci org/openqa/selenium/json/JsonOutput <init> (Ljava/lang/Appendable;)V 268 <appendix> member <vmtarget> ; # org/openqa/selenium/json/JsonOutput$$Lambda+0x000001c99d484258
instanceKlass  @bci org/openqa/selenium/json/JsonOutput <init> (Ljava/lang/Appendable;)V 262 <appendix> member <vmtarget> ; # org/openqa/selenium/json/JsonOutput$$Lambda+0x000001c99d484000
instanceKlass  @bci org/openqa/selenium/json/JsonOutput <init> (Ljava/lang/Appendable;)V 243 <appendix> member <vmtarget> ; # org/openqa/selenium/json/JsonOutput$$Lambda+0x000001c99d43fcb0
instanceKlass  @bci org/openqa/selenium/json/JsonOutput <init> (Ljava/lang/Appendable;)V 237 <appendix> member <vmtarget> ; # org/openqa/selenium/json/JsonOutput$$Lambda+0x000001c99d43fa58
instanceKlass  @bci org/openqa/selenium/json/JsonOutput <init> (Ljava/lang/Appendable;)V 218 <appendix> member <vmtarget> ; # org/openqa/selenium/json/JsonOutput$$Lambda+0x000001c99d43f830
instanceKlass  @bci org/openqa/selenium/json/JsonOutput <init> (Ljava/lang/Appendable;)V 212 <appendix> member <vmtarget> ; # org/openqa/selenium/json/JsonOutput$$Lambda+0x000001c99d43f5d8
instanceKlass  @bci org/openqa/selenium/json/JsonOutput <init> (Ljava/lang/Appendable;)V 193 <appendix> member <vmtarget> ; # org/openqa/selenium/json/JsonOutput$$Lambda+0x000001c99d43f3b0
instanceKlass  @bci org/openqa/selenium/json/JsonOutput <init> (Ljava/lang/Appendable;)V 187 <appendix> member <vmtarget> ; # org/openqa/selenium/json/JsonOutput$$Lambda+0x000001c99d43f158
instanceKlass  @bci org/openqa/selenium/json/JsonOutput <init> (Ljava/lang/Appendable;)V 168 <appendix> member <vmtarget> ; # org/openqa/selenium/json/JsonOutput$$Lambda+0x000001c99d43ef30
instanceKlass  @bci org/openqa/selenium/json/JsonOutput <init> (Ljava/lang/Appendable;)V 162 <appendix> member <vmtarget> ; # org/openqa/selenium/json/JsonOutput$$Lambda+0x000001c99d43ecd8
instanceKlass  @bci org/openqa/selenium/json/JsonOutput <init> (Ljava/lang/Appendable;)V 143 <appendix> member <vmtarget> ; # org/openqa/selenium/json/JsonOutput$$Lambda+0x000001c99d43eab0
instanceKlass  @bci org/openqa/selenium/json/JsonOutput <init> (Ljava/lang/Appendable;)V 137 <appendix> member <vmtarget> ; # org/openqa/selenium/json/JsonOutput$$Lambda+0x000001c99d43e858
instanceKlass  @bci org/openqa/selenium/json/JsonOutput <init> (Ljava/lang/Appendable;)V 118 <appendix> member <vmtarget> ; # org/openqa/selenium/json/JsonOutput$$Lambda+0x000001c99d43e630
instanceKlass  @bci org/openqa/selenium/json/JsonOutput <init> (Ljava/lang/Appendable;)V 112 <appendix> member <vmtarget> ; # org/openqa/selenium/json/JsonOutput$$Lambda+0x000001c99d43e3d8
instanceKlass  @bci org/openqa/selenium/json/JsonOutput <init> (Ljava/lang/Appendable;)V 93 <appendix> member <vmtarget> ; # org/openqa/selenium/json/JsonOutput$$Lambda+0x000001c99d43e1b0
instanceKlass  @cpi org/openqa/selenium/json/JsonOutput 707 form vmentry <vmtarget> ; # java/lang/invoke/LambdaForm$DMH+0x000001c99d480000
instanceKlass org/openqa/selenium/json/JsonOutput$DepthAwareConsumer
instanceKlass  @bci org/openqa/selenium/json/JsonOutput <init> (Ljava/lang/Appendable;)V 87 <appendix> argL0 ; # org/openqa/selenium/json/JsonOutput$$Lambda+0x000001c99d43dd60
instanceKlass org/openqa/selenium/json/JsonOutput$Node
instanceKlass  @bci org/openqa/selenium/json/JsonOutput <init> (Ljava/lang/Appendable;)V 42 <appendix> member <vmtarget> ; # org/openqa/selenium/json/JsonOutput$$Lambda+0x000001c99d43d6f8
instanceKlass  @bci org/openqa/selenium/json/JsonOutput <clinit> ()V 24 <appendix> member <vmtarget> ; # org/openqa/selenium/json/JsonOutput$$Lambda+0x000001c99d43d4a0
instanceKlass org/openqa/selenium/json/JsonOutput
instanceKlass org/openqa/selenium/remote/http/Contents$Supplier
instanceKlass org/openqa/selenium/remote/http/Contents
instanceKlass  @bci org/openqa/selenium/remote/NewSessionPayload create (Ljava/util/Collection;)Lorg/openqa/selenium/remote/NewSessionPayload; 10 <appendix> argL0 ; # org/openqa/selenium/remote/NewSessionPayload$$Lambda+0x000001c99d43cbc8
instanceKlass java/util/Collections$2
instanceKlass org/openqa/selenium/remote/ResponseCodec
instanceKlass org/openqa/selenium/remote/CommandCodec
instanceKlass org/openqa/selenium/remote/NewSessionPayload
instanceKlass org/openqa/selenium/remote/ProtocolHandshake
instanceKlass sun/net/www/http/KeepAliveEntry
instanceKlass sun/net/www/http/KeepAliveCache$1
instanceKlass sun/net/www/http/KeepAliveStreamCleaner$2
instanceKlass sun/net/www/http/KeepAliveStreamCleaner$1
instanceKlass sun/net/www/http/Hurryable
instanceKlass sun/net/www/protocol/http/AuthCacheValue
instanceKlass sun/nio/ch/ExtendedSocketOption$1
instanceKlass sun/nio/ch/ExtendedSocketOption
instanceKlass sun/nio/ch/OptionKey
instanceKlass sun/nio/ch/SocketOptionRegistry$LazyInitialization
instanceKlass sun/nio/ch/SocketOptionRegistry$RegistryKey
instanceKlass sun/nio/ch/SocketOptionRegistry
instanceKlass java/net/StandardSocketOptions$StdSocketOption
instanceKlass java/net/StandardSocketOptions
instanceKlass sun/net/util/SocketExceptions
instanceKlass sun/net/www/http/HttpCapture$1
instanceKlass sun/net/www/http/HttpCapture
instanceKlass sun/net/www/http/KeepAliveKey
instanceKlass sun/net/NetworkClient$1
instanceKlass sun/net/NetworkClient
instanceKlass sun/net/www/protocol/http/HttpURLConnection$7
instanceKlass java/net/ResponseCache
instanceKlass sun/net/www/protocol/http/HttpURLConnection$3
instanceKlass java/net/CookieHandler
instanceKlass sun/net/www/protocol/http/HttpURLConnection$2
instanceKlass sun/net/util/ProxyUtil
instanceKlass  @bci sun/net/www/protocol/http/AuthCacheImpl getAuthCacheFor (Ljava/net/Authenticator;)Lsun/net/www/protocol/http/AuthCacheImpl; 4 <appendix> argL0 ; # sun/net/www/protocol/http/AuthCacheImpl$$Lambda+0x000001c99d3c3050
instanceKlass sun/net/www/protocol/http/AuthCacheImpl
instanceKlass sun/net/www/protocol/http/AuthCache
instanceKlass sun/util/logging/PlatformLogger
instanceKlass  @bci sun/net/www/protocol/http/HttpURLConnection getNetProperty (Ljava/lang/String;)Ljava/lang/String; 1 <appendix> member <vmtarget> ; # sun/net/www/protocol/http/HttpURLConnection$$Lambda+0x000001c99d460348
instanceKlass java/util/concurrent/FutureTask$WaitNode
instanceKlass java/util/concurrent/FutureTask
instanceKlass java/util/concurrent/RunnableFuture
instanceKlass  @bci org/openqa/selenium/net/UrlChecker waitUntilAvailable (JLjava/util/concurrent/TimeUnit;[Ljava/net/URL;)V 27 <appendix> member <vmtarget> ; # org/openqa/selenium/net/UrlChecker$$Lambda+0x000001c99d43b418
instanceKlass  @bci org/openqa/selenium/net/UrlChecker <clinit> ()V 22 <appendix> argL0 ; # org/openqa/selenium/net/UrlChecker$$Lambda+0x000001c99d43b1f8
instanceKlass org/openqa/selenium/net/UrlChecker
instanceKlass  @bci org/openqa/selenium/remote/service/DriverService start ()V 167 <appendix> member <vmtarget> ; # org/openqa/selenium/remote/service/DriverService$$Lambda+0x000001c99d43adb8
instanceKlass  @bci org/openqa/selenium/remote/service/DriverService start ()V 153 <appendix> member <vmtarget> ; # org/openqa/selenium/remote/service/DriverService$$Lambda+0x000001c99d43ab90
instanceKlass  @bci org/openqa/selenium/remote/service/DriverService start ()V 134 <appendix> member <vmtarget> ; # org/openqa/selenium/remote/service/DriverService$$Lambda+0x000001c99d43a710
instanceKlass org/openqa/selenium/remote/Command
instanceKlass org/openqa/selenium/remote/CommandPayload
instanceKlass org/openqa/selenium/remote/DriverCommand
instanceKlass  @bci org/openqa/selenium/remote/RemoteWebDriver checkNonW3CCapabilities (Lorg/openqa/selenium/Capabilities;)V 16 <appendix> argL0 ; # org/openqa/selenium/remote/RemoteWebDriver$$Lambda+0x000001c99d439a38
instanceKlass org/openqa/selenium/remote/RemoteLogs
instanceKlass org/openqa/selenium/remote/RemoteExecuteMethod
instanceKlass org/openqa/selenium/WrapsDriver
instanceKlass org/openqa/selenium/remote/JsonToWebElementConverter
instanceKlass java/util/logging/ErrorManager
instanceKlass org/openqa/selenium/remote/UselessFileDetector
instanceKlass  @bci org/openqa/selenium/remote/ErrorCodes <clinit> ()V 730 <appendix> argL0 ; # org/openqa/selenium/remote/ErrorCodes$$Lambda+0x000001c99d438cd0
instanceKlass org/openqa/selenium/remote/ErrorCodes$KnownError
instanceKlass org/openqa/selenium/remote/ErrorCodes
instanceKlass org/openqa/selenium/remote/ErrorHandler
instanceKlass java/nio/channels/spi/AbstractSelector$1
instanceKlass jdk/internal/net/http/common/Log
instanceKlass org/openqa/selenium/remote/ElementLocation
instanceKlass  @bci org/openqa/selenium/remote/service/DriverCommandExecutor <init> (Lorg/openqa/selenium/remote/service/DriverService;Ljava/util/Map;Lorg/openqa/selenium/remote/http/ClientConfig;)V 16 <appendix> argL0 ; # org/openqa/selenium/remote/service/DriverCommandExecutor$$Lambda+0x000001c99d414e88
instanceKlass jdk/internal/net/http/RedirectFilter
instanceKlass jdk/internal/net/http/AuthenticationFilter
instanceKlass jdk/internal/net/http/HeaderFilter
instanceKlass jdk/internal/net/http/FilterFactory
instanceKlass java/nio/BufferMismatch
instanceKlass java/nio/channels/spi/AbstractInterruptibleChannel$1
instanceKlass sun/nio/ch/Interruptible
instanceKlass  @bci sun/nio/ch/UnixDomainSocketsUtil getTempDir ()Ljava/lang/String; 0 <appendix> argL0 ; # sun/nio/ch/UnixDomainSocketsUtil$$Lambda+0x000001c99d45b660
instanceKlass sun/nio/ch/UnixDomainSocketsUtil
instanceKlass sun/nio/ch/UnixDomainSockets
instanceKlass sun/nio/ch/PipeImpl$Initializer$LoopbackConnector
instanceKlass sun/nio/ch/PipeImpl$Initializer
instanceKlass java/nio/channels/Pipe
instanceKlass sun/nio/ch/WEPoll
instanceKlass sun/nio/ch/Util$2
instanceKlass  @bci sun/nio/ch/DefaultSelectorProvider <clinit> ()V 0 <appendix> argL0 ; # sun/nio/ch/DefaultSelectorProvider$$Lambda+0x000001c99d4598d8
instanceKlass sun/nio/ch/DefaultSelectorProvider
instanceKlass  @bci java/nio/channels/spi/SelectorProvider$Holder provider ()Ljava/nio/channels/spi/SelectorProvider; 0 <appendix> argL0 ; # java/nio/channels/spi/SelectorProvider$Holder$$Lambda+0x000001c99d459000
instanceKlass java/nio/channels/spi/SelectorProvider$Holder
instanceKlass java/nio/channels/spi/SelectorProvider
instanceKlass java/nio/channels/Selector
instanceKlass  @bci jdk/internal/net/http/common/Utils getIntegerProperty (Ljava/lang/String;I)I 2 <appendix> member <vmtarget> ; # jdk/internal/net/http/common/Utils$$Lambda+0x000001c99d433958
instanceKlass jdk/internal/net/http/ConnectionPool$ExpiryList
instanceKlass  @bci jdk/internal/net/http/ConnectionPool <init> (Ljava/lang/String;)V 6 <appendix> member <vmtarget> ; # jdk/internal/net/http/ConnectionPool$$Lambda+0x000001c99d433200
instanceKlass jdk/internal/net/http/common/FlowTube$TubePublisher
instanceKlass jdk/internal/net/http/common/FlowTube$TubeSubscriber
instanceKlass jdk/internal/net/http/ConnectionPool
instanceKlass sun/security/ssl/SSLConfiguration$1
instanceKlass javax/net/ssl/SSLParameters
instanceKlass sun/security/ssl/DTLSRecord
instanceKlass sun/security/ssl/SessionId
instanceKlass java/security/spec/MGF1ParameterSpec
instanceKlass sun/security/ec/ParametersMap$1
instanceKlass  @bci sun/security/ec/ed/EdDSAParameters <clinit> ()V 268 <appendix> argL0 ; # sun/security/ec/ed/EdDSAParameters$$Lambda+0x000001c99d432248
instanceKlass sun/security/ec/ed/EdDSAParameters$SHAKE256DigesterFactory
instanceKlass sun/security/ec/point/ProjectivePoint
instanceKlass  @bci sun/security/ec/ed/EdDSAParameters <clinit> ()V 117 <appendix> argL0 ; # sun/security/ec/ed/EdDSAParameters$$Lambda+0x000001c99d4377f8
instanceKlass sun/security/ec/ed/EdDSAParameters$Digester
instanceKlass sun/security/ec/ed/EdDSAParameters$SHA512DigesterFactory
instanceKlass sun/security/ec/point/ExtendedHomogeneousPoint
instanceKlass sun/security/ec/point/AffinePoint
instanceKlass sun/security/util/math/intpoly/IntegerPolynomial$Limb
instanceKlass sun/security/util/math/SmallValue
instanceKlass sun/security/ec/point/MutablePoint
instanceKlass sun/security/ec/point/ImmutablePoint
instanceKlass sun/security/ec/point/Point
instanceKlass sun/security/util/math/intpoly/IntegerPolynomial$Element
instanceKlass sun/security/util/math/ImmutableIntegerModuloP
instanceKlass sun/security/util/math/IntegerModuloP
instanceKlass sun/security/util/math/intpoly/IntegerPolynomial
instanceKlass sun/security/ec/ParametersMap
instanceKlass sun/security/ec/ed/EdECOperations
instanceKlass sun/security/ec/ed/EdDSAParameters$DigesterFactory
instanceKlass sun/security/util/math/IntegerFieldModuloP
instanceKlass sun/security/ec/ed/EdDSAParameters
instanceKlass  @bci sun/security/ec/ed/EdDSASignature <init> (Ljava/security/spec/NamedParameterSpec;)V 27 <appendix> argL0 ; # sun/security/ec/ed/EdDSASignature$$Lambda+0x000001c99d435608
instanceKlass java/security/spec/EdDSAParameterSpec
instanceKlass sun/security/ec/ed/EdDSASignature$MessageAccumulator
instanceKlass javax/net/ssl/ExtendedSSLSession
instanceKlass javax/crypto/spec/DHParameterSpec
instanceKlass sun/security/ssl/PredefinedDHParameterSpecs$1
instanceKlass sun/security/ssl/PredefinedDHParameterSpecs
instanceKlass  @bci sun/security/provider/certpath/ldap/JdkLDAP <init> ()V 15 <appendix> member <vmtarget> ; # sun/security/provider/certpath/ldap/JdkLDAP$$Lambda+0x000001c99d451108
instanceKlass com/sun/security/sasl/Provider$1
instanceKlass sun/security/smartcardio/SunPCSC$1
instanceKlass com/sun/security/sasl/gsskerb/JdkSASL$1
instanceKlass  @bci sun/security/jgss/SunProvider <init> ()V 15 <appendix> member <vmtarget> ; # sun/security/jgss/SunProvider$$Lambda+0x000001c99d42f160
instanceKlass sun/security/ssl/NamedGroup$SupportedGroups
instanceKlass sun/security/ssl/SSLConfiguration$CustomizedClientSignatureSchemes
instanceKlass javax/crypto/KeyGeneratorSpi
instanceKlass javax/crypto/KeyGenerator
instanceKlass sun/security/ssl/SSLConfiguration
instanceKlass sun/security/ssl/SSLCipher$SSLWriteCipher
instanceKlass sun/security/ssl/KeyUpdate$KeyUpdateProducer
instanceKlass sun/security/ssl/KeyUpdate$KeyUpdateConsumer
instanceKlass sun/security/ssl/KeyUpdate$KeyUpdateKickstartProducer
instanceKlass sun/security/ssl/KeyUpdate
instanceKlass sun/security/ssl/CertificateStatus$CertificateStatusAbsence
instanceKlass sun/security/ssl/HandshakeAbsence
instanceKlass sun/security/ssl/CertificateStatus$CertificateStatusProducer
instanceKlass sun/security/ssl/CertificateStatus$CertificateStatusConsumer
instanceKlass sun/security/ssl/CertificateStatus
instanceKlass sun/security/ssl/Finished$T13FinishedProducer
instanceKlass sun/security/ssl/Finished$T13FinishedConsumer
instanceKlass sun/security/ssl/Finished$T12FinishedProducer
instanceKlass sun/security/ssl/Finished$T12FinishedConsumer
instanceKlass sun/security/ssl/Finished
instanceKlass sun/security/ssl/ClientKeyExchange$ClientKeyExchangeProducer
instanceKlass sun/security/ssl/ClientKeyExchange$ClientKeyExchangeConsumer
instanceKlass sun/security/ssl/ClientKeyExchange
instanceKlass sun/security/ssl/CertificateVerify$T13CertificateVerifyProducer
instanceKlass sun/security/ssl/CertificateVerify$T13CertificateVerifyConsumer
instanceKlass sun/security/ssl/CertificateVerify$T12CertificateVerifyProducer
instanceKlass sun/security/ssl/CertificateVerify$T12CertificateVerifyConsumer
instanceKlass sun/security/ssl/CertificateVerify$T10CertificateVerifyProducer
instanceKlass sun/security/ssl/CertificateVerify$T10CertificateVerifyConsumer
instanceKlass sun/security/ssl/CertificateVerify$S30CertificateVerifyProducer
instanceKlass sun/security/ssl/CertificateVerify$S30CertificateVerifyConsumer
instanceKlass sun/security/ssl/CertificateVerify
instanceKlass sun/security/ssl/ServerHelloDone$ServerHelloDoneProducer
instanceKlass sun/security/ssl/ServerHelloDone$ServerHelloDoneConsumer
instanceKlass sun/security/ssl/ServerHelloDone
instanceKlass sun/security/ssl/CertificateRequest$T13CertificateRequestProducer
instanceKlass sun/security/ssl/CertificateRequest$T13CertificateRequestConsumer
instanceKlass sun/security/ssl/CertificateRequest$T12CertificateRequestProducer
instanceKlass sun/security/ssl/CertificateRequest$T12CertificateRequestConsumer
instanceKlass sun/security/ssl/CertificateRequest$T10CertificateRequestProducer
instanceKlass sun/security/ssl/CertificateRequest$T10CertificateRequestConsumer
instanceKlass sun/security/ssl/CertificateRequest
instanceKlass sun/security/ssl/ServerKeyExchange$ServerKeyExchangeProducer
instanceKlass sun/security/ssl/ServerKeyExchange$ServerKeyExchangeConsumer
instanceKlass sun/security/ssl/ServerKeyExchange
instanceKlass sun/security/ssl/CertificateMessage$T13CertificateProducer
instanceKlass sun/security/ssl/CertificateMessage$T13CertificateConsumer
instanceKlass sun/security/ssl/CertificateMessage$T12CertificateProducer
instanceKlass sun/security/ssl/CertificateMessage$T12CertificateConsumer
instanceKlass sun/security/ssl/CertificateMessage
instanceKlass sun/security/ssl/EncryptedExtensions$EncryptedExtensionsConsumer
instanceKlass sun/security/ssl/EncryptedExtensions$EncryptedExtensionsProducer
instanceKlass sun/security/ssl/EncryptedExtensions
instanceKlass sun/security/ssl/NewSessionTicket$T12NewSessionTicketProducer
instanceKlass sun/security/ssl/NewSessionTicket$T13NewSessionTicketProducer
instanceKlass sun/security/ssl/NewSessionTicket$T12NewSessionTicketConsumer
instanceKlass sun/security/ssl/NewSessionTicket$T13NewSessionTicketConsumer
instanceKlass sun/security/ssl/NewSessionTicket
instanceKlass sun/security/ssl/HelloVerifyRequest$HelloVerifyRequestProducer
instanceKlass sun/security/ssl/HelloVerifyRequest$HelloVerifyRequestConsumer
instanceKlass sun/security/ssl/HelloVerifyRequest
instanceKlass sun/security/ssl/ServerHello$T13HelloRetryRequestConsumer
instanceKlass sun/security/ssl/ServerHello$T13ServerHelloConsumer
instanceKlass sun/security/ssl/ServerHello$T12ServerHelloConsumer
instanceKlass sun/security/ssl/ServerHello$T13HelloRetryRequestReproducer
instanceKlass sun/security/ssl/ServerHello$T13HelloRetryRequestProducer
instanceKlass sun/security/ssl/ServerHello$T13ServerHelloProducer
instanceKlass sun/security/ssl/ServerHello$T12ServerHelloProducer
instanceKlass sun/security/ssl/ServerHello$ServerHelloConsumer
instanceKlass sun/security/ssl/ServerHello
instanceKlass sun/security/ssl/ClientHello$D13ClientHelloConsumer
instanceKlass sun/security/ssl/ClientHello$D12ClientHelloConsumer
instanceKlass sun/security/ssl/ClientHello$T13ClientHelloConsumer
instanceKlass sun/security/ssl/ClientHello$T12ClientHelloConsumer
instanceKlass sun/security/ssl/HandshakeConsumer
instanceKlass sun/security/ssl/ClientHello$ClientHelloProducer
instanceKlass sun/security/ssl/ClientHello$ClientHelloConsumer
instanceKlass sun/security/ssl/ClientHello$ClientHelloKickstartProducer
instanceKlass sun/security/ssl/ClientHello
instanceKlass sun/security/ssl/HelloRequest$HelloRequestProducer
instanceKlass sun/security/ssl/HelloRequest$HelloRequestConsumer
instanceKlass sun/security/ssl/HelloRequest$HelloRequestKickstartProducer
instanceKlass sun/security/ssl/SSLProducer
instanceKlass sun/security/ssl/HelloRequest
instanceKlass sun/security/ssl/HandshakeProducer
instanceKlass sun/security/ssl/SSLConsumer
instanceKlass sun/security/ssl/Authenticator$MacImpl
instanceKlass sun/security/ssl/Authenticator$MAC
instanceKlass sun/security/ssl/Authenticator
instanceKlass sun/security/ssl/SSLCipher$SSLReadCipher
instanceKlass sun/security/ssl/InputRecord
instanceKlass sun/security/ssl/SSLRecord
instanceKlass sun/security/ssl/Record
instanceKlass sun/security/ssl/TransportContext
instanceKlass sun/security/ssl/ConnectionContext
instanceKlass sun/security/ssl/HandshakeHash$CacheOnlyHash
instanceKlass sun/security/ssl/HandshakeHash$TranscriptHash
instanceKlass sun/security/ssl/HandshakeHash
instanceKlass sun/security/ssl/SSLTransport
instanceKlass javax/net/SocketFactory
instanceKlass  @bci jdk/internal/net/http/HttpClientImpl getDefaultProxySelector ()Ljava/net/ProxySelector; 0 <appendix> argL0 ; # jdk/internal/net/http/HttpClientImpl$$Lambda+0x000001c99d42e410
instanceKlass  @bci jdk/internal/net/http/HttpClientImpl <init> (Ljdk/internal/net/http/HttpClientBuilderImpl;Ljdk/internal/net/http/HttpClientImpl$SingleFacadeFactory;)V 475 <appendix> argL0 ; # jdk/internal/net/http/HttpClientImpl$$Lambda+0x000001c99d42e1f0
instanceKlass  @bci jdk/internal/net/http/Http2ClientImpl <clinit> ()V 3 <appendix> member <vmtarget> ; # jdk/internal/net/http/Http2ClientImpl$$Lambda+0x000001c99d42dfc8
instanceKlass jdk/internal/net/http/Http2ClientImpl
instanceKlass  @bci jdk/internal/net/http/HttpClientFacade <init> (Ljdk/internal/net/http/HttpClientImpl;)V 19 <appendix> member <vmtarget> ; # jdk/internal/net/http/HttpClientFacade$$Lambda+0x000001c99d42d408
instanceKlass  @bci jdk/internal/net/http/HttpClientImpl <init> (Ljdk/internal/net/http/HttpClientBuilderImpl;Ljdk/internal/net/http/HttpClientImpl$SingleFacadeFactory;)V 371 <appendix> member <vmtarget> ; # jdk/internal/net/http/HttpClientImpl$$Lambda+0x000001c99d42d1d0
instanceKlass  @bci jdk/internal/net/http/HttpClientImpl <init> (Ljdk/internal/net/http/HttpClientBuilderImpl;Ljdk/internal/net/http/HttpClientImpl$SingleFacadeFactory;)V 363 <appendix> member <vmtarget> ; # jdk/internal/net/http/HttpClientImpl$$Lambda+0x000001c99d42cfa8
instanceKlass java/util/function/BooleanSupplier
instanceKlass jdk/internal/net/http/HttpClientImpl$DelegatingExecutor
instanceKlass  @bci sun/security/ssl/SSLContextImpl engineInit ([Ljavax/net/ssl/KeyManager;[Ljavax/net/ssl/TrustManager;Ljava/security/SecureRandom;)V 57 <appendix> argL0 ; # sun/security/ssl/SSLContextImpl$$Lambda+0x000001c99d3feda8
instanceKlass javax/net/ssl/X509ExtendedKeyManager
instanceKlass javax/net/ssl/X509KeyManager
instanceKlass javax/net/ssl/KeyManager
instanceKlass javax/net/ssl/KeyManagerFactorySpi
instanceKlass  @bci javax/net/ssl/KeyManagerFactory getDefaultAlgorithm ()Ljava/lang/String; 0 <appendix> argL0 ; # javax/net/ssl/KeyManagerFactory$$Lambda+0x000001c99d3fda08
instanceKlass javax/net/ssl/KeyManagerFactory
instanceKlass sun/security/ssl/SSLContextImpl$DefaultManagersHolder$1
instanceKlass javax/net/ssl/X509ExtendedTrustManager
instanceKlass javax/net/ssl/X509TrustManager
instanceKlass javax/net/ssl/TrustManager
instanceKlass sun/security/validator/TrustStoreUtil
# instanceKlass java/lang/invoke/LambdaForm$MH+0x000001c99d430c00
# instanceKlass java/lang/invoke/LambdaForm$MH+0x000001c99d430800
# instanceKlass java/lang/invoke/LambdaForm$MH+0x000001c99d430400
# instanceKlass java/lang/invoke/LambdaForm$DMH+0x000001c99d430000
instanceKlass sun/security/x509/NetscapeCertTypeExtension$MapEntry
instanceKlass sun/security/x509/RFC822Name
instanceKlass sun/security/x509/DistributionPoint
instanceKlass java/security/cert/PolicyQualifierInfo
instanceKlass sun/security/x509/DNSName
instanceKlass sun/security/x509/URIName
instanceKlass sun/security/x509/GeneralName
instanceKlass sun/security/x509/AccessDescription
instanceKlass java/security/interfaces/ECPublicKey
instanceKlass java/security/PKCS12Attribute
instanceKlass java/security/KeyStore$Entry$Attribute
instanceKlass sun/security/pkcs12/PKCS12KeyStore$Entry
instanceKlass jdk/internal/event/EventHelper$ThreadTrackHolder
instanceKlass java/util/jar/JarFile$ThreadTrackHolder
instanceKlass jdk/internal/event/EventHelper
instanceKlass sun/security/jca/JCAUtil
instanceKlass sun/security/util/MemoryCache$CacheEntry
instanceKlass sun/security/x509/CertificatePolicyId
instanceKlass sun/security/x509/PolicyInformation
instanceKlass sun/security/x509/GeneralNames
instanceKlass sun/security/x509/KeyIdentifier
instanceKlass sun/security/x509/OIDMap$OIDInfo
instanceKlass sun/security/x509/PKIXExtensions
instanceKlass sun/security/x509/OIDMap
instanceKlass sun/security/x509/Extension
instanceKlass java/security/cert/Extension
instanceKlass sun/security/x509/CertificateExtensions
instanceKlass sun/security/rsa/RSAUtil
instanceKlass java/security/interfaces/RSAPublicKey
instanceKlass java/security/interfaces/RSAKey
instanceKlass java/security/spec/PSSParameterSpec
instanceKlass java/security/spec/RSAPrivateKeySpec
instanceKlass java/security/spec/RSAPublicKeySpec
instanceKlass  @bci java/security/spec/EncodedKeySpec <clinit> ()V 0 <appendix> argL0 ; # java/security/spec/EncodedKeySpec$$Lambda+0x000001c99d3f3890
instanceKlass jdk/internal/access/JavaSecuritySpecAccess
instanceKlass java/security/spec/EncodedKeySpec
instanceKlass java/security/spec/KeySpec
instanceKlass sun/security/util/BitArray
instanceKlass sun/security/x509/X509Key
instanceKlass sun/security/x509/CertificateX509Key
instanceKlass sun/security/x509/CertificateValidity
instanceKlass sun/security/x509/AVA
instanceKlass sun/security/x509/RDN
instanceKlass javax/security/auth/x500/X500Principal
instanceKlass  @bci sun/security/x509/X500Name <clinit> ()V 153 <appendix> argL0 ; # sun/security/x509/X500Name$$Lambda+0x000001c99d3f1788
instanceKlass sun/security/x509/X500Name
instanceKlass sun/security/x509/GeneralNameInterface
instanceKlass sun/security/x509/CertificateAlgorithmId
instanceKlass sun/security/x509/SerialNumber
instanceKlass sun/security/x509/CertificateSerialNumber
instanceKlass sun/security/x509/CertificateVersion
instanceKlass sun/security/x509/X509CertInfo
instanceKlass sun/security/x509/AlgorithmId
instanceKlass java/security/cert/X509Extension
instanceKlass sun/security/util/Cache$EqualByteArray
instanceKlass java/security/cert/CertificateFactorySpi
instanceKlass java/security/cert/CertificateFactory
instanceKlass sun/security/pkcs/ContentInfo
instanceKlass sun/security/util/IOUtils
instanceKlass sun/security/util/DerInputStream
instanceKlass sun/security/util/DerValue
instanceKlass sun/security/action/OpenFileInputStreamAction
instanceKlass  @bci sun/security/util/KeyStoreDelegator <init> (Ljava/lang/String;Ljava/lang/Class;Ljava/lang/String;Ljava/lang/Class;)V 4 <appendix> argL0 ; # sun/security/util/KeyStoreDelegator$$Lambda+0x000001c99d3edf08
instanceKlass java/security/KeyStoreSpi
instanceKlass  @bci java/security/KeyStore getDefaultType ()Ljava/lang/String; 0 <appendix> argL0 ; # java/security/KeyStore$$Lambda+0x000001c99d3ecc00
instanceKlass java/security/KeyStore
instanceKlass sun/security/ssl/TrustStoreManager$TrustStoreDescriptor$1
instanceKlass sun/security/util/FilePaths
instanceKlass sun/security/ssl/TrustStoreManager$TrustStoreDescriptor
instanceKlass sun/security/ssl/TrustStoreManager$TrustAnchorManager
instanceKlass sun/security/ssl/TrustStoreManager
instanceKlass javax/net/ssl/TrustManagerFactorySpi
instanceKlass  @bci javax/net/ssl/TrustManagerFactory getDefaultAlgorithm ()Ljava/lang/String; 0 <appendix> argL0 ; # javax/net/ssl/TrustManagerFactory$$Lambda+0x000001c99d3eb6d8
instanceKlass javax/net/ssl/TrustManagerFactory
instanceKlass sun/security/ssl/SSLContextImpl$DefaultManagersHolder
instanceKlass sun/security/util/Cache
instanceKlass sun/security/ssl/SSLSessionContextImpl
instanceKlass javax/net/ssl/SSLSessionContext
instanceKlass sun/security/ssl/EphemeralKeyManager$EphemeralKeyPair
instanceKlass sun/security/ssl/EphemeralKeyManager
instanceKlass sun/security/ssl/SSLContextImpl$CustomizedSSLProtocols
instanceKlass java/security/spec/NamedParameterSpec
instanceKlass sun/security/util/ECKeySizeParameterSpec
instanceKlass java/security/AlgorithmParametersSpi
instanceKlass java/security/AlgorithmParameters
instanceKlass sun/security/util/ECUtil
instanceKlass java/security/KeyPairGeneratorSpi
instanceKlass java/security/PublicKey
instanceKlass java/security/PrivateKey
instanceKlass javax/security/auth/Destroyable
instanceKlass java/security/KeyFactorySpi
instanceKlass java/security/KeyFactory
instanceKlass javax/crypto/KeyAgreement
instanceKlass java/security/interfaces/ECKey
instanceKlass java/security/Key
instanceKlass java/security/Signature$1
instanceKlass jdk/internal/access/JavaSecuritySignatureAccess
instanceKlass java/security/SignatureSpi
instanceKlass sun/security/ssl/JsseJce$EcAvailability
instanceKlass sun/security/ssl/SSLAlgorithmDecomposer$1
instanceKlass sun/security/ssl/Utilities
instanceKlass sun/security/ssl/JsseJce
instanceKlass sun/security/ssl/NamedGroup$XDHScheme
instanceKlass sun/security/ssl/NamedGroup$FFDHEScheme
instanceKlass sun/security/ssl/NamedGroup$ECDHEScheme
instanceKlass sun/security/ssl/NamedGroup$NamedGroupScheme
instanceKlass sun/security/ssl/SSLCipher$1
instanceKlass sun/security/ssl/SSLCipher$T13CC20P1305WriteCipherGenerator
instanceKlass sun/security/ssl/SSLCipher$T12CC20P1305WriteCipherGenerator
instanceKlass sun/security/ssl/SSLCipher$T13CC20P1305ReadCipherGenerator
instanceKlass sun/security/ssl/SSLCipher$T12CC20P1305ReadCipherGenerator
instanceKlass sun/security/ssl/SSLCipher$T13GcmWriteCipherGenerator
instanceKlass sun/security/ssl/SSLCipher$T13GcmReadCipherGenerator
instanceKlass sun/security/ssl/SSLCipher$T12GcmWriteCipherGenerator
instanceKlass sun/security/ssl/SSLCipher$T12GcmReadCipherGenerator
instanceKlass com/sun/crypto/provider/AESConstants
instanceKlass java/util/Vector$1
instanceKlass  @bci javax/crypto/JceSecurityManager <clinit> ()V 67 <appendix> argL0 ; # javax/crypto/JceSecurityManager$$Lambda+0x000001c99d3dfed0
instanceKlass  @bci javax/crypto/JceSecurityManager <clinit> ()V 49 <appendix> argL0 ; # javax/crypto/JceSecurityManager$$Lambda+0x000001c99d3dfcb0
instanceKlass javax/crypto/JceSecurityManager
instanceKlass sun/security/ssl/SSLCipher$T11BlockWriteCipherGenerator
instanceKlass sun/security/ssl/SSLCipher$T11BlockReadCipherGenerator
instanceKlass com/sun/crypto/provider/PKCS5Padding
instanceKlass com/sun/crypto/provider/Padding
instanceKlass com/sun/crypto/provider/FeedbackCipher
instanceKlass com/sun/crypto/provider/SymmetricCipher
instanceKlass com/sun/crypto/provider/DESConstants
instanceKlass com/sun/crypto/provider/CipherCore
instanceKlass sun/security/ssl/SSLCipher$T10BlockWriteCipherGenerator
instanceKlass sun/security/ssl/SSLCipher$T10BlockReadCipherGenerator
instanceKlass javax/crypto/CipherSpi
instanceKlass javax/crypto/ProviderVerifier
instanceKlass java/lang/Class$Holder
instanceKlass javax/crypto/JceSecurity$3
instanceKlass javax/crypto/JceSecurity$2
instanceKlass java/util/Vector$Itr
instanceKlass javax/crypto/CryptoPolicyParser$CryptoPermissionEntry
instanceKlass javax/crypto/CryptoPolicyParser$GrantEntry
instanceKlass java/io/StreamTokenizer
instanceKlass javax/crypto/CryptoPolicyParser
instanceKlass java/nio/file/Files$1
instanceKlass sun/nio/fs/WindowsFileSystem$2
instanceKlass java/nio/file/PathMatcher
instanceKlass sun/nio/fs/Globs
instanceKlass javax/crypto/JceSecurity$1
instanceKlass javax/crypto/JceSecurity
instanceKlass sun/security/jca/ProviderList$ServiceList$1
instanceKlass sun/security/jca/ServiceId
instanceKlass javax/crypto/Cipher$Transform
instanceKlass javax/crypto/Cipher
instanceKlass sun/security/ssl/SSLCipher$StreamWriteCipherGenerator
instanceKlass sun/security/ssl/SSLCipher$StreamReadCipherGenerator
instanceKlass sun/security/ssl/SSLCipher$NullWriteCipherGenerator
instanceKlass sun/security/ssl/SSLCipher$WriteCipherGenerator
instanceKlass sun/security/ssl/SSLCipher$NullReadCipherGenerator
instanceKlass sun/security/ssl/SSLCipher$ReadCipherGenerator
instanceKlass sun/security/util/DisabledAlgorithmConstraints$Constraints$Holder
instanceKlass sun/security/util/DisabledAlgorithmConstraints$Constraint
instanceKlass sun/security/util/DisabledAlgorithmConstraints$Constraints
instanceKlass sun/security/util/AbstractAlgorithmConstraints$1
instanceKlass sun/security/util/AlgorithmDecomposer
instanceKlass sun/security/util/AbstractAlgorithmConstraints
instanceKlass sun/security/ssl/SSLAlgorithmConstraints
instanceKlass java/security/AlgorithmConstraints
instanceKlass sun/security/ssl/SSLLogger
instanceKlass  @bci sun/security/ssl/SunJSSE registerAlgorithms ()V 1 <appendix> member <vmtarget> ; # sun/security/ssl/SunJSSE$$Lambda+0x000001c99d3d3c58
instanceKlass java/security/spec/ECFieldF2m
instanceKlass sun/security/util/ObjectIdentifier
instanceKlass sun/security/util/ByteArrayTagOrder
instanceKlass sun/security/util/ByteArrayLexOrder
instanceKlass sun/security/util/DerEncoder
instanceKlass java/security/spec/ECParameterSpec
instanceKlass java/security/spec/AlgorithmParameterSpec
instanceKlass java/security/spec/ECPoint
instanceKlass java/security/spec/EllipticCurve
instanceKlass java/security/spec/ECFieldFp
instanceKlass java/security/spec/ECField
instanceKlass sun/security/util/CurveDB
instanceKlass sun/security/ec/SunEC$1
instanceKlass  @bci sun/security/pkcs11/SunPKCS11 register (Lsun/security/pkcs11/SunPKCS11$Descriptor;)V 27 <appendix> argL0 ; # sun/security/pkcs11/SunPKCS11$$Lambda+0x000001c99d42aba0
instanceKlass sun/security/pkcs11/SunPKCS11$Descriptor
instanceKlass javax/security/auth/callback/CallbackHandler
instanceKlass javax/security/auth/Subject
instanceKlass sun/security/mscapi/SunMSCAPI$2
instanceKlass sun/security/mscapi/SunMSCAPI$1
instanceKlass org/jcp/xml/dsig/internal/dom/XMLDSigRI$2
instanceKlass org/jcp/xml/dsig/internal/dom/XMLDSigRI$1
instanceKlass sun/security/jca/ProviderConfig$ProviderLoader
instanceKlass sun/security/jca/ProviderConfig$3
instanceKlass sun/security/rsa/SunRsaSignEntries
instanceKlass javax/net/ssl/SSLContextSpi
instanceKlass javax/net/ssl/SSLContext
instanceKlass jdk/internal/net/http/common/HttpBodySubscriberWrapper$1
instanceKlass  @bci jdk/internal/net/http/common/HttpBodySubscriberWrapper <clinit> ()V 16 <appendix> argL0 ; # jdk/internal/net/http/common/HttpBodySubscriberWrapper$$Lambda+0x000001c99d4284e8
instanceKlass java/util/concurrent/Flow$Subscription
instanceKlass jdk/internal/net/http/common/HttpBodySubscriberWrapper
instanceKlass jdk/internal/net/http/ResponseSubscribers$TrustedSubscriber
instanceKlass java/net/http/HttpResponse$BodySubscriber
instanceKlass java/util/concurrent/Flow$Subscriber
instanceKlass  @bci jdk/internal/net/http/HttpConnection <clinit> ()V 41 <appendix> argL0 ; # jdk/internal/net/http/HttpConnection$$Lambda+0x000001c99d427a40
instanceKlass  @bci jdk/internal/net/http/HttpConnection <clinit> ()V 30 <appendix> argL0 ; # jdk/internal/net/http/HttpConnection$$Lambda+0x000001c99d427800
instanceKlass  @bci jdk/internal/net/http/HttpConnection <clinit> ()V 16 <appendix> argL0 ; # jdk/internal/net/http/HttpConnection$$Lambda+0x000001c99d4275e0
instanceKlass jdk/internal/net/http/HttpClientImpl$SSLDirectBufferSupplier
instanceKlass  @bci jdk/internal/net/http/HttpClientImpl <init> (Ljdk/internal/net/http/HttpClientBuilderImpl;Ljdk/internal/net/http/HttpClientImpl$SingleFacadeFactory;)V 38 <appendix> member <vmtarget> ; # jdk/internal/net/http/HttpClientImpl$$Lambda+0x000001c99d426228
instanceKlass  @bci jdk/internal/net/http/HttpClientImpl <init> (Ljdk/internal/net/http/HttpClientBuilderImpl;Ljdk/internal/net/http/HttpClientImpl$SingleFacadeFactory;)V 22 <appendix> member <vmtarget> ; # jdk/internal/net/http/HttpClientImpl$$Lambda+0x000001c99d426000
instanceKlass  @bci jdk/internal/net/http/common/DebugLogger <clinit> ()V 79 <appendix> member <vmtarget> ; # jdk/internal/net/http/common/DebugLogger$$Lambda+0x000001c99d41fc28
instanceKlass  @bci jdk/internal/net/http/common/DebugLogger <clinit> ()V 56 <appendix> member <vmtarget> ; # jdk/internal/net/http/common/DebugLogger$$Lambda+0x000001c99d41fa00
instanceKlass  @bci jdk/internal/net/http/common/DebugLogger$LoggerConfig equals (Ljava/lang/Object;)Z 2 <adapter> ; # java/lang/invoke/LambdaForm$MH+0x000001c99d425c00
# instanceKlass java/lang/invoke/LambdaForm$MH+0x000001c99d425800
instanceKlass  @bci jdk/internal/net/http/common/DebugLogger$LoggerConfig equals (Ljava/lang/Object;)Z 2 <appendix> form vmentry <vmtarget> ; # java/lang/invoke/LambdaForm$MH+0x000001c99d425400
instanceKlass  @bci jdk/internal/net/http/common/DebugLogger$LoggerConfig equals (Ljava/lang/Object;)Z 2 <appendix> argL1 form vmentry <vmtarget> ; # java/lang/invoke/LambdaForm$MH+0x000001c99d425000
instanceKlass  @bci jdk/internal/net/http/common/DebugLogger$LoggerConfig equals (Ljava/lang/Object;)Z 2 <appendix> form names 9 function resolvedHandle form vmentry <vmtarget> ; # java/lang/invoke/LambdaForm$MH+0x000001c99d424c00
# instanceKlass java/lang/invoke/LambdaForm$DMH+0x000001c99d424800
# instanceKlass java/lang/invoke/LambdaForm$MH+0x000001c99d424400
# instanceKlass java/lang/invoke/LambdaForm$MH+0x000001c99d424000
# instanceKlass java/lang/invoke/LambdaForm$MH+0x000001c99d423c00
# instanceKlass java/lang/invoke/LambdaForm$MH+0x000001c99d423800
# instanceKlass java/lang/invoke/LambdaForm$MH+0x000001c99d423400
instanceKlass  @bci java/lang/runtime/ObjectMethods bootstrap (Ljava/lang/invoke/MethodHandles$Lookup;Ljava/lang/String;Ljava/lang/invoke/TypeDescriptor;Ljava/lang/Class;Ljava/lang/String;[Ljava/lang/invoke/MethodHandle;)Ljava/lang/Object; 37 <appendix> argL0 ; # java/lang/runtime/ObjectMethods$$Lambda+0x000001c99d3ce720
instanceKlass java/lang/invoke/DirectMethodHandle$1
# instanceKlass java/lang/invoke/LambdaForm$DMH+0x000001c99d423000
# instanceKlass java/lang/invoke/LambdaForm$DMH+0x000001c99d422c00
# instanceKlass java/lang/invoke/LambdaForm$DMH+0x000001c99d422800
# instanceKlass java/lang/invoke/LambdaForm$DMH+0x000001c99d422400
# instanceKlass java/lang/invoke/LambdaForm$DMH+0x000001c99d422000
# instanceKlass java/lang/invoke/LambdaForm$DMH+0x000001c99d421c00
# instanceKlass java/lang/invoke/LambdaForm$DMH+0x000001c99d421800
# instanceKlass java/lang/invoke/LambdaForm$DMH+0x000001c99d421400
# instanceKlass java/lang/invoke/LambdaForm$DMH+0x000001c99d421000
# instanceKlass java/lang/invoke/LambdaForm$DMH+0x000001c99d420c00
# instanceKlass java/lang/invoke/LambdaForm$DMH+0x000001c99d420800
instanceKlass java/lang/runtime/ObjectMethods$1
# instanceKlass java/lang/invoke/LambdaForm$MH+0x000001c99d420400
# instanceKlass java/lang/invoke/LambdaForm$MH+0x000001c99d420000
# instanceKlass java/lang/invoke/LambdaForm$MH+0x000001c99d41dc00
# instanceKlass java/lang/invoke/LambdaForm$MH+0x000001c99d41d800
# instanceKlass java/lang/invoke/LambdaForm$MH+0x000001c99d41d400
# instanceKlass java/lang/invoke/LambdaForm$MH+0x000001c99d41d000
instanceKlass java/lang/invoke/MethodHandleImpl$Makers$2
instanceKlass java/lang/invoke/MethodHandleImpl$Makers$1
instanceKlass java/lang/invoke/MethodHandleImpl$Makers
instanceKlass  @bci java/lang/invoke/BootstrapMethodInvoker invoke (Ljava/lang/Class;Ljava/lang/invoke/MethodHandle;Ljava/lang/String;Ljava/lang/Object;Ljava/lang/Object;Ljava/lang/Class;)Ljava/lang/Object; 894 <adapter> ; # java/lang/invoke/LambdaForm$MH+0x000001c99d41cc00
# instanceKlass java/lang/invoke/LambdaForm$DMH+0x000001c99d41c800
instanceKlass java/lang/runtime/ObjectMethods
instanceKlass  @bci jdk/internal/net/http/common/DebugLogger <clinit> ()V 33 <appendix> member <vmtarget> ; # jdk/internal/net/http/common/DebugLogger$$Lambda+0x000001c99d41f7d8
instanceKlass jdk/internal/net/http/common/DebugLogger
instanceKlass  @bci jdk/internal/net/http/HttpClientImpl <init> (Ljdk/internal/net/http/HttpClientBuilderImpl;Ljdk/internal/net/http/HttpClientImpl$SingleFacadeFactory;)V 6 <appendix> member <vmtarget> ; # jdk/internal/net/http/HttpClientImpl$$Lambda+0x000001c99d41f278
instanceKlass jdk/internal/net/http/HttpClientImpl$SingleFacadeFactory
instanceKlass java/util/concurrent/CompletableFuture$AsynchronousCompletionTask
instanceKlass java/util/concurrent/CompletableFuture$AltResult
instanceKlass java/util/concurrent/CompletableFuture
instanceKlass java/util/concurrent/CompletionStage
instanceKlass  @bci jdk/internal/net/http/common/Utils <clinit> ()V 345 <appendix> argL0 ; # jdk/internal/net/http/common/Utils$$Lambda+0x000001c99d41f028
instanceKlass  @bci jdk/internal/net/http/common/Utils <clinit> ()V 337 <appendix> argL0 ; # jdk/internal/net/http/common/Utils$$Lambda+0x000001c99d41edd8
instanceKlass  @bci jdk/internal/net/http/common/Utils <clinit> ()V 329 <appendix> argL0 ; # jdk/internal/net/http/common/Utils$$Lambda+0x000001c99d41eb88
instanceKlass  @bci java/util/stream/Collectors toUnmodifiableSet ()Ljava/util/stream/Collector; 19 <appendix> argL0 ; # java/util/stream/Collectors$$Lambda+0x000001c99d3cc140
instanceKlass  @bci java/util/stream/Collectors toUnmodifiableSet ()Ljava/util/stream/Collector; 14 <appendix> argL0 ; # java/util/stream/Collectors$$Lambda+0x000001c99d3cbef8
instanceKlass  @bci java/util/stream/Collectors toUnmodifiableSet ()Ljava/util/stream/Collector; 9 <appendix> argL0 ; # java/util/stream/Collectors$$Lambda+0x000001c99d3cbcc8
instanceKlass  @bci java/util/stream/Collectors toUnmodifiableSet ()Ljava/util/stream/Collector; 4 <appendix> argL0 ; # java/util/stream/Collectors$$Lambda+0x000001c99d3cbaa8
instanceKlass  @bci jdk/internal/net/http/common/Utils <clinit> ()V 305 <appendix> argL0 ; # jdk/internal/net/http/common/Utils$$Lambda+0x000001c99d41e938
instanceKlass  @bci jdk/internal/net/http/common/Utils <clinit> ()V 295 <appendix> argL0 ; # jdk/internal/net/http/common/Utils$$Lambda+0x000001c99d41e6f8
instanceKlass  @bci jdk/internal/net/http/common/Utils <clinit> ()V 201 <appendix> argL0 ; # jdk/internal/net/http/common/Utils$$Lambda+0x000001c99d41e4a8
instanceKlass  @bci java/util/function/Predicate negate ()Ljava/util/function/Predicate; 1 <appendix> member <vmtarget> ; # java/util/function/Predicate$$Lambda+0x000001c99d3cb850
instanceKlass  @cpi java/util/function/Predicate 75 form vmentry <vmtarget> ; # java/lang/invoke/LambdaForm$DMH+0x000001c99d41c400
instanceKlass  @bci jdk/internal/net/http/common/Utils <clinit> ()V 182 <appendix> argL0 ; # jdk/internal/net/http/common/Utils$$Lambda+0x000001c99d41e258
instanceKlass  @bci jdk/internal/net/http/common/Utils <clinit> ()V 174 <appendix> member <vmtarget> ; # jdk/internal/net/http/common/Utils$$Lambda+0x000001c99d41e000
instanceKlass  @bci jdk/internal/net/http/common/Utils <clinit> ()V 164 <appendix> argL0 ; # jdk/internal/net/http/common/Utils$$Lambda+0x000001c99d41bb90
instanceKlass  @bci jdk/internal/net/http/common/Utils <clinit> ()V 156 <appendix> argL0 ; # jdk/internal/net/http/common/Utils$$Lambda+0x000001c99d41b940
instanceKlass  @bci jdk/internal/net/http/common/Utils <clinit> ()V 148 <appendix> argL0 ; # jdk/internal/net/http/common/Utils$$Lambda+0x000001c99d41b6f0
instanceKlass  @bci jdk/internal/net/http/common/Utils <clinit> ()V 134 <appendix> argL0 ; # jdk/internal/net/http/common/Utils$$Lambda+0x000001c99d41b4a0
instanceKlass  @bci jdk/internal/net/http/common/Utils getNetProperty (Ljava/lang/String;)Ljava/lang/String; 1 <appendix> member <vmtarget> ; # jdk/internal/net/http/common/Utils$$Lambda+0x000001c99d41b278
instanceKlass  @bci jdk/internal/net/http/common/Utils <clinit> ()V 120 <appendix> argL0 ; # jdk/internal/net/http/common/Utils$$Lambda+0x000001c99d41b028
instanceKlass  @bci jdk/internal/net/http/common/Utils getIntegerNetProperty (Ljava/lang/String;I)I 2 <appendix> member <vmtarget> ; # jdk/internal/net/http/common/Utils$$Lambda+0x000001c99d41ae00
instanceKlass  @cpi jdk/internal/net/http/common/Utils 1323 form vmentry <vmtarget> ; # java/lang/invoke/LambdaForm$DMH+0x000001c99d41c000
instanceKlass  @bci jdk/internal/net/http/common/Utils getProperty (Ljava/lang/String;)Ljava/lang/String; 1 <appendix> member <vmtarget> ; # jdk/internal/net/http/common/Utils$$Lambda+0x000001c99d41abd8
instanceKlass  @bci jdk/internal/net/http/common/Utils getLoggerConfig (Ljava/lang/String;Ljdk/internal/net/http/common/DebugLogger$LoggerConfig;)Ljdk/internal/net/http/common/DebugLogger$LoggerConfig; 1 <appendix> member <vmtarget> ; # jdk/internal/net/http/common/Utils$$Lambda+0x000001c99d41a9b0
instanceKlass javax/net/ssl/SSLSession
instanceKlass jdk/internal/net/http/common/Logger
instanceKlass jdk/internal/net/http/common/Utils
instanceKlass jdk/internal/net/http/HttpConnection
instanceKlass jdk/internal/net/http/common/BufferSupplier
instanceKlass jdk/internal/net/http/common/OperationTrackers$Tracker
instanceKlass java/net/http/WebSocket$Builder
instanceKlass jdk/internal/net/http/websocket/WebSocketRequest
instanceKlass java/net/http/HttpRequest
instanceKlass jdk/internal/net/http/common/OperationTrackers$Trackable
instanceKlass jdk/internal/net/http/HttpClientBuilderImpl
instanceKlass java/net/http/HttpClient$Builder
instanceKlass java/net/http/HttpClient
instanceKlass  @bci org/openqa/selenium/remote/http/jdk/JdkHttpClient <init> (Lorg/openqa/selenium/remote/http/ClientConfig;)V 93 <appendix> member <vmtarget> ; # org/openqa/selenium/remote/http/jdk/JdkHttpClient$$Lambda+0x000001c99d414c60
instanceKlass  @bci org/openqa/selenium/remote/http/Filter andFinally (Lorg/openqa/selenium/remote/http/HttpHandler;)Lorg/openqa/selenium/remote/http/HttpHandler; 9 <appendix> member <vmtarget> ; # org/openqa/selenium/remote/http/Filter$$Lambda+0x000001c99d414a28
instanceKlass  @bci org/openqa/selenium/remote/http/jdk/JdkHttpClient <init> (Lorg/openqa/selenium/remote/http/ClientConfig;)V 56 <appendix> member <vmtarget> ; # org/openqa/selenium/remote/http/jdk/JdkHttpClient$$Lambda+0x000001c99d4147f0
instanceKlass org/openqa/selenium/remote/http/HttpMessage
instanceKlass java/util/concurrent/Flow$Publisher
instanceKlass org/openqa/selenium/remote/http/jdk/JdkHttpMessages
instanceKlass org/openqa/selenium/remote/http/WebSocket
instanceKlass java/net/http/WebSocket$Listener
instanceKlass java/net/Authenticator
instanceKlass org/openqa/selenium/remote/http/jdk/JdkHttpClient
instanceKlass org/openqa/selenium/logging/LocalLogs
instanceKlass org/openqa/selenium/remote/http/HttpClientName
instanceKlass com/intellij/rt/debugger/agent/CaptureStorage$6
instanceKlass java/util/concurrent/ForkJoinPool$DefaultForkJoinWorkerThreadFactory$1
instanceKlass com/intellij/rt/debugger/agent/CaptureStorage$ExceptionCapturedStack
instanceKlass com/intellij/rt/debugger/agent/CaptureStorage$CapturedStack
instanceKlass com/intellij/rt/debugger/agent/CaptureStorage$3
instanceKlass org/openqa/selenium/remote/http/jdk/JdkHttpClient$Factory
instanceKlass com/intellij/rt/debugger/agent/CaptureStorage$5
instanceKlass java/util/concurrent/ForkJoinPool$2
instanceKlass jdk/internal/access/JavaUtilConcurrentFJPAccess
instanceKlass java/util/concurrent/ForkJoinPool$DefaultForkJoinWorkerThreadFactory
instanceKlass java/util/concurrent/ForkJoinPool$WorkQueue
instanceKlass java/util/concurrent/ForkJoinPool$ForkJoinWorkerThreadFactory
instanceKlass java/util/concurrent/ForkJoinTask$Aux
instanceKlass java/util/concurrent/ForkJoinTask
instanceKlass  @bci org/openqa/selenium/remote/http/HttpClient$Factory create (Ljava/lang/String;)Lorg/openqa/selenium/remote/http/HttpClient$Factory; 30 <appendix> member <vmtarget> ; # org/openqa/selenium/remote/http/HttpClient$Factory$$Lambda+0x000001c99d411b28
instanceKlass  @bci org/openqa/selenium/remote/http/HttpClient$Factory create (Ljava/lang/String;)Lorg/openqa/selenium/remote/http/HttpClient$Factory; 19 <appendix> argL0 ; # org/openqa/selenium/remote/http/HttpClient$Factory$$Lambda+0x000001c99d4118d8
instanceKlass org/openqa/selenium/remote/http/HttpClient
instanceKlass org/openqa/selenium/remote/HttpCommandExecutor$DefaultClientFactoryHolder
instanceKlass  @bci org/openqa/selenium/chromium/ChromiumDriverCommandExecutor getExtraCommands (Ljava/util/Map;)Ljava/util/Map; 65 <appendix> argL0 ; # org/openqa/selenium/chromium/ChromiumDriverCommandExecutor$$Lambda+0x000001c99d411290
instanceKlass  @bci org/openqa/selenium/chromium/ChromiumDriverCommandExecutor getExtraCommands (Ljava/util/Map;)Ljava/util/Map; 60 <appendix> argL0 ; # org/openqa/selenium/chromium/ChromiumDriverCommandExecutor$$Lambda+0x000001c99d411050
instanceKlass  @bci org/openqa/selenium/chromium/ChromiumDriverCommandExecutor getExtraCommands (Ljava/util/Map;)Ljava/util/Map; 50 <appendix> argL0 ; # org/openqa/selenium/chromium/ChromiumDriverCommandExecutor$$Lambda+0x000001c99d410e10
instanceKlass org/openqa/selenium/chromium/AddHasLaunchApp
instanceKlass org/openqa/selenium/chromium/AddHasPermissions
instanceKlass org/openqa/selenium/chromium/AddHasNetworkConditions
instanceKlass  @bci java/util/stream/Collectors toUnmodifiableMap (Ljava/util/function/Function;Ljava/util/function/Function;)Ljava/util/stream/Collector; 21 <appendix> argL0 ; # java/util/stream/Collectors$$Lambda+0x000001c99d3c6a60
instanceKlass  @bci org/openqa/selenium/chrome/ChromeDriver$ChromeDriverCommandExecutor getExtraCommands ()Ljava/util/Map; 48 <appendix> argL0 ; # org/openqa/selenium/chrome/ChromeDriver$ChromeDriverCommandExecutor$$Lambda+0x000001c99d410480
instanceKlass  @bci org/openqa/selenium/chrome/ChromeDriver$ChromeDriverCommandExecutor getExtraCommands ()Ljava/util/Map; 43 <appendix> argL0 ; # org/openqa/selenium/chrome/ChromeDriver$ChromeDriverCommandExecutor$$Lambda+0x000001c99d410240
instanceKlass  @bci org/openqa/selenium/chrome/ChromeDriver$ChromeDriverCommandExecutor getExtraCommands ()Ljava/util/Map; 33 <appendix> argL0 ; # org/openqa/selenium/chrome/ChromeDriver$ChromeDriverCommandExecutor$$Lambda+0x000001c99d410000
instanceKlass org/openqa/selenium/chromium/AddHasCdp
instanceKlass org/openqa/selenium/remote/CommandInfo
instanceKlass org/openqa/selenium/chromium/AddHasCasting
instanceKlass org/openqa/selenium/remote/AdditionalHttpCommands
instanceKlass org/openqa/selenium/remote/AugmenterProvider
instanceKlass org/openqa/selenium/logging/LogEntry
instanceKlass org/openqa/selenium/remote/HttpCommandExecutor
instanceKlass org/openqa/selenium/logging/NeedsLocalLogs
instanceKlass org/openqa/selenium/internal/Require$PathStateChecker
instanceKlass  @bci org/openqa/selenium/manager/SeleniumManager runCommand (Ljava/nio/file/Path;Ljava/util/List;)Lorg/openqa/selenium/manager/SeleniumManagerOutput$Result; 234 <appendix> argL0 ; # org/openqa/selenium/manager/SeleniumManager$$Lambda+0x000001c99d40e640
instanceKlass org/openqa/selenium/json/StringCoercer$1
instanceKlass  @bci org/openqa/selenium/json/StringCoercer apply (Ljava/lang/reflect/Type;)Ljava/util/function/BiFunction; 0 <appendix> argL0 ; # org/openqa/selenium/json/StringCoercer$$Lambda+0x000001c99d40e208
instanceKlass org/openqa/selenium/json/NumberCoercer$1
instanceKlass  @bci org/openqa/selenium/json/NumberCoercer apply (Ljava/lang/reflect/Type;)Ljava/util/function/BiFunction; 1 <appendix> member <vmtarget> ; # org/openqa/selenium/json/NumberCoercer$$Lambda+0x000001c99d40bdb8
instanceKlass java/math/MathContext
# instanceKlass java/lang/invoke/LambdaForm$MH+0x000001c99d40c000
instanceKlass  @bci org/openqa/selenium/json/StaticInitializerCoercer apply (Ljava/lang/reflect/Type;)Ljava/util/function/BiFunction; 29 <appendix> member <vmtarget> ; # org/openqa/selenium/json/StaticInitializerCoercer$$Lambda+0x000001c99d40bb80
instanceKlass  @bci org/openqa/selenium/json/CollectionCoercer lambda$apply$1 (Ljava/lang/reflect/Type;Lorg/openqa/selenium/json/JsonInput;Lorg/openqa/selenium/json/PropertySetting;)Ljava/util/Collection; 18 <appendix> member <vmtarget> ; # org/openqa/selenium/json/CollectionCoercer$$Lambda+0x000001c99d40b938
instanceKlass org/openqa/selenium/json/JsonInputIterator
instanceKlass  @bci org/openqa/selenium/json/CollectionCoercer apply (Ljava/lang/reflect/Type;)Ljava/util/function/BiFunction; 61 <appendix> member <vmtarget> ; # org/openqa/selenium/json/CollectionCoercer$$Lambda+0x000001c99d40b490
instanceKlass org/openqa/selenium/manager/SeleniumManagerOutput$Log
instanceKlass  @bci org/openqa/selenium/json/InstanceCoercer lambda$getBeanWriters$8 (Lorg/openqa/selenium/json/SimplePropertyDescriptor;)Lorg/openqa/selenium/json/InstanceCoercer$TypeAndWriter; 11 <appendix> member <vmtarget> ; # org/openqa/selenium/json/InstanceCoercer$$Lambda+0x000001c99d40abe8
instanceKlass  @bci java/util/stream/Collectors uniqKeysMapMerger ()Ljava/util/function/BinaryOperator; 0 <appendix> argL0 ; # java/util/stream/Collectors$$Lambda+0x000001c99d3c5e78
instanceKlass  @bci java/util/stream/Collectors uniqKeysMapAccumulator (Ljava/util/function/Function;Ljava/util/function/Function;)Ljava/util/function/BiConsumer; 2 <appendix> member <vmtarget> ; # java/util/stream/Collectors$$Lambda+0x000001c99d3c5c40
instanceKlass  @bci java/util/stream/Collectors toMap (Ljava/util/function/Function;Ljava/util/function/Function;)Ljava/util/stream/Collector; 4 <appendix> argL0 ; # java/util/stream/Collectors$$Lambda+0x000001c99d3c5a20
instanceKlass  @bci org/openqa/selenium/json/InstanceCoercer getBeanWriters (Ljava/lang/reflect/Constructor;)Ljava/util/Map; 25 <appendix> argL0 ; # org/openqa/selenium/json/InstanceCoercer$$Lambda+0x000001c99d40a9a8
instanceKlass org/openqa/selenium/json/InstanceCoercer$TypeAndWriter
instanceKlass  @bci org/openqa/selenium/json/InstanceCoercer getBeanWriters (Ljava/lang/reflect/Constructor;)Ljava/util/Map; 20 <appendix> argL0 ; # org/openqa/selenium/json/InstanceCoercer$$Lambda+0x000001c99d40a558
instanceKlass  @bci org/openqa/selenium/json/InstanceCoercer getBeanWriters (Ljava/lang/reflect/Constructor;)Ljava/util/Map; 10 <appendix> argL0 ; # org/openqa/selenium/json/InstanceCoercer$$Lambda+0x000001c99d40a308
instanceKlass  @bci org/openqa/selenium/json/SimplePropertyDescriptor getPropertyDescriptors (Ljava/lang/Class;)[Lorg/openqa/selenium/json/SimplePropertyDescriptor; 228 <appendix> member <vmtarget> ; # org/openqa/selenium/json/SimplePropertyDescriptor$$Lambda+0x000001c99d409ec8
instanceKlass  @bci org/openqa/selenium/json/SimplePropertyDescriptor <clinit> ()V 0 <appendix> argL0 ; # org/openqa/selenium/json/SimplePropertyDescriptor$$Lambda+0x000001c99d409c88
instanceKlass org/openqa/selenium/json/SimplePropertyDescriptor
instanceKlass org/openqa/selenium/json/InstanceCoercer$1
instanceKlass  @bci org/openqa/selenium/json/JsonTypeCoercer buildCoercer (Ljava/lang/reflect/Type;)Ljava/util/function/BiFunction; 43 <appendix> member <vmtarget> ; # org/openqa/selenium/json/JsonTypeCoercer$$Lambda+0x000001c99d4091f0
instanceKlass  @bci org/openqa/selenium/json/JsonTypeCoercer lambda$buildCoercer$7 (Ljava/util/function/BiFunction;)Ljava/util/function/BiFunction; 1 <appendix> member <vmtarget> ; # org/openqa/selenium/json/JsonTypeCoercer$$Lambda+0x000001c99d408fb8
instanceKlass  @bci org/openqa/selenium/json/JsonTypeCoercer buildCoercer (Ljava/lang/reflect/Type;)Ljava/util/function/BiFunction; 34 <appendix> argL0 ; # org/openqa/selenium/json/JsonTypeCoercer$$Lambda+0x000001c99d408d78
instanceKlass  @bci org/openqa/selenium/json/InstanceCoercer apply (Ljava/lang/reflect/Type;)Ljava/util/function/BiFunction; 8 <appendix> member <vmtarget> ; # org/openqa/selenium/json/InstanceCoercer$$Lambda+0x000001c99d408b40
instanceKlass  @bci org/openqa/selenium/json/JsonTypeCoercer buildCoercer (Ljava/lang/reflect/Type;)Ljava/util/function/BiFunction; 26 <appendix> member <vmtarget> ; # org/openqa/selenium/json/JsonTypeCoercer$$Lambda+0x000001c99d4088f8
instanceKlass  @bci org/openqa/selenium/json/StaticInitializerCoercer getMethods (Ljava/lang/Class;)Ljava/util/stream/Stream; 27 <appendix> argL0 ; # org/openqa/selenium/json/StaticInitializerCoercer$$Lambda+0x000001c99d4086a8
instanceKlass  @bci org/openqa/selenium/json/StaticInitializerCoercer getMethods (Ljava/lang/Class;)Ljava/util/stream/Stream; 17 <appendix> argL0 ; # org/openqa/selenium/json/StaticInitializerCoercer$$Lambda+0x000001c99d408458
instanceKlass  @bci org/openqa/selenium/json/StaticInitializerCoercer getMethods (Ljava/lang/Class;)Ljava/util/stream/Stream; 7 <appendix> argL0 ; # org/openqa/selenium/json/StaticInitializerCoercer$$Lambda+0x000001c99d408208
instanceKlass org/openqa/selenium/json/Types
instanceKlass  @bci org/openqa/selenium/json/JsonTypeCoercer buildCoercer (Ljava/lang/reflect/Type;)Ljava/util/function/BiFunction; 10 <appendix> member <vmtarget> ; # org/openqa/selenium/json/JsonTypeCoercer$$Lambda+0x000001c99d403400
instanceKlass  @bci org/openqa/selenium/json/JsonTypeCoercer coerce (Lorg/openqa/selenium/json/JsonInput;Ljava/lang/reflect/Type;Lorg/openqa/selenium/json/PropertySetting;)Ljava/lang/Object; 6 <appendix> member <vmtarget> ; # org/openqa/selenium/json/JsonTypeCoercer$$Lambda+0x000001c99d403cf8
instanceKlass org/openqa/selenium/json/Input
instanceKlass org/openqa/selenium/json/JsonInput
instanceKlass org/openqa/selenium/manager/SeleniumManagerOutput
instanceKlass  @bci org/openqa/selenium/json/JsonTypeCoercer <init> (Ljava/util/stream/Stream;)V 423 <appendix> argL0 ; # org/openqa/selenium/json/JsonTypeCoercer$$Lambda+0x000001c99d407020
instanceKlass  @bci org/openqa/selenium/json/JsonTypeCoercer <init> (Ljava/util/stream/Stream;)V 418 <appendix> argL0 ; # org/openqa/selenium/json/JsonTypeCoercer$$Lambda+0x000001c99d406df0
instanceKlass  @bci org/openqa/selenium/json/JsonTypeCoercer <init> (Ljava/util/stream/Stream;)V 413 <appendix> argL0 ; # org/openqa/selenium/json/JsonTypeCoercer$$Lambda+0x000001c99d406bd0
instanceKlass  @bci org/openqa/selenium/json/JsonTypeCoercer <init> (Ljava/util/stream/Stream;)V 374 <appendix> argL0 ; # org/openqa/selenium/json/JsonTypeCoercer$$Lambda+0x000001c99d406708
instanceKlass  @bci java/util/stream/Collectors toCollection (Ljava/util/function/Supplier;)Ljava/util/stream/Collector; 10 <appendix> argL0 ; # java/util/stream/Collectors$$Lambda+0x000001c99d3c57d8
instanceKlass  @bci java/util/stream/Collectors toCollection (Ljava/util/function/Supplier;)Ljava/util/stream/Collector; 5 <appendix> argL0 ; # java/util/stream/Collectors$$Lambda+0x000001c99d3c55a8
instanceKlass  @bci org/openqa/selenium/json/JsonTypeCoercer <init> (Ljava/util/stream/Stream;)V 349 <appendix> argL0 ; # org/openqa/selenium/json/JsonTypeCoercer$$Lambda+0x000001c99d4064e8
instanceKlass  @bci org/openqa/selenium/json/JsonTypeCoercer <init> (Ljava/util/stream/Stream;)V 314 <appendix> argL0 ; # org/openqa/selenium/json/JsonTypeCoercer$$Lambda+0x000001c99d405ff0
instanceKlass  @bci org/openqa/selenium/json/JsonTypeCoercer <init> (Ljava/util/stream/Stream;)V 309 <appendix> argL0 ; # org/openqa/selenium/json/JsonTypeCoercer$$Lambda+0x000001c99d405dc0
instanceKlass  @bci org/openqa/selenium/json/JsonTypeCoercer <init> (Ljava/util/stream/Stream;)V 304 <appendix> argL0 ; # org/openqa/selenium/json/JsonTypeCoercer$$Lambda+0x000001c99d405ba0
instanceKlass  @bci org/openqa/selenium/json/JsonTypeCoercer <init> (Ljava/util/stream/Stream;)V 198 <appendix> argL0 ; # org/openqa/selenium/json/JsonTypeCoercer$$Lambda+0x000001c99d4046c0
instanceKlass  @bci org/openqa/selenium/json/JsonTypeCoercer <init> (Ljava/util/stream/Stream;)V 177 <appendix> argL0 ; # org/openqa/selenium/json/JsonTypeCoercer$$Lambda+0x000001c99d404480
instanceKlass  @bci org/openqa/selenium/json/JsonTypeCoercer <init> (Ljava/util/stream/Stream;)V 156 <appendix> argL0 ; # org/openqa/selenium/json/JsonTypeCoercer$$Lambda+0x000001c99d404240
instanceKlass  @cpi org/openqa/selenium/json/JsonTypeCoercer 423 form vmentry <vmtarget> ; # java/lang/invoke/LambdaForm$DMH+0x000001c99d403000
instanceKlass  @bci org/openqa/selenium/json/JsonTypeCoercer <init> (Ljava/util/stream/Stream;)V 135 <appendix> argL0 ; # org/openqa/selenium/json/JsonTypeCoercer$$Lambda+0x000001c99d404000
instanceKlass  @bci org/openqa/selenium/json/JsonTypeCoercer <init> (Ljava/util/stream/Stream;)V 114 <appendix> argL0 ; # org/openqa/selenium/json/JsonTypeCoercer$$Lambda+0x000001c99d3bfcb8
instanceKlass  @cpi org/openqa/selenium/json/JsonTypeCoercer 409 form vmentry <vmtarget> ; # java/lang/invoke/LambdaForm$DMH+0x000001c99d402c00
instanceKlass  @bci org/openqa/selenium/json/JsonTypeCoercer <init> (Ljava/util/stream/Stream;)V 93 <appendix> argL0 ; # org/openqa/selenium/json/JsonTypeCoercer$$Lambda+0x000001c99d3bfa78
instanceKlass  @cpi org/openqa/selenium/json/JsonTypeCoercer 406 form vmentry <vmtarget> ; # java/lang/invoke/LambdaForm$DMH+0x000001c99d402800
instanceKlass  @bci org/openqa/selenium/json/JsonTypeCoercer <init> (Ljava/util/stream/Stream;)V 72 <appendix> argL0 ; # org/openqa/selenium/json/JsonTypeCoercer$$Lambda+0x000001c99d3bf838
instanceKlass  @bci org/openqa/selenium/json/JsonTypeCoercer <init> (Ljava/util/stream/Stream;)V 20 <appendix> argL0 ; # org/openqa/selenium/json/JsonTypeCoercer$$Lambda+0x000001c99d3bf0a0
instanceKlass org/openqa/selenium/json/TypeCoercer
instanceKlass org/openqa/selenium/json/JsonTypeCoercer
instanceKlass org/openqa/selenium/json/TypeToken
instanceKlass org/openqa/selenium/json/Json
instanceKlass  @bci jdk/internal/net/http/SocketTube$InternalReadPublisher$InternalReadSubscription request (J)V 82 <appendix> form vmentry <vmtarget> ; # java/lang/invoke/LambdaForm$MH+0x000001c99d402400
instanceKlass  @bci jdk/internal/net/http/SocketTube$InternalReadPublisher$InternalReadSubscription request (J)V 82 <appendix> argL3 form vmentry <vmtarget> ; # java/lang/invoke/LambdaForm$MH+0x000001c99d402000
# instanceKlass java/lang/invoke/LambdaForm$MH+0x000001c99d401c00
# instanceKlass java/lang/invoke/LambdaForm$MH+0x000001c99d401800
instanceKlass  @bci jdk/internal/net/http/SocketTube$InternalReadPublisher$InternalReadSubscription request (J)V 82 <appendix> argL1 form vmentry <vmtarget> ; # java/lang/invoke/LambdaForm$MH+0x000001c99d401400
# instanceKlass java/lang/invoke/LambdaForm$MH+0x000001c99d401000
instanceKlass  @bci org/openqa/selenium/os/ExternalProcess$Builder start ()Lorg/openqa/selenium/os/ExternalProcess; 68 <appendix> member <vmtarget> ; # org/openqa/selenium/os/ExternalProcess$Builder$$Lambda+0x000001c99d3bdd10
instanceKlass sun/util/logging/PlatformLogger$ConfigurableBridge$LoggerConfiguration
instanceKlass java/io/FilePermission$1
instanceKlass jdk/internal/access/JavaIOFilePermissionAccess
instanceKlass jdk/internal/logger/LoggerFinderLoader
instanceKlass  @bci java/lang/System$LoggerFinder accessProvider ()Ljava/lang/System$LoggerFinder; 8 <appendix> argL0 ; # java/lang/System$LoggerFinder$$Lambda+0x000001c99d3c3b38
instanceKlass jdk/internal/logger/LazyLoggers$LazyLoggerFactories
instanceKlass jdk/internal/logger/LazyLoggers$1
instanceKlass jdk/internal/logger/LazyLoggers
instanceKlass java/lang/ProcessImpl$2
instanceKlass java/util/concurrent/LinkedTransferQueue$DualNode
instanceKlass java/util/concurrent/TransferQueue
instanceKlass  @bci java/lang/ProcessHandleImpl lambda$static$1 ()Ljava/util/concurrent/Executor; 45 <appendix> member <vmtarget> ; # java/lang/ProcessHandleImpl$$Lambda+0x000001c99d3c1000
instanceKlass  @cpi java/lang/ProcessHandleImpl 436 form vmentry <vmtarget> ; # java/lang/invoke/LambdaForm$DMH+0x000001c99d400c00
# instanceKlass java/lang/invoke/LambdaForm$DMH+0x000001c99d400800
instanceKlass  @bci java/lang/ProcessHandleImpl <clinit> ()V 32 <appendix> argL0 ; # java/lang/ProcessHandleImpl$$Lambda+0x000001c99d3c0de0
instanceKlass java/lang/ProcessHandleImpl
instanceKlass java/lang/ProcessHandle
instanceKlass  @bci java/lang/ProcessHandleImpl lambda$static$1 ()Ljava/util/concurrent/Executor; 45 <appendix> form vmentry <vmtarget> ; # java/lang/invoke/LambdaForm$DMH+0x000001c99d400400
instanceKlass  @bci java/lang/ProcessImpl <init> ([Ljava/lang/String;Ljava/lang/String;Ljava/lang/String;[JZZ)V 286 <appendix> member <vmtarget> ; # java/lang/ProcessImpl$$Lambda+0x000001c99d3c0720
instanceKlass  @cpi java/lang/ProcessImpl 640 form vmentry <vmtarget> ; # java/lang/invoke/LambdaForm$DMH+0x000001c99d400000
instanceKlass java/lang/ProcessBuilder
instanceKlass org/openqa/selenium/os/ExternalProcess$Builder
instanceKlass org/openqa/selenium/os/ExternalProcess
instanceKlass java/nio/file/FileStore
instanceKlass sun/nio/fs/WindowsSecurity
instanceKlass sun/nio/fs/AbstractAclFileAttributeView
instanceKlass java/nio/file/attribute/AclFileAttributeView
instanceKlass java/nio/file/attribute/FileOwnerAttributeView
instanceKlass sun/nio/fs/WindowsLinkSupport
instanceKlass sun/nio/fs/WindowsFileSystemProvider$1
instanceKlass org/openqa/selenium/Proxy
instanceKlass org/openqa/selenium/manager/SeleniumManagerOutput$Result
instanceKlass java/lang/Thread$ThreadNumbering
instanceKlass  @bci org/openqa/selenium/manager/SeleniumManager <init> ()V 94 <appendix> member <vmtarget> ; # org/openqa/selenium/manager/SeleniumManager$$Lambda+0x000001c99d3bcc30
instanceKlass org/openqa/selenium/manager/SeleniumManager
instanceKlass org/openqa/selenium/remote/service/DriverFinder
instanceKlass org/openqa/selenium/BuildInfo
instanceKlass org/openqa/selenium/remote/http/AddSeleniumUserAgent
instanceKlass org/openqa/selenium/internal/Debug
instanceKlass org/openqa/selenium/remote/http/Routable
instanceKlass org/openqa/selenium/remote/http/HttpHandler
instanceKlass org/openqa/selenium/remote/http/RetryRequest
instanceKlass org/openqa/selenium/remote/http/Filter
instanceKlass org/openqa/selenium/remote/http/ClientConfig
instanceKlass jdk/internal/vm/ThreadContainers
instanceKlass jdk/internal/vm/StackableScope
instanceKlass java/util/concurrent/ThreadPoolExecutor$AbortPolicy
instanceKlass java/util/concurrent/RejectedExecutionHandler
instanceKlass java/util/concurrent/AbstractExecutorService
instanceKlass java/util/concurrent/Executors
instanceKlass  @bci org/openqa/selenium/remote/service/DriverService <init> (Ljava/io/File;ILjava/time/Duration;Ljava/util/List;Ljava/util/Map;)V 6 <appendix> argL0 ; # org/openqa/selenium/remote/service/DriverService$$Lambda+0x000001c99d3baea8
instanceKlass java/util/concurrent/atomic/Striped64$1
instanceKlass jdk/internal/util/random/RandomSupport
instanceKlass java/net/InetAddress$CachedLookup
instanceKlass sun/net/InetAddressCachePolicy$1
instanceKlass sun/net/InetAddressCachePolicy
instanceKlass  @bci java/net/InetAddress getAddressesFromNameService (Ljava/lang/String;)[Ljava/net/InetAddress; 94 <appendix> argL0 ; # java/net/InetAddress$$Lambda+0x000001c99d17b420
instanceKlass  @bci java/net/InetAddress loadResolver ()Ljava/net/spi/InetAddressResolver; 8 <appendix> argL0 ; # java/net/InetAddress$$Lambda+0x000001c99d17b1e0
instanceKlass java/net/spi/InetAddressResolverProvider
instanceKlass java/net/InetAddress$NameServiceAddresses
instanceKlass java/net/InetAddress$Addresses
instanceKlass java/util/concurrent/ConcurrentSkipListMap$Iter
instanceKlass java/net/ServerSocket
instanceKlass org/openqa/selenium/net/FixedIANAPortRange
instanceKlass org/openqa/selenium/net/EphemeralPortRangeDetector
instanceKlass org/openqa/selenium/net/PortProber
instanceKlass org/openqa/selenium/remote/service/DriverService$Builder
instanceKlass  @bci org/openqa/selenium/chromium/ChromiumDriver <clinit> ()V 0 <appendix> argL0 ; # org/openqa/selenium/chromium/ChromiumDriver$$Lambda+0x000001c99d3b22e0
instanceKlass org/openqa/selenium/remote/service/DriverService
instanceKlass org/openqa/selenium/devtools/CdpInfo
instanceKlass org/openqa/selenium/remote/Network
instanceKlass org/openqa/selenium/virtualauthenticator/VirtualAuthenticator
instanceKlass org/openqa/selenium/remote/CommandExecutor
instanceKlass org/openqa/selenium/remote/http/HttpClient$Factory
instanceKlass org/openqa/selenium/remote/tracing/Tracer
instanceKlass org/openqa/selenium/federatedcredentialmanagement/FederatedCredentialManagementDialog
instanceKlass org/openqa/selenium/remote/Script
instanceKlass org/openqa/selenium/logging/Logs
instanceKlass org/openqa/selenium/remote/ExecuteMethod
instanceKlass org/openqa/selenium/remote/FileDetector
instanceKlass  @bci org/openqa/selenium/SharedCapabilitiesMethods abbreviate (Ljava/util/Map;Ljava/lang/Object;)Ljava/lang/String; 103 <appendix> member <vmtarget> ; # org/openqa/selenium/SharedCapabilitiesMethods$$Lambda+0x000001c99d3b55f0
instanceKlass  @bci java/util/Collections$UnmodifiableMap$UnmodifiableEntrySet entryConsumer (Ljava/util/function/Consumer;)Ljava/util/function/Consumer; 1 <appendix> member <vmtarget> ; # java/util/Collections$UnmodifiableMap$UnmodifiableEntrySet$$Lambda+0x000001c99d178be0
instanceKlass  @bci org/openqa/selenium/SharedCapabilitiesMethods abbreviate (Ljava/util/Map;Ljava/lang/Object;)Ljava/lang/String; 183 <appendix> member <vmtarget> ; # org/openqa/selenium/SharedCapabilitiesMethods$$Lambda+0x000001c99d3b53a8
instanceKlass  @bci org/openqa/selenium/SharedCapabilitiesMethods abbreviate (Ljava/util/Map;Ljava/lang/Object;)Ljava/lang/String; 169 <appendix> argL0 ; # org/openqa/selenium/SharedCapabilitiesMethods$$Lambda+0x000001c99d3b5168
instanceKlass  @bci java/util/TreeMap$EntrySpliterator getComparator ()Ljava/util/Comparator; 21 <appendix> argL0 ; # java/util/TreeMap$EntrySpliterator$$Lambda+0x000001c99d178948
instanceKlass java/util/TreeMap$TreeMapSpliterator
instanceKlass java/util/Collections$UnmodifiableMap$UnmodifiableEntrySet$UnmodifiableEntrySetSpliterator
instanceKlass java/io/FileOutputStream$1
instanceKlass  @bci java/util/Map$Entry comparingByKey ()Ljava/util/Comparator; 0 <appendix> argL0 ; # java/util/Map$Entry$$Lambda+0x000001c99d177d88
instanceKlass sun/util/cldr/CLDRBaseLocaleDataMetaInfo$TZCanonicalIDMapHolder
instanceKlass sun/util/resources/provider/NonBaseLocaleDataMetaInfo
instanceKlass  @bci sun/util/locale/provider/JRELocaleProviderAdapter createSupportedLocaleString (Ljava/lang/String;)Ljava/lang/String; 6 <appendix> member <vmtarget> ; # sun/util/locale/provider/JRELocaleProviderAdapter$$Lambda+0x000001c99d176ab8
instanceKlass sun/util/locale/provider/BaseLocaleDataMetaInfo
instanceKlass  @bci sun/util/locale/provider/JRELocaleProviderAdapter getTimeZoneNameProvider ()Ljava/util/spi/TimeZoneNameProvider; 8 <appendix> member <vmtarget> ; # sun/util/locale/provider/JRELocaleProviderAdapter$$Lambda+0x000001c99d176638
instanceKlass  @bci sun/util/cldr/CLDRLocaleProviderAdapter getTimeZoneNameProvider ()Ljava/util/spi/TimeZoneNameProvider; 8 <appendix> member <vmtarget> ; # sun/util/cldr/CLDRLocaleProviderAdapter$$Lambda+0x000001c99d175f90
instanceKlass sun/util/locale/provider/TimeZoneNameUtility$TimeZoneNameGetter
instanceKlass sun/util/locale/provider/TimeZoneNameUtility
instanceKlass  @bci net/serenitybdd/core/webdriver/driverproviders/CapabilitiesConverter capabilitiesToProperties (Lorg/openqa/selenium/Capabilities;)Ljava/util/Properties; 15 <appendix> member <vmtarget> ; # net/serenitybdd/core/webdriver/driverproviders/CapabilitiesConverter$$Lambda+0x000001c99d3b4f30
instanceKlass  @bci org/openqa/selenium/remote/AbstractDriverOptions asMap ()Ljava/util/Map; 18 <appendix> member <vmtarget> ; # org/openqa/selenium/remote/AbstractDriverOptions$$Lambda+0x000001c99d3b4cf8
instanceKlass net/serenitybdd/core/webdriver/driverproviders/CapabilitiesConverter
instanceKlass  @bci net/thucydides/core/steps/TestContext <clinit> ()V 0 <appendix> argL0 ; # net/thucydides/core/steps/TestContext$$Lambda+0x000001c99d3b48d0
instanceKlass net/thucydides/core/steps/TestContext
instanceKlass  @bci net/serenitybdd/core/webdriver/driverproviders/EnhanceCapabilitiesWithFixtures applyFixturesTo (Lorg/openqa/selenium/MutableCapabilities;)V 10 <appendix> member <vmtarget> ; # net/serenitybdd/core/webdriver/driverproviders/EnhanceCapabilitiesWithFixtures$$Lambda+0x000001c99d3b4458
instanceKlass net/serenitybdd/core/webdriver/driverproviders/EnhanceCapabilitiesWithFixtures
instanceKlass  @bci net/serenitybdd/core/webdriver/driverproviders/DriverArgs fromValue (Ljava/lang/String;)Ljava/util/List; 77 <appendix> argL0 ; # net/serenitybdd/core/webdriver/driverproviders/DriverArgs$$Lambda+0x000001c99d3b4000
instanceKlass com/fasterxml/jackson/core/type/TypeReference
instanceKlass net/thucydides/core/webdriver/CapabilityValue
instanceKlass net/serenitybdd/core/webdriver/driverproviders/DriverArgs
instanceKlass net/serenitybdd/core/webdriver/driverproviders/EnvironmentSwitches
instanceKlass  @bci net/serenitybdd/core/webdriver/driverproviders/InsecureCertConfig acceptInsecureCertsDefinedIn (Lnet/thucydides/model/util/EnvironmentVariables;)Ljava/util/Optional; 21 <appendix> argL0 ; # net/serenitybdd/core/webdriver/driverproviders/InsecureCertConfig$$Lambda+0x000001c99d3aeac8
instanceKlass net/serenitybdd/core/webdriver/driverproviders/InsecureCertConfig
instanceKlass  @bci net/serenitybdd/core/webdriver/driverproviders/ConfigureChromiumOptions applyCustomChromeOptionsTo (Lorg/openqa/selenium/chromium/ChromiumOptions;)V 56 <appendix> member <vmtarget> ; # net/serenitybdd/core/webdriver/driverproviders/ConfigureChromiumOptions$$Lambda+0x000001c99d3ae688
instanceKlass net/serenitybdd/plugins/CapabilityTags
instanceKlass net/serenitybdd/core/webdriver/enhancers/CustomChromiumOptions
instanceKlass net/serenitybdd/core/webdriver/driverproviders/ConfigureChromiumOptions
instanceKlass  @bci org/openqa/selenium/chromium/ChromiumOptions lambda$mergeInPlace$4 (Ljava/util/Map;)V 2 <appendix> member <vmtarget> ; # org/openqa/selenium/chromium/ChromiumOptions$$Lambda+0x000001c99d3ade30
instanceKlass  @bci org/openqa/selenium/chromium/ChromiumOptions mergeInPlace (Lorg/openqa/selenium/Capabilities;)V 368 <appendix> member <vmtarget> ; # org/openqa/selenium/chromium/ChromiumOptions$$Lambda+0x000001c99d3adbf8
instanceKlass  @bci org/openqa/selenium/chromium/ChromiumOptions mergeInPlace (Lorg/openqa/selenium/Capabilities;)V 350 <appendix> member <vmtarget> ; # org/openqa/selenium/chromium/ChromiumOptions$$Lambda+0x000001c99d3ad9c0
instanceKlass  @cpi org/openqa/selenium/remote/service/DriverService 477 form vmentry <vmtarget> ; # java/lang/invoke/LambdaForm$DMH+0x000001c99d3b0000
instanceKlass  @bci org/openqa/selenium/chromium/ChromiumOptions mergeInPlace (Lorg/openqa/selenium/Capabilities;)V 337 <appendix> member <vmtarget> ; # org/openqa/selenium/chromium/ChromiumOptions$$Lambda+0x000001c99d3ad788
instanceKlass  @bci org/openqa/selenium/chromium/ChromiumOptions addExtensions (Ljava/util/List;)Lorg/openqa/selenium/chromium/ChromiumOptions; 1 <appendix> argL0 ; # org/openqa/selenium/chromium/ChromiumOptions$$Lambda+0x000001c99d3ad558
instanceKlass  @bci java/util/stream/StreamSpliterators$WrappingSpliterator forEachRemaining (Ljava/util/function/Consumer;)V 33 <appendix> member <vmtarget> ; # java/util/stream/StreamSpliterators$WrappingSpliterator$$Lambda+0x000001c99d1758a8
instanceKlass java/util/stream/StreamSpliterators
instanceKlass java/util/stream/Streams$2
instanceKlass java/util/stream/StreamSpliterators$AbstractWrappingSpliterator
instanceKlass  @bci java/util/stream/AbstractPipeline spliterator ()Ljava/util/Spliterator; 103 <appendix> member <vmtarget> ; # java/util/stream/AbstractPipeline$$Lambda+0x000001c99d174d18
instanceKlass java/util/stream/Streams$ConcatSpliterator
instanceKlass  @bci org/openqa/selenium/chromium/ChromiumOptions getExtraCapability (Ljava/lang/String;)Ljava/lang/Object; 87 <appendix> argL0 ; # org/openqa/selenium/chromium/ChromiumOptions$$Lambda+0x000001c99d3ad318
instanceKlass  @bci org/openqa/selenium/Capabilities getPlatformName ()Lorg/openqa/selenium/Platform; 36 <appendix> argL0 ; # org/openqa/selenium/Capabilities$$Lambda+0x000001c99d3ad0c8
instanceKlass  @bci org/openqa/selenium/Capabilities getPlatformName ()Lorg/openqa/selenium/Platform; 26 <appendix> argL0 ; # org/openqa/selenium/Capabilities$$Lambda+0x000001c99d3ace88
instanceKlass  @bci org/openqa/selenium/Capabilities getPlatformName ()Lorg/openqa/selenium/Platform; 16 <appendix> argL0 ; # org/openqa/selenium/Capabilities$$Lambda+0x000001c99d3ac9c0
instanceKlass  @bci org/openqa/selenium/Capabilities getPlatformName ()Lorg/openqa/selenium/Platform; 6 <appendix> member <vmtarget> ; # org/openqa/selenium/Capabilities$$Lambda+0x000001c99d3ac778
instanceKlass net/thucydides/core/webdriver/capabilities/SetBrowserVersionAndPlatform
instanceKlass net/thucydides/core/webdriver/capabilities/ChromiumOptionsBuilder
instanceKlass org/openqa/selenium/SharedCapabilitiesMethods
instanceKlass  @bci org/openqa/selenium/remote/Browser <clinit> ()V 62 <appendix> argL0 ; # org/openqa/selenium/remote/Browser$$Lambda+0x000001c99d3abca0
instanceKlass org/openqa/selenium/remote/Browser$3
instanceKlass  @bci org/openqa/selenium/remote/Browser <clinit> ()V 44 <appendix> argL0 ; # org/openqa/selenium/remote/Browser$$Lambda+0x000001c99d3ab7f8
instanceKlass  @bci org/openqa/selenium/remote/Browser <clinit> ()V 36 <appendix> argL0 ; # org/openqa/selenium/remote/Browser$$Lambda+0x000001c99d3ab5a8
instanceKlass  @bci org/openqa/selenium/remote/Browser <clinit> ()V 28 <appendix> argL0 ; # org/openqa/selenium/remote/Browser$$Lambda+0x000001c99d3ab358
instanceKlass  @bci org/openqa/selenium/remote/Browser <clinit> ()V 20 <appendix> argL0 ; # org/openqa/selenium/remote/Browser$$Lambda+0x000001c99d3ab108
instanceKlass org/openqa/selenium/remote/Browser$2
instanceKlass org/openqa/selenium/remote/Browser$1
instanceKlass org/openqa/selenium/remote/Browser
instanceKlass  @bci net/thucydides/core/webdriver/capabilities/W3CCapabilities parentFieldNamesIn (Ljava/util/List;)Ljava/util/List; 16 <appendix> argL0 ; # net/thucydides/core/webdriver/capabilities/W3CCapabilities$$Lambda+0x000001c99d3aa588
instanceKlass  @bci net/thucydides/core/webdriver/capabilities/W3CCapabilities parentFieldNamesIn (Ljava/util/List;)Ljava/util/List; 6 <appendix> argL0 ; # net/thucydides/core/webdriver/capabilities/W3CCapabilities$$Lambda+0x000001c99d3aa338
instanceKlass  @bci net/thucydides/core/webdriver/capabilities/W3CCapabilities leafFieldNamesIn (Ljava/util/List;)Ljava/util/List; 16 <appendix> argL0 ; # net/thucydides/core/webdriver/capabilities/W3CCapabilities$$Lambda+0x000001c99d3aa0e8
instanceKlass  @bci net/thucydides/core/webdriver/capabilities/W3CCapabilities leafFieldNamesIn (Ljava/util/List;)Ljava/util/List; 6 <appendix> argL0 ; # net/thucydides/core/webdriver/capabilities/W3CCapabilities$$Lambda+0x000001c99d3a9e98
instanceKlass  @bci net/thucydides/core/webdriver/capabilities/W3CCapabilities nonMandatoryFieldNamesIn (Lcom/typesafe/config/Config;)Ljava/util/List; 11 <appendix> argL0 ; # net/thucydides/core/webdriver/capabilities/W3CCapabilities$$Lambda+0x000001c99d3a9c58
instanceKlass  @bci net/serenitybdd/model/environment/EnvironmentSpecificConfiguration getConfig (Ljava/lang/String;)Lcom/typesafe/config/Config; 29 <appendix> member <vmtarget> ; # net/serenitybdd/model/environment/EnvironmentSpecificConfiguration$$Lambda+0x000001c99d3a9a10
instanceKlass  @bci net/serenitybdd/model/environment/EnvironmentSpecificConfiguration getConfig (Ljava/lang/String;)Lcom/typesafe/config/Config; 18 <appendix> member <vmtarget> ; # net/serenitybdd/model/environment/EnvironmentSpecificConfiguration$$Lambda+0x000001c99d3a97b8
instanceKlass net/thucydides/core/webdriver/capabilities/W3CCapabilities
instanceKlass net/serenitybdd/model/CurrentOS
instanceKlass net/serenitybdd/core/webdriver/driverproviders/DriverExecutableIsDefined
instanceKlass net/serenitybdd/core/webdriver/driverproviders/UpdateDriverEnvironmentProperty
instanceKlass net/thucydides/core/webdriver/WebDriverInstanceEventListener
instanceKlass net/serenitybdd/core/webdriver/driverproviders/AppiumDriverProvider
instanceKlass net/serenitybdd/core/webdriver/driverproviders/ProvidedDriverProvider
instanceKlass net/serenitybdd/core/webdriver/driverproviders/HTMLUnitDriverProvider
instanceKlass net/serenitybdd/core/webdriver/driverproviders/RemoteDriverProvider
instanceKlass net/serenitybdd/core/webdriver/driverproviders/DownloadableDriverProvider
instanceKlass net/serenitybdd/core/webdriver/driverproviders/DriverProvider
instanceKlass net/thucydides/core/webdriver/capabilities/BrowserStackRemoteDriverCapabilities
instanceKlass net/thucydides/core/webdriver/capabilities/RemoteDriverCapabilities
instanceKlass net/thucydides/core/webdriver/DriverStrategySelector
instanceKlass net/thucydides/core/webdriver/redimension/RedimensionBrowser
instanceKlass net/thucydides/core/fixtureservices/FixtureService
instanceKlass net/serenitybdd/core/pages/NormalizeUrlForm
instanceKlass java/net/spi/URLStreamHandlerProvider
instanceKlass java/net/URL$1
instanceKlass java/net/URL$2
instanceKlass jdk/internal/misc/ThreadTracker
instanceKlass java/net/URL$ThreadTrackHolder
instanceKlass net/serenitybdd/annotations/DefaultUrl
instanceKlass net/thucydides/core/steps/BaseMethodRunner
instanceKlass org/junit/runner/manipulation/Orderer
instanceKlass org/junit/runner/manipulation/Ordering
instanceKlass io/cucumber/core/runtime/CucumberExecutionContext$ThrowingRunnable
instanceKlass  @bci net/thucydides/core/steps/CleanupMethodLocator lambda$isAnnotatedWithAFixtureMethod$2 (Ljava/lang/reflect/Method;)Ljava/lang/Boolean; 8 <appendix> member <vmtarget> ; # net/thucydides/core/steps/CleanupMethodLocator$$Lambda+0x000001c99d3a2e40
instanceKlass  @bci net/thucydides/core/steps/CleanupMethodLocator isAnnotatedWithAFixtureMethod (Ljava/lang/StackTraceElement;)Z 45 <appendix> member <vmtarget> ; # net/thucydides/core/steps/CleanupMethodLocator$$Lambda+0x000001c99d3a2bf8
instanceKlass  @bci net/thucydides/core/steps/CleanupMethodLocator isAnnotatedWithAFixtureMethod (Ljava/lang/StackTraceElement;)Z 27 <appendix> member <vmtarget> ; # net/thucydides/core/steps/CleanupMethodLocator$$Lambda+0x000001c99d3a29a0
instanceKlass  @bci net/thucydides/core/steps/CleanupMethodLocator inPackageToSkip (Ljava/lang/String;)Z 15 <appendix> member <vmtarget> ; # net/thucydides/core/steps/CleanupMethodLocator$$Lambda+0x000001c99d3a2748
instanceKlass  @bci net/thucydides/core/steps/CleanupMethodLocator currentMethodWasCalledFromACleanupMethod ()Z 12 <appendix> member <vmtarget> ; # net/thucydides/core/steps/CleanupMethodLocator$$Lambda+0x000001c99d3a24f0
instanceKlass org/joda/time/field/FieldUtils
instanceKlass org/joda/time/DateTimeUtils$SystemMillisProvider
instanceKlass org/joda/time/ReadableInterval
instanceKlass org/joda/time/DateTimeUtils$MillisProvider
instanceKlass org/joda/time/DateTimeUtils
instanceKlass org/joda/time/tz/CachedDateTimeZone$Info
instanceKlass org/joda/time/tz/DateTimeZoneBuilder
instanceKlass org/joda/time/tz/ZoneInfoProvider$1
instanceKlass org/joda/time/tz/ZoneInfoProvider
instanceKlass org/joda/time/format/DateTimeFormatter
instanceKlass org/joda/time/format/DateTimeFormatterBuilder$Composite
instanceKlass org/joda/time/format/DateTimeFormatterBuilder$TimeZoneOffset
instanceKlass org/joda/time/format/InternalParser
instanceKlass org/joda/time/format/InternalPrinter
instanceKlass org/joda/time/format/DateTimeFormatterBuilder
instanceKlass org/joda/time/DateTimeZone$LazyInit
instanceKlass org/joda/time/chrono/BasicChronology$YearInfo
instanceKlass org/joda/time/chrono/AssembledChronology$Fields
instanceKlass org/joda/time/tz/Provider
instanceKlass org/joda/time/tz/NameProvider
instanceKlass org/joda/time/DateTimeZone
instanceKlass org/joda/time/DateTimeFieldType
instanceKlass org/joda/time/DurationFieldType
instanceKlass org/joda/time/DurationField
instanceKlass org/joda/time/DateTimeField
instanceKlass org/joda/time/Chronology
instanceKlass org/joda/time/base/AbstractInstant
instanceKlass org/joda/time/ReadableDateTime
instanceKlass org/joda/time/ReadableInstant
instanceKlass net/thucydides/core/steps/DefaultValue
instanceKlass net/thucydides/model/steps/ScreenplayInspector
# instanceKlass java/lang/invoke/LambdaForm$MH+0x000001c99d390c00
# instanceKlass java/lang/invoke/LambdaForm$MH+0x000001c99d390800
instanceKlass  @cpi java/security/spec/EncodedKeySpec 79 form vmentry <vmtarget> ; # java/lang/invoke/LambdaForm$DMH+0x000001c99d390400
instanceKlass  @bci net/serenitybdd/core/lifecycle/LifecycleRegister hasAnnotatedMethod (Ljava/lang/Object;Ljava/lang/Class;)Z 11 <appendix> member <vmtarget> ; # net/serenitybdd/core/lifecycle/LifecycleRegister$$Lambda+0x000001c99d394220
instanceKlass  @bci net/thucydides/core/steps/session/TestSession <clinit> ()V 8 <appendix> argL0 ; # net/thucydides/core/steps/session/TestSession$$Lambda+0x000001c99d394000
instanceKlass net/thucydides/core/steps/session/TestSessionContext
instanceKlass net/thucydides/core/steps/session/TestSession
instanceKlass net/thucydides/core/pages/PageFactory
instanceKlass  @bci net/thucydides/core/steps/StepsAnnotatedField assignActorNameIn (Ljava/lang/Object;)V 34 <appendix> member <vmtarget> ; # net/thucydides/core/steps/StepsAnnotatedField$$Lambda+0x000001c99d38f628
instanceKlass  @bci net/thucydides/core/steps/StepsAnnotatedField actorFieldIn (Ljava/lang/Object;)Ljava/util/Optional; 15 <appendix> argL0 ; # net/thucydides/core/steps/StepsAnnotatedField$$Lambda+0x000001c99d38f3d8
instanceKlass  @bci net/thucydides/model/util/Inflector titleCase (Ljava/lang/String;[Ljava/lang/String;)Ljava/lang/String; 17 <appendix> member <vmtarget> ; # net/thucydides/model/util/Inflector$$Lambda+0x000001c99d38f190
instanceKlass  @cpi org/openqa/selenium/json/JsonTypeCoercer 449 form vmentry <vmtarget> ; # java/lang/invoke/LambdaForm$DMH+0x000001c99d390000
instanceKlass net/thucydides/model/util/Inflection
instanceKlass net/thucydides/model/reflection/FieldSetter
instanceKlass org/openqa/selenium/interactions/Coordinates
instanceKlass org/openqa/selenium/OutputType
instanceKlass org/openqa/selenium/Rectangle
instanceKlass org/openqa/selenium/Dimension
instanceKlass org/openqa/selenium/Point
instanceKlass net/serenitybdd/core/pages/FluentDropdown
instanceKlass org/openqa/selenium/support/ui/ISelect
instanceKlass net/serenitybdd/core/annotations/ImplementedBy
instanceKlass net/thucydides/core/annotations/locators/WebElementFacadeImplLocator
instanceKlass net/thucydides/core/annotations/locators/AbstractSingleItemHandler
instanceKlass net/serenitybdd/core/pages/WidgetObject
instanceKlass org/openqa/selenium/By$Remotable$Parameters
instanceKlass org/openqa/selenium/internal/Require$ArgumentChecker
instanceKlass org/openqa/selenium/internal/Require
instanceKlass org/openqa/selenium/By$Remotable
instanceKlass org/openqa/selenium/support/CacheLookup
instanceKlass org/openqa/selenium/support/pagefactory/AbstractAnnotations
instanceKlass  @bci net/thucydides/core/annotations/locators/SmartAjaxElementLocator <clinit> ()V 31 <appendix> argL0 ; # net/thucydides/core/annotations/locators/SmartAjaxElementLocator$$Lambda+0x000001c99d388490
instanceKlass  @bci net/thucydides/core/annotations/locators/SmartAjaxElementLocator <clinit> ()V 23 <appendix> argL0 ; # net/thucydides/core/annotations/locators/SmartAjaxElementLocator$$Lambda+0x000001c99d388248
instanceKlass  @bci net/thucydides/core/annotations/locators/SmartAjaxElementLocator <clinit> ()V 15 <appendix> argL0 ; # net/thucydides/core/annotations/locators/SmartAjaxElementLocator$$Lambda+0x000001c99d388000
instanceKlass  @bci net/thucydides/core/annotations/locators/SmartAjaxElementLocator <clinit> ()V 7 <appendix> argL0 ; # net/thucydides/core/annotations/locators/SmartAjaxElementLocator$$Lambda+0x000001c99d381c90
instanceKlass  @cpi net/thucydides/core/annotations/locators/SmartAjaxElementLocator 445 form vmentry <vmtarget> ; # java/lang/invoke/LambdaForm$DMH+0x000001c99d381400
instanceKlass net/thucydides/core/annotations/locators/SmartAjaxElementLocator$SearchContextProvider
instanceKlass net/thucydides/core/annotations/locators/SmartElementLocator
instanceKlass net/thucydides/core/annotations/locators/WithConfigurableTimeout
instanceKlass net/serenitybdd/core/pages/WebElementFacadeImpl
instanceKlass net/thucydides/core/pages/WebElementFacade
instanceKlass net/thucydides/core/pages/WebElementState
instanceKlass org/openqa/selenium/support/PageFactory
instanceKlass io/appium/java_client/pagefactory/iOSXCUITFindAll
instanceKlass io/appium/java_client/pagefactory/iOSXCUITFindBys
instanceKlass io/appium/java_client/pagefactory/iOSXCUITFindBy
instanceKlass io/appium/java_client/pagefactory/AndroidFindAll
instanceKlass io/appium/java_client/pagefactory/AndroidFindBys
instanceKlass io/appium/java_client/pagefactory/AndroidFindBy
instanceKlass org/openqa/selenium/support/FindAll
instanceKlass org/openqa/selenium/support/FindBys
instanceKlass org/openqa/selenium/support/FindBy
instanceKlass net/thucydides/core/annotations/findby/FindBy
instanceKlass net/thucydides/core/annotations/locators/SmartFieldDecorator
instanceKlass org/openqa/selenium/support/pagefactory/ElementLocator
instanceKlass net/thucydides/core/annotations/locators/SmartElementLocatorFactory
instanceKlass  @bci net/thucydides/core/webdriver/appium/AppiumConfiguration currentlyConfiguredTargetPlatform ()Ljava/util/Optional; 39 <appendix> argL0 ; # net/thucydides/core/webdriver/appium/AppiumConfiguration$$Lambda+0x000001c99d386110
instanceKlass  @bci net/thucydides/core/webdriver/appium/AppiumConfiguration currentlyConfiguredTargetPlatform ()Ljava/util/Optional; 7 <appendix> argL0 ; # net/thucydides/core/webdriver/appium/AppiumConfiguration$$Lambda+0x000001c99d385ec0
instanceKlass  @bci java/util/function/Predicate or (Ljava/util/function/Predicate;)Ljava/util/function/Predicate; 7 <appendix> member <vmtarget> ; # java/util/function/Predicate$$Lambda+0x000001c99d1730d0
instanceKlass  @bci java/util/regex/Pattern asPredicate ()Ljava/util/function/Predicate; 1 <appendix> member <vmtarget> ; # java/util/regex/Pattern$$Lambda+0x000001c99d172e78
instanceKlass  @bci org/openqa/selenium/AcceptedW3CCapabilityKeys <clinit> ()V 99 <appendix> argL0 ; # org/openqa/selenium/AcceptedW3CCapabilityKeys$$Lambda+0x000001c99d385838
instanceKlass  @bci org/openqa/selenium/AcceptedW3CCapabilityKeys <clinit> ()V 94 <appendix> argL0 ; # org/openqa/selenium/AcceptedW3CCapabilityKeys$$Lambda+0x000001c99d3855e8
instanceKlass  @bci org/openqa/selenium/AcceptedW3CCapabilityKeys <clinit> ()V 84 <appendix> argL0 ; # org/openqa/selenium/AcceptedW3CCapabilityKeys$$Lambda+0x000001c99d3853a8
instanceKlass  @bci org/openqa/selenium/AcceptedW3CCapabilityKeys <clinit> ()V 74 <appendix> argL0 ; # org/openqa/selenium/AcceptedW3CCapabilityKeys$$Lambda+0x000001c99d385168
instanceKlass org/openqa/selenium/AcceptedW3CCapabilityKeys
instanceKlass org/openqa/selenium/MutableCapabilities
instanceKlass net/thucydides/core/webdriver/appium/AppiumConfiguration
instanceKlass  @bci net/thucydides/model/configuration/SystemPropertiesConfiguration getElementTimeoutInSeconds ()I 10 <appendix> argL0 ; # net/thucydides/model/configuration/SystemPropertiesConfiguration$$Lambda+0x000001c99d384240
instanceKlass  @bci net/thucydides/model/configuration/SystemPropertiesConfiguration webdriverCapabilitiesImplicitTimeoutFrom (Lnet/thucydides/model/util/EnvironmentVariables;)Ljava/util/Optional; 21 <appendix> argL0 ; # net/thucydides/model/configuration/SystemPropertiesConfiguration$$Lambda+0x000001c99d384000
instanceKlass org/openqa/selenium/support/pagefactory/ElementLocatorFactory
instanceKlass net/thucydides/core/webdriver/ElementLocatorFactorySelector
# instanceKlass java/lang/invoke/LambdaForm$MH+0x000001c99d381000
# instanceKlass java/lang/invoke/LambdaForm$MH+0x000001c99d380c00
# instanceKlass java/lang/invoke/LambdaForm$MH+0x000001c99d380800
# instanceKlass java/lang/invoke/LambdaForm$BMH+0x000001c99d380400
# instanceKlass java/lang/invoke/LambdaForm$DMH+0x000001c99d380000
instanceKlass net/thucydides/core/webdriver/AbstractObjectInitialiser
# instanceKlass java/lang/invoke/LambdaForm$MH+0x000001c99d37f400
# instanceKlass java/lang/invoke/LambdaForm$MH+0x000001c99d37f000
# instanceKlass java/lang/invoke/LambdaForm$MH+0x000001c99d37ec00
# instanceKlass java/lang/invoke/LambdaForm$MH+0x000001c99d37e800
# instanceKlass java/lang/invoke/LambdaForm$MH+0x000001c99d37e400
# instanceKlass java/lang/invoke/LambdaForm$BMH+0x000001c99d37e000
# instanceKlass java/lang/invoke/LambdaForm$DMH+0x000001c99d37dc00
# instanceKlass java/lang/invoke/LambdaForm$MH+0x000001c99d37d800
# instanceKlass java/lang/invoke/LambdaForm$DMH+0x000001c99d37d400
instanceKlass java/lang/invoke/ClassSpecializer$Factory$1Var
# instanceKlass java/lang/invoke/LambdaForm$DMH+0x000001c99d37d000
instanceKlass sun/invoke/util/ValueConversions$1
# instanceKlass java/lang/invoke/LambdaForm$DMH+0x000001c99d37cc00
instanceKlass java/lang/StackTraceElement$HashedModules
# instanceKlass java/lang/invoke/LambdaForm$MH+0x000001c99d37c800
# instanceKlass java/lang/invoke/LambdaForm$MH+0x000001c99d37c400
instanceKlass net/serenitybdd/markers/IsHidden
instanceKlass  @bci net/thucydides/core/steps/StepInterceptor isNestedInSilentTask ()Z 18 <appendix> argL0 ; # net/thucydides/core/steps/StepInterceptor$$Lambda+0x000001c99d37b950
instanceKlass net/serenitybdd/markers/CanBeSilent
instanceKlass net/serenitybdd/markers/IsSilent
instanceKlass  @bci net/thucydides/core/steps/PageObjectDependencyInjector pageObjectFieldsIn (Ljava/lang/Object;)Ljava/util/List; 25 <appendix> argL0 ; # net/thucydides/core/steps/PageObjectDependencyInjector$$Lambda+0x000001c99d37b300
instanceKlass  @bci net/serenitybdd/core/injectors/EnvironmentDependencyInjector matchingFieldsIn (Ljava/lang/Object;Ljava/lang/Class;)Ljava/util/List; 26 <appendix> member <vmtarget> ; # net/serenitybdd/core/injectors/EnvironmentDependencyInjector$$Lambda+0x000001c99d37b0a8
instanceKlass  @bci net/serenitybdd/screenplay/injectors/WebCapableActorInjector injectDependenciesInto (Ljava/lang/Object;)V 14 <appendix> member <vmtarget> ; # net/serenitybdd/screenplay/injectors/WebCapableActorInjector$$Lambda+0x000001c99d37ae70
instanceKlass  @bci net/serenitybdd/annotations/Fields fieldsAnnotatedBy (Ljava/lang/Class;)Ljava/util/List; 10 <appendix> member <vmtarget> ; # net/serenitybdd/annotations/Fields$$Lambda+0x000001c99d37ac18
instanceKlass net/serenitybdd/screenplay/annotations/CastMember
instanceKlass net/serenitybdd/core/injectors/EnvironmentDependencyInjector
instanceKlass net/thucydides/core/steps/PageObjectDependencyInjector
instanceKlass net/serenitybdd/screenplay/Ability
instanceKlass net/serenitybdd/screenplay/actors/Cast
instanceKlass net/serenitybdd/screenplay/injectors/WebCapableActorInjector
instanceKlass net/serenitybdd/model/di/DependencyInjector
instanceKlass net/serenitybdd/core/annotations/findby/FindBy
instanceKlass  @bci jdk/internal/reflect/MethodHandleObjectFieldAccessorImpl set (Ljava/lang/Object;Ljava/lang/Object;)V 41 <adapter> ; # java/lang/invoke/LambdaForm$MH+0x000001c99d37c000
instanceKlass  @bci net/thucydides/core/steps/construction/StepLibraryType ofTypePages ()Ljava/util/function/Predicate; 0 <appendix> argL0 ; # net/thucydides/core/steps/construction/StepLibraryType$$Lambda+0x000001c99d378440
instanceKlass net/thucydides/core/steps/construction/StepLibraryType
instanceKlass net/thucydides/core/steps/StepFactory$PageInjector
instanceKlass  @bci org/openqa/selenium/support/ui/Sleeper <clinit> ()V 0 <appendix> argL0 ; # org/openqa/selenium/support/ui/Sleeper$$Lambda+0x000001c99d373dc8
instanceKlass  @cpi org/openqa/selenium/support/ui/Sleeper 41 form vmentry <vmtarget> ; # java/lang/invoke/LambdaForm$DMH+0x000001c99d371c00
instanceKlass  @bci net/thucydides/core/steps/construction/StepLibraryConstructionStrategy hasAPagesField ()Z 17 <appendix> argL0 ; # net/thucydides/core/steps/construction/StepLibraryConstructionStrategy$$Lambda+0x000001c99d373738
instanceKlass org/openqa/selenium/support/ui/Sleeper
instanceKlass  @bci net/thucydides/core/steps/construction/StepLibraryConstructionStrategy hasAConstructorWithParameters ()Z 8 <appendix> member <vmtarget> ; # net/thucydides/core/steps/construction/StepLibraryConstructionStrategy$$Lambda+0x000001c99d3732e0
instanceKlass  @bci net/thucydides/core/steps/construction/StepLibraryConstructionStrategy hasAPagesConstructor ()Z 7 <appendix> argL0 ; # net/thucydides/core/steps/construction/StepLibraryConstructionStrategy$$Lambda+0x000001c99d373090
instanceKlass net/thucydides/core/steps/ScenarioSteps
instanceKlass net/thucydides/core/steps/construction/StepLibraryConstructionStrategy
instanceKlass jdk/internal/org/objectweb/asm/ClassReader
# instanceKlass java/lang/invoke/LambdaForm$MH+0x000001c99d371800
# instanceKlass java/lang/invoke/LambdaForm$MH+0x000001c99d371400
instanceKlass net/bytebuddy/dynamic/ClassFileLocator$Resolution$Explicit
instanceKlass net/bytebuddy/description/type/PackageDescription$AbstractBase
instanceKlass net/bytebuddy/dynamic/ClassFileLocator$Simple
instanceKlass net/bytebuddy/dynamic/loading/ClassLoadingStrategy$UsingLookup
# instanceKlass java/lang/invoke/LambdaForm$MH+0x000001c99d371000
# instanceKlass java/lang/invoke/LambdaForm$MH+0x000001c99d370c00
# instanceKlass java/lang/invoke/LambdaForm$MH+0x000001c99d370800
instanceKlass net/bytebuddy/dynamic/DynamicType$Loaded
instanceKlass net/bytebuddy/dynamic/ClassFileLocator$Resolution
instanceKlass net/bytebuddy/dynamic/DynamicType$AbstractBase
instanceKlass net/bytebuddy/dynamic/DynamicType$Unloaded
instanceKlass net/bytebuddy/dynamic/DynamicType
instanceKlass net/bytebuddy/dynamic/scaffold/TypeWriter$Default$UnresolvedType
instanceKlass net/bytebuddy/implementation/bytecode/constant/ClassConstant$ForReferenceType
instanceKlass net/bytebuddy/dynamic/scaffold/TypeWriter$MethodPool$Record$ForNonImplementedMethod
instanceKlass net/bytebuddy/implementation/bytecode/ByteCodeAppender$Compound
instanceKlass net/bytebuddy/dynamic/scaffold/TypeInitializer$Simple
instanceKlass net/bytebuddy/implementation/bytecode/ByteCodeAppender$Simple
instanceKlass net/bytebuddy/dynamic/scaffold/TypeInitializer$Drain$Default
# instanceKlass java/lang/invoke/LambdaForm$MH+0x000001c99d370400
# instanceKlass java/lang/invoke/LambdaForm$MH+0x000001c99d370000
instanceKlass net/bytebuddy/description/type/TypeDescription$Generic$AnnotationReader$Delegator$ForLoadedExecutableExceptionType$Dispatcher
# instanceKlass java/lang/invoke/LambdaForm$MH+0x000001c99d36dc00
# instanceKlass java/lang/invoke/LambdaForm$MH+0x000001c99d36d800
# instanceKlass java/lang/invoke/LambdaForm$MH+0x000001c99d36d400
# instanceKlass java/lang/invoke/LambdaForm$MH+0x000001c99d36d000
# instanceKlass java/lang/invoke/LambdaForm$MH+0x000001c99d36cc00
# instanceKlass java/lang/invoke/LambdaForm$MH+0x000001c99d36c800
# instanceKlass java/lang/invoke/LambdaForm$MH+0x000001c99d36c400
# instanceKlass java/lang/invoke/LambdaForm$MH+0x000001c99d36c000
instanceKlass net/bytebuddy/implementation/bytecode/Removal$2
instanceKlass java/lang/reflect/AnnotatedWildcardType
instanceKlass net/bytebuddy/description/type/TypeDescription$Generic$AnnotationReader$ForWildcardUpperBoundType$AnnotatedWildcardType
instanceKlass net/bytebuddy/implementation/bytecode/assign/primitive/PrimitiveBoxingDelegate$BoxingStackManipulation
instanceKlass net/bytebuddy/implementation/bytecode/assign/primitive/PrimitiveUnboxingDelegate$ImplicitlyTypedUnboxingResponsible
instanceKlass net/bytebuddy/implementation/bytecode/assign/primitive/PrimitiveUnboxingDelegate$UnboxingResponsible
instanceKlass java/lang/reflect/AnnotatedParameterizedType
instanceKlass net/bytebuddy/description/type/TypeDescription$Generic$AnnotationReader$ForTypeArgument$AnnotatedParameterizedType
instanceKlass net/bytebuddy/description/type/TypeDescription$Generic$AnnotationReader$ForTypeVariableBoundType$OfFormalTypeVariable$FormalTypeVariable
instanceKlass net/bytebuddy/implementation/bytecode/ByteCodeAppender$Size
instanceKlass net/bytebuddy/description/method/ParameterDescription$Token
instanceKlass net/bytebuddy/implementation/Implementation$Context$Default$FieldCacheEntry
instanceKlass net/bytebuddy/implementation/bind/MethodDelegationBinder$MethodBinding$Builder$Build
instanceKlass net/bytebuddy/implementation/bind/annotation/SuperMethod$Binder$DelegationMethod
instanceKlass net/bytebuddy/implementation/bytecode/member/MethodInvocation$WithImplicitInvocationTargetType
instanceKlass net/bytebuddy/description/method/MethodDescription$SignatureToken
instanceKlass net/bytebuddy/implementation/bytecode/member/FieldAccess$AccessDispatcher
instanceKlass net/bytebuddy/implementation/bytecode/member/FieldAccess$Defined
instanceKlass net/bytebuddy/dynamic/scaffold/FieldLocator$Resolution$Simple
instanceKlass net/bytebuddy/description/type/TypeDefinition$SuperClassIterator
instanceKlass net/bytebuddy/implementation/bytecode/collection/ArrayFactory$ArrayStackManipulation
instanceKlass net/bytebuddy/implementation/bytecode/StackManipulation$Size
instanceKlass net/bytebuddy/implementation/bytecode/collection/ArrayFactory$ArrayCreator
instanceKlass net/bytebuddy/implementation/bytecode/collection/ArrayFactory
instanceKlass net/bytebuddy/implementation/bytecode/collection/CollectionFactory
instanceKlass net/bytebuddy/implementation/bytecode/constant/MethodConstant$CachedMethod
instanceKlass net/bytebuddy/implementation/bytecode/constant/MethodConstant$CanCache
instanceKlass net/bytebuddy/implementation/bytecode/member/MethodVariableAccess$MethodLoading$TypeCastingHandler
instanceKlass net/bytebuddy/implementation/bind/MethodDelegationBinder$ParameterBinding$Anonymous
instanceKlass net/bytebuddy/implementation/bind/MethodDelegationBinder$MethodBinding$Builder
instanceKlass net/bytebuddy/implementation/bytecode/StackManipulation$AbstractBase
instanceKlass net/bytebuddy/implementation/bytecode/StackManipulation$Compound
instanceKlass java/lang/reflect/AnnotatedArrayType
instanceKlass net/bytebuddy/description/type/TypeDescription$Generic$AnnotationReader$ForComponentType$AnnotatedParameterizedType
instanceKlass net/bytebuddy/dynamic/scaffold/TypeWriter$MethodPool$Record$AccessBridgeWrapper
instanceKlass net/bytebuddy/implementation/attribute/AnnotationAppender$Target$OnField
instanceKlass net/bytebuddy/dynamic/scaffold/TypeWriter$FieldPool$Record$ForExplicitField
instanceKlass net/bytebuddy/jar/asm/TypeReference
instanceKlass net/bytebuddy/implementation/attribute/AnnotationAppender$ForTypeAnnotations
instanceKlass net/bytebuddy/implementation/attribute/AnnotationAppender$Target$OnType
instanceKlass net/bytebuddy/implementation/attribute/AnnotationAppender$Default
instanceKlass net/bytebuddy/description/type/TypeDescription$Generic$Visitor$ForSignatureVisitor
instanceKlass net/bytebuddy/jar/asm/signature/SignatureVisitor
instanceKlass net/bytebuddy/dynamic/scaffold/TypeWriter$Default$ValidatingClassVisitor$Constraint
instanceKlass net/bytebuddy/dynamic/scaffold/TypeWriter$MethodPool$Record$ForDefinedMethod
instanceKlass net/bytebuddy/implementation/Implementation$Context$ExtractableView$AbstractBase
instanceKlass net/bytebuddy/utility/AsmClassWriter$ForAsm
instanceKlass net/bytebuddy/jar/asm/ClassReader
instanceKlass net/bytebuddy/description/type/RecordComponentDescription$InDefinedShape
instanceKlass net/bytebuddy/description/type/RecordComponentDescription
instanceKlass net/bytebuddy/dynamic/scaffold/TypeInitializer$Drain
instanceKlass net/bytebuddy/dynamic/scaffold/inline/MethodRebaseResolver
instanceKlass net/bytebuddy/dynamic/scaffold/TypeWriter$Default$ClassDumpAction$Dispatcher
instanceKlass net/bytebuddy/dynamic/scaffold/TypeWriter$Default
instanceKlass net/bytebuddy/dynamic/scaffold/TypeWriter
instanceKlass net/bytebuddy/dynamic/scaffold/TypeWriter$RecordComponentPool$Record
instanceKlass net/bytebuddy/dynamic/scaffold/RecordComponentRegistry$Default$Compiled
instanceKlass net/bytebuddy/dynamic/scaffold/FieldRegistry$Default$Compiled
instanceKlass net/bytebuddy/description/type/TypeVariableToken
instanceKlass net/bytebuddy/description/type/TypeDescription$Generic$Visitor$Reducing
instanceKlass net/bytebuddy/description/field/FieldDescription$SignatureToken
instanceKlass net/bytebuddy/dynamic/scaffold/TypeWriter$FieldPool$Record
instanceKlass net/bytebuddy/dynamic/scaffold/FieldRegistry$Default$Compiled$Entry
instanceKlass net/bytebuddy/dynamic/scaffold/MethodRegistry$Default$Compiled
instanceKlass net/bytebuddy/implementation/SuperMethodCall$Appender
instanceKlass net/bytebuddy/dynamic/scaffold/FieldLocator$Resolution
instanceKlass net/bytebuddy/implementation/FieldAccessor$FieldLocation$Relative$Prepared
instanceKlass net/bytebuddy/implementation/FieldAccessor$ForImplicitProperty$Appender
instanceKlass net/bytebuddy/dynamic/scaffold/MethodRegistry$Default$Compiled$Entry
instanceKlass net/bytebuddy/implementation/bind/MethodDelegationBinder$Processor
instanceKlass net/bytebuddy/implementation/MethodDelegation$Appender
instanceKlass net/bytebuddy/implementation/bind/MethodDelegationBinder$MethodInvoker
instanceKlass net/bytebuddy/implementation/MethodDelegation$ImplementationDelegate$Compiled$ForStaticCall
instanceKlass net/bytebuddy/dynamic/scaffold/TypeWriter$MethodPool$Record
instanceKlass net/bytebuddy/dynamic/scaffold/MethodRegistry$Handler$ForImplementation$Compiled
instanceKlass net/bytebuddy/implementation/Implementation$SpecialMethodInvocation
instanceKlass net/bytebuddy/implementation/Implementation$Target$AbstractBase
instanceKlass net/bytebuddy/implementation/Implementation$Target
instanceKlass net/bytebuddy/dynamic/scaffold/MethodRegistry$Compiled
instanceKlass net/bytebuddy/dynamic/scaffold/TypeWriter$MethodPool
instanceKlass net/bytebuddy/dynamic/scaffold/MethodRegistry$Default$Prepared
instanceKlass net/bytebuddy/dynamic/scaffold/MethodRegistry$Default$Prepared$Entry
instanceKlass net/bytebuddy/dynamic/scaffold/MethodGraph$Linked$Delegation
instanceKlass net/bytebuddy/dynamic/scaffold/MethodGraph$Compiler$Default$Key$Store$Graph
instanceKlass net/bytebuddy/dynamic/scaffold/MethodGraph$Compiler$Default$Key$Store$Entry$Resolved$Node
# instanceKlass java/lang/invoke/LambdaForm$MH+0x000001c99d344000
instanceKlass sun/reflect/generics/tree/IntSignature
instanceKlass sun/reflect/generics/tree/ArrayTypeSignature
instanceKlass java/lang/reflect/AnnotatedTypeVariable
instanceKlass net/bytebuddy/description/type/TypeDescription$Generic$AnnotationReader$ForTypeVariableBoundType$AnnotatedTypeVariable
instanceKlass net/bytebuddy/description/modifier/Visibility$1
instanceKlass net/thucydides/core/webdriver/javascript/JavascriptExecutorFacade
instanceKlass org/openqa/selenium/Alert
instanceKlass net/thucydides/core/pages/components/FileToUpload
instanceKlass org/fluentlenium/core/Fluent
instanceKlass org/fluentlenium/core/search/SearchActions
instanceKlass net/serenitybdd/core/pages/PageObject$WaitingBuilder
instanceKlass net/serenitybdd/core/pages/MatchingPageExpressions
instanceKlass org/openqa/selenium/devtools/DevTools
instanceKlass net/thucydides/core/scheduling/ThucydidesFluentWait
instanceKlass net/thucydides/core/webelements/RadioButtonGroup
instanceKlass net/serenitybdd/core/pages/PageUrls
instanceKlass org/openqa/selenium/support/ui/FluentWait
instanceKlass org/openqa/selenium/support/ui/Wait
instanceKlass net/serenitybdd/core/pages/WebElementFacadeWait
instanceKlass net/serenitybdd/core/pages/RenderedPageObjectView
instanceKlass net/thucydides/core/steps/WaitForBuilder
instanceKlass net/serenitybdd/core/pages/PageObject$OpenWithParams
instanceKlass net/serenitybdd/core/pages/WithLocator
instanceKlass org/openqa/selenium/By
instanceKlass net/serenitybdd/core/pages/ResolvableElement
instanceKlass net/serenitybdd/core/pages/WithByLocator
instanceKlass net/serenitybdd/core/pages/PageObject$FieldEntry
instanceKlass net/bytebuddy/description/type/TypeDescription$Generic$AnnotationReader$Delegator$ForLoadedExecutableParameterType$Dispatcher
instanceKlass net/bytebuddy/dynamic/scaffold/MethodGraph$Node
instanceKlass net/bytebuddy/dynamic/scaffold/MethodGraph$Compiler$Default$Key$Store$Entry$Resolved
instanceKlass net/bytebuddy/dynamic/scaffold/MethodGraph$Compiler$Default$Key$Store$Entry$Initial
instanceKlass net/bytebuddy/dynamic/scaffold/MethodGraph$Compiler$Default$Harmonizer$ForJavaMethod$Token
instanceKlass net/bytebuddy/description/type/TypeDescription$Generic$AnnotationReader$Delegator$ForLoadedMethodReturnType$Dispatcher
instanceKlass net/bytebuddy/description/method/MethodDescription$TypeToken
instanceKlass net/bytebuddy/dynamic/scaffold/MethodGraph$Compiler$Default$Key
instanceKlass net/bytebuddy/dynamic/scaffold/MethodGraph$Compiler$Default$Key$Store$Entry
instanceKlass net/bytebuddy/dynamic/scaffold/MethodGraph$Compiler$Default$Key$Store
instanceKlass net/bytebuddy/description/type/TypeDescription$Generic$AnnotationReader$Delegator
instanceKlass net/bytebuddy/description/enumeration/EnumerationDescription$AbstractBase
instanceKlass net/bytebuddy/description/annotation/AnnotationValue$ForConstant$PropertyDelegate
instanceKlass net/bytebuddy/description/annotation/AnnotationValue$Loaded
instanceKlass net/bytebuddy/description/annotation/AnnotationValue$AbstractBase
instanceKlass net/bytebuddy/dynamic/scaffold/subclass/SubclassDynamicTypeBuilder$InstrumentableMatcher
instanceKlass net/bytebuddy/description/method/ParameterDescription$InGenericShape
instanceKlass net/bytebuddy/description/method/MethodDescription$Token
instanceKlass net/bytebuddy/description/type/TypeDescription$Generic$Visitor$ForRawType
instanceKlass net/serenitybdd/core/pages/WebElementFacade
instanceKlass org/openqa/selenium/interactions/Locatable
instanceKlass net/serenitybdd/core/pages/WebElementState
instanceKlass org/openqa/selenium/WrapsElement
instanceKlass org/openqa/selenium/interactions/Actions
instanceKlass org/openqa/selenium/support/ui/ExpectedCondition
instanceKlass net/bytebuddy/description/method/MethodDescription$InGenericShape
instanceKlass net/bytebuddy/pool/TypePool$CacheProvider$Simple
instanceKlass net/bytebuddy/pool/TypePool$CacheProvider
instanceKlass net/bytebuddy/pool/TypePool$Resolution
instanceKlass net/bytebuddy/pool/TypePool$AbstractBase
instanceKlass net/bytebuddy/dynamic/TypeResolutionStrategy$Resolved
instanceKlass net/bytebuddy/implementation/FieldAccessor$FieldLocation$Prepared
instanceKlass net/bytebuddy/implementation/FieldAccessor$FieldLocation$Relative
instanceKlass net/bytebuddy/implementation/FieldAccessor$FieldNameExtractor$ForFixedValue
instanceKlass net/bytebuddy/implementation/FieldAccessor$FieldNameExtractor
instanceKlass net/bytebuddy/implementation/FieldAccessor$OwnerTypeLocatable
instanceKlass net/bytebuddy/implementation/FieldAccessor$AssignerConfigurable
instanceKlass net/bytebuddy/implementation/FieldAccessor$PropertyConfigurable
instanceKlass net/bytebuddy/implementation/FieldAccessor$FieldLocation
instanceKlass net/bytebuddy/implementation/FieldAccessor
instanceKlass net/bytebuddy/dynamic/scaffold/MethodRegistry$Default$Entry
instanceKlass net/thucydides/core/steps/ProxyConfiguration
instanceKlass net/bytebuddy/implementation/attribute/MethodAttributeAppender
instanceKlass net/bytebuddy/dynamic/scaffold/MethodRegistry$Handler$Compiled
instanceKlass net/bytebuddy/dynamic/scaffold/MethodRegistry$Handler$ForImplementation
instanceKlass net/bytebuddy/implementation/bytecode/assign/primitive/PrimitiveTypeAwareAssigner
instanceKlass net/bytebuddy/implementation/bytecode/assign/primitive/VoidAwareAssigner
instanceKlass net/bytebuddy/implementation/bytecode/assign/Assigner
instanceKlass net/bytebuddy/implementation/bind/MethodDelegationBinder$MethodBinding
instanceKlass net/bytebuddy/implementation/bind/annotation/TargetMethodAnnotationDrivenBinder$Record
instanceKlass net/bytebuddy/implementation/bind/annotation/TargetMethodAnnotationDrivenBinder$DelegationProcessor$Handler$Bound
instanceKlass net/bytebuddy/implementation/bind/annotation/TargetMethodAnnotationDrivenBinder$DelegationProcessor$Handler$Unbound
instanceKlass net/bytebuddy/implementation/bind/annotation/RuntimeType$Verifier
instanceKlass net/bytebuddy/description/method/ParameterDescription$ForLoadedParameter$Parameter
instanceKlass net/bytebuddy/description/method/ParameterDescription$InDefinedShape
instanceKlass net/bytebuddy/description/method/ParameterDescription
instanceKlass net/bytebuddy/description/NamedElement$WithOptionalName
instanceKlass net/bytebuddy/description/method/ParameterList$ForLoadedExecutable$Executable
instanceKlass net/bytebuddy/description/method/ParameterList
instanceKlass net/bytebuddy/description/enumeration/EnumerationDescription
instanceKlass net/bytebuddy/description/annotation/AnnotationValue
instanceKlass net/bytebuddy/description/annotation/AnnotationDescription$AbstractBase
instanceKlass net/bytebuddy/description/annotation/AnnotationDescription$Loadable
instanceKlass net/bytebuddy/implementation/bind/annotation/IgnoreForBinding
instanceKlass net/bytebuddy/implementation/bind/annotation/RuntimeType
instanceKlass net/bytebuddy/description/annotation/AnnotationDescription
instanceKlass net/bytebuddy/implementation/bind/annotation/IgnoreForBinding$Verifier
instanceKlass net/bytebuddy/implementation/MethodDelegation$ImplementationDelegate$Compiled
instanceKlass net/bytebuddy/implementation/MethodDelegation$ImplementationDelegate$ForStaticMethod
instanceKlass net/bytebuddy/implementation/bind/annotation/Empty
instanceKlass net/bytebuddy/implementation/bind/annotation/StubValue
instanceKlass net/bytebuddy/implementation/bind/annotation/TargetMethodAnnotationDrivenBinder$DelegationProcessor$Handler
instanceKlass net/bytebuddy/implementation/bind/annotation/TargetMethodAnnotationDrivenBinder$DelegationProcessor
instanceKlass net/bytebuddy/implementation/bind/annotation/TargetMethodAnnotationDrivenBinder
instanceKlass net/bytebuddy/implementation/bind/MethodDelegationBinder
instanceKlass net/bytebuddy/implementation/bind/annotation/FieldSetterHandle
instanceKlass net/bytebuddy/implementation/bind/annotation/FieldGetterHandle
instanceKlass net/bytebuddy/implementation/bind/annotation/FieldValue
instanceKlass net/bytebuddy/dynamic/scaffold/FieldLocator$AbstractBase
instanceKlass net/bytebuddy/dynamic/scaffold/FieldLocator
instanceKlass net/bytebuddy/implementation/bind/annotation/TargetMethodAnnotationDrivenBinder$ParameterBinder$ForFieldBinding
instanceKlass net/bytebuddy/implementation/bind/annotation/DefaultMethodHandle
instanceKlass net/bytebuddy/implementation/bind/annotation/DefaultMethodHandle$Binder$MethodLocator
instanceKlass net/bytebuddy/implementation/bind/annotation/DefaultMethod
instanceKlass net/bytebuddy/implementation/bind/annotation/DefaultMethod$Binder$MethodLocator
instanceKlass net/bytebuddy/implementation/bind/annotation/DynamicConstant
instanceKlass net/bytebuddy/implementation/bind/annotation/Handle
instanceKlass net/bytebuddy/utility/JavaConstant
instanceKlass net/bytebuddy/utility/ConstantValue
instanceKlass net/bytebuddy/implementation/bind/annotation/SuperMethodHandle
instanceKlass net/bytebuddy/implementation/bind/annotation/SuperMethod
instanceKlass net/bytebuddy/implementation/bind/annotation/DefaultCallHandle
instanceKlass net/bytebuddy/implementation/bind/annotation/DefaultCallHandle$Binder$DefaultMethodLocator
instanceKlass net/bytebuddy/implementation/bind/annotation/DefaultCall
instanceKlass net/bytebuddy/implementation/bind/annotation/DefaultCall$Binder$DefaultMethodLocator
instanceKlass net/bytebuddy/implementation/bind/annotation/SuperCallHandle
instanceKlass net/bytebuddy/implementation/bind/annotation/SuperCall
instanceKlass net/bytebuddy/implementation/bind/annotation/Default
instanceKlass net/bytebuddy/implementation/bind/annotation/Super
instanceKlass net/bytebuddy/implementation/bind/annotation/This
instanceKlass net/bytebuddy/implementation/bind/annotation/Origin
instanceKlass net/bytebuddy/implementation/bind/annotation/AllArguments
instanceKlass net/bytebuddy/implementation/bind/annotation/Argument
instanceKlass net/bytebuddy/implementation/bind/MethodDelegationBinder$ParameterBinding
instanceKlass net/bytebuddy/implementation/bytecode/StackManipulation
instanceKlass net/bytebuddy/implementation/bind/annotation/TargetMethodAnnotationDrivenBinder$ParameterBinder
instanceKlass net/bytebuddy/description/method/MethodDescription$InDefinedShape$AbstractBase$Executable
instanceKlass net/bytebuddy/description/method/ParameterDescription$ForLoadedParameter$ParameterAnnotationSource
instanceKlass net/bytebuddy/implementation/bind/annotation/BindingPriority
instanceKlass net/bytebuddy/implementation/bind/MethodDelegationBinder$AmbiguityResolver$Compound
instanceKlass net/bytebuddy/dynamic/scaffold/FieldLocator$Factory
instanceKlass net/bytebuddy/implementation/MethodDelegation$ImplementationDelegate
instanceKlass net/bytebuddy/implementation/bind/MethodDelegationBinder$BindingResolver
instanceKlass net/bytebuddy/implementation/MethodDelegation$WithCustomProperties
instanceKlass net/bytebuddy/implementation/bind/MethodDelegationBinder$AmbiguityResolver
instanceKlass net/bytebuddy/implementation/bind/MethodDelegationBinder$Record
instanceKlass net/bytebuddy/implementation/bind/MethodDelegationBinder$TerminationHandler
instanceKlass net/bytebuddy/implementation/MethodDelegation
instanceKlass net/bytebuddy/implementation/Implementation$Composable
instanceKlass net/thucydides/core/steps/ProxyConfiguration$InterceptorDispatcher
instanceKlass net/bytebuddy/dynamic/DynamicType$Builder$MethodDefinition$ReceiverTypeDefinition
instanceKlass net/bytebuddy/dynamic/DynamicType$Builder$MethodDefinition
instanceKlass net/bytebuddy/dynamic/DynamicType$Builder$MethodDefinition$ImplementationDefinition$AbstractBase
instanceKlass net/bytebuddy/dynamic/scaffold/FieldRegistry$Default$Entry
instanceKlass net/bytebuddy/matcher/LatentMatcher$ForFieldToken
instanceKlass net/bytebuddy/implementation/attribute/FieldAttributeAppender
instanceKlass net/bytebuddy/description/field/FieldDescription$Token
instanceKlass net/bytebuddy/implementation/attribute/FieldAttributeAppender$Factory
instanceKlass net/bytebuddy/dynamic/Transformer
instanceKlass net/bytebuddy/implementation/attribute/AnnotationAppender
instanceKlass net/bytebuddy/implementation/attribute/AnnotationAppender$Target
instanceKlass net/bytebuddy/dynamic/scaffold/RecordComponentRegistry$Compiled
instanceKlass net/bytebuddy/dynamic/scaffold/RecordComponentRegistry$Default
instanceKlass net/bytebuddy/dynamic/scaffold/MethodRegistry$Prepared
instanceKlass net/bytebuddy/dynamic/scaffold/MethodRegistry$Default
instanceKlass net/bytebuddy/dynamic/scaffold/FieldRegistry$Compiled
instanceKlass net/bytebuddy/dynamic/scaffold/FieldRegistry$Default
instanceKlass net/bytebuddy/utility/CompoundList
instanceKlass net/bytebuddy/description/type/TypeDescription$Generic$Visitor$Substitutor
instanceKlass net/bytebuddy/description/modifier/ModifierContributor$Resolver
instanceKlass net/bytebuddy/dynamic/scaffold/TypeWriter$FieldPool
instanceKlass net/bytebuddy/dynamic/scaffold/TypeWriter$RecordComponentPool
instanceKlass net/bytebuddy/implementation/Implementation$Target$Factory
instanceKlass net/bytebuddy/dynamic/scaffold/FieldRegistry
instanceKlass net/bytebuddy/dynamic/scaffold/MethodRegistry
instanceKlass net/bytebuddy/dynamic/scaffold/RecordComponentRegistry
instanceKlass net/bytebuddy/dynamic/DynamicType$Builder$RecordComponentDefinition$Optional
instanceKlass net/bytebuddy/dynamic/DynamicType$Builder$MethodDefinition$ImplementationDefinition$Optional
instanceKlass net/bytebuddy/dynamic/DynamicType$Builder$InnerTypeDefinition$ForType
instanceKlass net/bytebuddy/dynamic/DynamicType$Builder$InnerTypeDefinition
instanceKlass net/bytebuddy/dynamic/DynamicType$Builder$MethodDefinition$ParameterDefinition$Initial
instanceKlass net/bytebuddy/dynamic/DynamicType$Builder$MethodDefinition$ParameterDefinition$Simple
instanceKlass net/bytebuddy/dynamic/DynamicType$Builder$RecordComponentDefinition
instanceKlass net/bytebuddy/dynamic/DynamicType$Builder$FieldDefinition$Optional$Valuable
instanceKlass net/bytebuddy/dynamic/DynamicType$Builder$TypeVariableDefinition
instanceKlass net/bytebuddy/implementation/attribute/TypeAttributeAppender
instanceKlass net/bytebuddy/asm/AsmVisitorWrapper
instanceKlass net/bytebuddy/dynamic/DynamicType$Builder$FieldDefinition$Valuable
instanceKlass net/bytebuddy/dynamic/DynamicType$Builder$ModuleDefinition
instanceKlass net/bytebuddy/dynamic/DynamicType$Builder$MethodDefinition$ParameterDefinition
instanceKlass net/bytebuddy/dynamic/DynamicType$Builder$MethodDefinition$ExceptionDefinition
instanceKlass net/bytebuddy/dynamic/DynamicType$Builder$MethodDefinition$TypeVariableDefinition
instanceKlass net/bytebuddy/dynamic/DynamicType$Builder$MethodDefinition$ImplementationDefinition
instanceKlass net/bytebuddy/dynamic/DynamicType$Builder$FieldDefinition$Optional
instanceKlass net/bytebuddy/dynamic/DynamicType$Builder$FieldDefinition
instanceKlass net/bytebuddy/dynamic/TypeResolutionStrategy
instanceKlass net/bytebuddy/dynamic/DynamicType$Builder$AbstractBase
instanceKlass net/bytebuddy/description/ByteCodeElement$Token
instanceKlass net/bytebuddy/dynamic/scaffold/MethodRegistry$Handler
instanceKlass net/bytebuddy/implementation/attribute/MethodAttributeAppender$Factory
instanceKlass net/bytebuddy/TypeCache$LookupKey
instanceKlass  @bci net/thucydides/core/steps/StepFactory load (Ljava/lang/Class;Lnet/bytebuddy/TypeCache;Lnet/bytebuddy/TypeCache$SimpleKey;Ljava/util/function/Function;)Ljava/lang/Class; 10 <appendix> member <vmtarget> ; # net/thucydides/core/steps/StepFactory$$Lambda+0x000001c99d2e6b50
instanceKlass  @bci net/thucydides/core/steps/StepFactory createProxyStepLibrary (Ljava/lang/Class;Lnet/thucydides/core/steps/Interceptor;[Ljava/lang/Object;)Ljava/lang/Object; 20 <appendix> member <vmtarget> ; # net/thucydides/core/steps/StepFactory$$Lambda+0x000001c99d2e6908
instanceKlass net/bytebuddy/TypeCache$SimpleKey
instanceKlass net/thucydides/core/steps/interception/DynamicExampleStepInterceptionListener
instanceKlass net/thucydides/core/steps/interception/StepInterceptionListener
instanceKlass net/thucydides/core/steps/MethodRunner
instanceKlass net/thucydides/core/steps/StepInterceptor
instanceKlass net/thucydides/core/steps/MethodErrorReporter
instanceKlass net/serenitybdd/annotations/Shared
instanceKlass net/thucydides/core/steps/IndividualInstancesByDefaultStepCreationStrategy
instanceKlass net/thucydides/core/steps/StepLibraryCreationStrategy
instanceKlass net/thucydides/core/steps/StepLibraryCreator
instanceKlass  @bci net/thucydides/core/steps/StepAnnotations ensureThatThisFieldIsNotCyclicOrRecursive (Lnet/thucydides/core/steps/StepsAnnotatedField;)V 15 <appendix> argL0 ; # net/thucydides/core/steps/StepAnnotations$$Lambda+0x000001c99d2e51d8
instanceKlass  @bci net/thucydides/core/steps/StepsAnnotatedField findOptionalAnnotatedFields (Ljava/lang/Class;)Ljava/util/List; 22 <appendix> argL0 ; # net/thucydides/core/steps/StepsAnnotatedField$$Lambda+0x000001c99d2e4f98
instanceKlass  @bci net/thucydides/core/steps/StepsAnnotatedField findOptionalAnnotatedFields (Ljava/lang/Class;)Ljava/util/List; 12 <appendix> argL0 ; # net/thucydides/core/steps/StepsAnnotatedField$$Lambda+0x000001c99d2e4d48
instanceKlass net/thucydides/core/steps/StepsAnnotatedField
instanceKlass net/serenitybdd/annotations/ManagedPages
instanceKlass net/serenitybdd/core/pages/PagesAnnotatedField
instanceKlass net/thucydides/core/steps/construction/StepsClassResolver
instanceKlass net/thucydides/core/steps/StepAnnotations
instanceKlass net/serenitybdd/annotations/Steps
instanceKlass net/serenitybdd/annotations/Managed
instanceKlass  @bci net/thucydides/core/annotations/ManagedWebDriverAnnotatedField findAnnotatedFields (Ljava/lang/Class;)Ljava/util/List; 22 <appendix> argL0 ; # net/thucydides/core/annotations/ManagedWebDriverAnnotatedField$$Lambda+0x000001c99d2df3a8
instanceKlass  @bci net/thucydides/core/annotations/ManagedWebDriverAnnotatedField findAnnotatedFields (Ljava/lang/Class;)Ljava/util/List; 12 <appendix> argL0 ; # net/thucydides/core/annotations/ManagedWebDriverAnnotatedField$$Lambda+0x000001c99d2df158
instanceKlass net/serenitybdd/core/pages/PageObject
instanceKlass net/serenitybdd/annotations/Fields
instanceKlass net/thucydides/core/annotations/ManagedWebDriverAnnotatedField
instanceKlass net/serenitybdd/core/pages/DefaultTimeouts
instanceKlass  @bci net/serenitybdd/core/SystemTimeouts webdriverCapabilitiesImplicitTimeoutFrom (Lnet/thucydides/model/util/EnvironmentVariables;)Ljava/util/Optional; 21 <appendix> argL0 ; # net/serenitybdd/core/SystemTimeouts$$Lambda+0x000001c99d2dd568
instanceKlass  @cpi net/serenitybdd/core/SystemTimeouts 116 form vmentry <vmtarget> ; # java/lang/invoke/LambdaForm$DMH+0x000001c99d2e0000
instanceKlass net/serenitybdd/core/SystemTimeouts
instanceKlass org/openqa/selenium/Capabilities
instanceKlass org/openqa/selenium/WebDriver$Options
instanceKlass org/openqa/selenium/WebDriver$Navigation
instanceKlass org/openqa/selenium/WebDriver$TargetLocator
instanceKlass org/openqa/selenium/WebElement
instanceKlass org/openqa/selenium/ScriptKey
instanceKlass net/thucydides/core/webdriver/WebdriverInstances$InstanceRegistration
instanceKlass  @bci net/thucydides/core/webdriver/SupportedWebDriver valueOrSynonymOf (Ljava/lang/String;)Lnet/thucydides/core/webdriver/SupportedWebDriver; 58 <appendix> member <vmtarget> ; # net/thucydides/core/webdriver/SupportedWebDriver$$Lambda+0x000001c99d2db928
instanceKlass net/thucydides/core/webdriver/ProvidedDriver
instanceKlass io/appium/java_client/HasSettings
instanceKlass io/appium/java_client/CanRememberExtensionPresence
instanceKlass io/appium/java_client/HasBrowserCheck
instanceKlass io/appium/java_client/LogsEvents
instanceKlass io/appium/java_client/ExecutesDriverScript
instanceKlass io/appium/java_client/ComparesImages
instanceKlass io/appium/java_client/ExecutesMethod
instanceKlass org/openqa/selenium/htmlunit/HtmlUnitDriver
instanceKlass org/openqa/selenium/safari/HasDebugger
instanceKlass org/openqa/selenium/safari/HasPermissions
instanceKlass org/openqa/selenium/chromium/HasPermissions
instanceKlass org/openqa/selenium/chromium/HasNetworkConditions
instanceKlass org/openqa/selenium/logging/HasLogEvents
instanceKlass org/openqa/selenium/chromium/HasLaunchApp
instanceKlass org/openqa/selenium/chromium/HasCdp
instanceKlass org/openqa/selenium/chromium/HasCasting
instanceKlass org/openqa/selenium/remote/RemoteWebDriver
instanceKlass org/openqa/selenium/bidi/HasBiDi
instanceKlass org/openqa/selenium/firefox/HasContext
instanceKlass org/openqa/selenium/firefox/HasFullPageScreenshot
instanceKlass org/openqa/selenium/firefox/HasExtensions
instanceKlass net/thucydides/core/webdriver/DriverName
instanceKlass net/thucydides/core/webdriver/WebdriverInstances
instanceKlass net/thucydides/core/webdriver/SerenityWebdriverManager
instanceKlass  @bci io/cucumber/query/Repository updateList (Ljava/lang/Object;)Ljava/util/function/BiFunction; 1 <appendix> member <vmtarget> ; # io/cucumber/query/Repository$$Lambda+0x000001c99d2d45d0
instanceKlass net/thucydides/core/steps/BaseStepListener$StepMutator
instanceKlass net/thucydides/model/requirements/SerenityTestCaseFinder
instanceKlass net/thucydides/core/annotations/TestCaseAnnotations
instanceKlass net/thucydides/core/junit/SerenityJUnitTestCase
instanceKlass  @bci net/thucydides/model/adapters/TestFramework <clinit> ()V 78 <appendix> argL0 ; # net/thucydides/model/adapters/TestFramework$$Lambda+0x000001c99d2d3ae8
instanceKlass  @bci net/thucydides/model/adapters/TestFramework <clinit> ()V 66 <appendix> member <vmtarget> ; # net/thucydides/model/adapters/TestFramework$$Lambda+0x000001c99d2d38b0
instanceKlass net/thucydides/model/adapters/legacy/DefaultJUnitStrategy
instanceKlass net/thucydides/model/adapters/legacy/DefaultJUnitAdapter
instanceKlass net/thucydides/model/adapters/MultiStrategyAdapter
instanceKlass net/thucydides/model/adapters/JUnitStrategy
instanceKlass net/thucydides/model/reflection/ClassFinder
instanceKlass net/thucydides/model/adapters/TestStrategyAdapter
instanceKlass net/thucydides/model/adapters/TestFramework
instanceKlass  @bci net/thucydides/model/domain/TestStep <clinit> ()V 53 <appendix> argL0 ; # net/thucydides/model/domain/TestStep$$Lambda+0x000001c99d2d25f8
instanceKlass  @bci net/thucydides/model/domain/TestStep <clinit> ()V 45 <appendix> argL0 ; # net/thucydides/model/domain/TestStep$$Lambda+0x000001c99d2d23a8
instanceKlass  @bci net/thucydides/model/domain/TestStep <clinit> ()V 37 <appendix> argL0 ; # net/thucydides/model/domain/TestStep$$Lambda+0x000001c99d2d2158
instanceKlass  @bci net/thucydides/model/domain/TestStep <clinit> ()V 29 <appendix> argL0 ; # net/thucydides/model/domain/TestStep$$Lambda+0x000001c99d2d1f08
instanceKlass  @bci net/thucydides/model/domain/TestStep <clinit> ()V 21 <appendix> argL0 ; # net/thucydides/model/domain/TestStep$$Lambda+0x000001c99d2d1cb8
instanceKlass  @bci net/thucydides/model/domain/TestStep <clinit> ()V 13 <appendix> argL0 ; # net/thucydides/model/domain/TestStep$$Lambda+0x000001c99d2d1a68
instanceKlass net/thucydides/model/domain/TestStep
instanceKlass net/thucydides/model/steps/AnnotatedStepDescription
instanceKlass  @bci net/thucydides/model/steps/ExecutedStepDescription convertArguments ([Ljava/lang/Object;)Ljava/util/List; 4 <appendix> argL0 ; # net/thucydides/model/steps/ExecutedStepDescription$$Lambda+0x000001c99d2d1188
instanceKlass net/thucydides/model/steps/StepArgumentWriter
instanceKlass net/thucydides/model/steps/ExecutedStepDescription
instanceKlass net/thucydides/core/model/screenshots/StepDefinitionAnnotations
instanceKlass net/serenitybdd/annotations/Screenshots
instanceKlass  @bci net/serenitybdd/cucumber/util/StepDefinitionAnnotationReader getScreenshotPreferences ()Lnet/thucydides/model/domain/TakeScreenshots; 41 <appendix> member <vmtarget> ; # net/serenitybdd/cucumber/util/StepDefinitionAnnotationReader$$Lambda+0x000001c99d2d06b0
instanceKlass  @bci net/serenitybdd/cucumber/util/StepDefinitionAnnotationReader getScreenshotPreferences ()Lnet/thucydides/model/domain/TakeScreenshots; 30 <appendix> argL0 ; # net/serenitybdd/cucumber/util/StepDefinitionAnnotationReader$$Lambda+0x000001c99d2d0460
instanceKlass  @bci net/serenitybdd/cucumber/util/StepDefinitionAnnotationReader annotationsIn (Ljava/lang/String;Ljava/lang/String;)Ljava/util/List; 36 <appendix> argL0 ; # net/serenitybdd/cucumber/util/StepDefinitionAnnotationReader$$Lambda+0x000001c99d2d0240
instanceKlass  @bci net/serenitybdd/cucumber/util/StepDefinitionAnnotationReader annotationsIn (Ljava/lang/String;Ljava/lang/String;)Ljava/util/List; 28 <appendix> argL0 ; # net/serenitybdd/cucumber/util/StepDefinitionAnnotationReader$$Lambda+0x000001c99d2d0000
instanceKlass  @bci net/serenitybdd/cucumber/util/StepDefinitionAnnotationReader annotationsIn (Ljava/lang/String;Ljava/lang/String;)Ljava/util/List; 11 <appendix> member <vmtarget> ; # net/serenitybdd/cucumber/util/StepDefinitionAnnotationReader$$Lambda+0x000001c99d2cdc30
instanceKlass net/serenitybdd/cucumber/util/StepDefinitionAnnotationReader$Builder
instanceKlass net/serenitybdd/cucumber/util/StepDefinitionAnnotationReader
instanceKlass io/cucumber/junit/JUnitReporter$NoTestNotifier
instanceKlass io/cucumber/core/runner/TestCaseState
instanceKlass  @bci io/cucumber/prettyformatter/PrettyReportWriter formatLocation (Lio/cucumber/messages/types/Pickle;)Ljava/lang/String; 26 <appendix> member <vmtarget> ; # io/cucumber/prettyformatter/PrettyReportWriter$$Lambda+0x000001c99d2cf3f8
instanceKlass  @bci io/cucumber/prettyformatter/PrettyReportData findLineOf (Lio/cucumber/messages/types/Pickle;)Ljava/util/Optional; 8 <appendix> argL0 ; # io/cucumber/prettyformatter/PrettyReportData$$Lambda+0x000001c99d2cf1b8
instanceKlass  @bci io/cucumber/query/Query lambda$findLocationOf$4 (Lio/cucumber/query/Lineage;)Ljava/util/Optional; 27 <appendix> argL0 ; # io/cucumber/query/Query$$Lambda+0x000001c99d2cef78
instanceKlass  @bci io/cucumber/query/Query findLocationOf (Lio/cucumber/messages/types/Pickle;)Ljava/util/Optional; 5 <appendix> argL0 ; # io/cucumber/query/Query$$Lambda+0x000001c99d2ced38
instanceKlass  @bci io/cucumber/prettyformatter/PrettyReportWriter lambda$printScenarioDefinition$5 (Lio/cucumber/messages/types/TestCaseStarted;Lio/cucumber/messages/types/Pickle;)V 11 <appendix> member <vmtarget> ; # io/cucumber/prettyformatter/PrettyReportWriter$$Lambda+0x000001c99d2ceb00
instanceKlass  @bci io/cucumber/prettyformatter/PrettyReportData findScenarioBy (Lio/cucumber/messages/types/Pickle;)Ljava/util/Optional; 8 <appendix> argL0 ; # io/cucumber/prettyformatter/PrettyReportData$$Lambda+0x000001c99d2ce8c0
instanceKlass  @bci io/cucumber/prettyformatter/PrettyReportWriter printScenarioDefinition (Lio/cucumber/messages/types/TestCaseStarted;)V 10 <appendix> member <vmtarget> ; # io/cucumber/prettyformatter/PrettyReportWriter$$Lambda+0x000001c99d2ce688
instanceKlass  @bci io/cucumber/prettyformatter/PrettyReportWriter printTags (Lio/cucumber/messages/types/TestCaseStarted;)V 27 <appendix> member <vmtarget> ; # io/cucumber/prettyformatter/PrettyReportWriter$$Lambda+0x000001c99d2ce450
instanceKlass  @bci io/cucumber/prettyformatter/PrettyReportWriter formatTagLine (Ljava/util/List;)Ljava/lang/String; 6 <appendix> argL0 ; # io/cucumber/prettyformatter/PrettyReportWriter$$Lambda+0x000001c99d2ce210
instanceKlass io/cucumber/prettyformatter/LineBuilder
instanceKlass  @bci io/cucumber/prettyformatter/PrettyReportWriter printTags (Lio/cucumber/messages/types/TestCaseStarted;)V 10 <appendix> member <vmtarget> ; # io/cucumber/prettyformatter/PrettyReportWriter$$Lambda+0x000001c99d2cbc18
instanceKlass  @bci io/cucumber/prettyformatter/PrettyReportData findTagsBy (Lio/cucumber/messages/types/TestCaseStarted;)Ljava/util/Optional; 16 <appendix> argL0 ; # io/cucumber/prettyformatter/PrettyReportData$$Lambda+0x000001c99d2cb9c8
instanceKlass  @bci io/cucumber/prettyformatter/PrettyReportData findTagsBy (Lio/cucumber/messages/types/TestCaseStarted;)Ljava/util/Optional; 8 <appendix> argL0 ; # io/cucumber/prettyformatter/PrettyReportData$$Lambda+0x000001c99d2cb788
instanceKlass  @bci io/cucumber/prettyformatter/PrettyReportWriter handleTestCaseStarted (Lio/cucumber/messages/types/TestCaseStarted;)V 9 <appendix> member <vmtarget> ; # io/cucumber/prettyformatter/PrettyReportWriter$$Lambda+0x000001c99d2cb550
instanceKlass  @bci io/cucumber/query/Query findLineageBy (Lio/cucumber/messages/types/TestCaseStarted;)Ljava/util/Optional; 6 <appendix> member <vmtarget> ; # io/cucumber/query/Query$$Lambda+0x000001c99d2cb308
instanceKlass  @bci io/cucumber/prettyformatter/PrettyReportData preCalculatePickleStepLineLength (ILio/cucumber/messages/types/PickleStep;)Ljava/lang/Integer; 11 <adapter> ; # java/lang/invoke/LambdaForm$MH+0x000001c99d2cd400
instanceKlass  @bci io/cucumber/prettyformatter/PrettyReportData preCalculatePickleStepLineLength (ILio/cucumber/messages/types/PickleStep;)Ljava/lang/Integer; 11 <appendix> form vmentry <vmtarget> ; # java/lang/invoke/LambdaForm$DMH+0x000001c99d2cd000
instanceKlass  @bci io/cucumber/prettyformatter/PrettyReportData preCalculatePickleStepLineLength (ILio/cucumber/messages/types/PickleStep;)Ljava/lang/Integer; 11 <appendix> member <vmtarget> ; # io/cucumber/prettyformatter/PrettyReportData$$Lambda+0x000001c99d2cb0c0
instanceKlass  @cpi io/cucumber/prettyformatter/PrettyReportData 450 form vmentry <vmtarget> ; # java/lang/invoke/LambdaForm$DMH+0x000001c99d2ccc00
instanceKlass java/util/stream/ReduceOps$5ReducingSink
instanceKlass  @bci io/cucumber/prettyformatter/PrettyReportData lambda$preCalculateLocationIndent$1 (Lio/cucumber/query/Lineage;Lio/cucumber/messages/types/Pickle;Lio/cucumber/messages/types/TestCaseStarted;Lio/cucumber/messages/types/Scenario;)V 41 <appendix> argL0 ; # io/cucumber/prettyformatter/PrettyReportData$$Lambda+0x000001c99d2caea0
instanceKlass java/util/function/IntBinaryOperator
instanceKlass  @bci jdk/internal/net/http/common/Utils getIntegerProperty (Ljava/lang/String;I)I 2 <appendix> form vmentry <vmtarget> ; # java/lang/invoke/LambdaForm$DMH+0x000001c99d2cc800
instanceKlass  @bci io/cucumber/prettyformatter/PrettyReportData lambda$preCalculateLocationIndent$1 (Lio/cucumber/query/Lineage;Lio/cucumber/messages/types/Pickle;Lio/cucumber/messages/types/TestCaseStarted;Lio/cucumber/messages/types/Scenario;)V 29 <appendix> member <vmtarget> ; # io/cucumber/prettyformatter/PrettyReportData$$Lambda+0x000001c99d2cac78
instanceKlass  @cpi io/cucumber/prettyformatter/PrettyReportData 501 form vmentry <vmtarget> ; # java/lang/invoke/LambdaForm$DMH+0x000001c99d2cc400
instanceKlass  @bci io/cucumber/prettyformatter/PrettyReportData lambda$preCalculateLocationIndent$2 (Lio/cucumber/messages/types/Pickle;Lio/cucumber/messages/types/TestCaseStarted;Lio/cucumber/query/Lineage;)V 8 <appendix> member <vmtarget> ; # io/cucumber/prettyformatter/PrettyReportData$$Lambda+0x000001c99d2caa40
instanceKlass  @cpi io/cucumber/prettyformatter/PrettyReportData 494 form vmentry <vmtarget> ; # java/lang/invoke/LambdaForm$DMH+0x000001c99d2cc000
instanceKlass  @bci io/cucumber/prettyformatter/PrettyReportData lambda$preCalculateLocationIndent$3 (Lio/cucumber/messages/types/TestCaseStarted;Lio/cucumber/messages/types/Pickle;)V 11 <appendix> member <vmtarget> ; # io/cucumber/prettyformatter/PrettyReportData$$Lambda+0x000001c99d2ca808
instanceKlass  @bci io/cucumber/prettyformatter/PrettyReportData preCalculateLocationIndent (Lio/cucumber/messages/types/TestCaseStarted;)V 10 <appendix> member <vmtarget> ; # io/cucumber/prettyformatter/PrettyReportData$$Lambda+0x000001c99d2ca5d0
instanceKlass  @bci io/cucumber/query/Query findPickleBy (Lio/cucumber/messages/types/TestCaseStarted;)Ljava/util/Optional; 11 <appendix> member <vmtarget> ; # io/cucumber/query/Query$$Lambda+0x000001c99d2ca388
instanceKlass  @bci net/serenitybdd/cucumber/core/plugin/SerenityReporter handleTestCaseStarted (Lio/cucumber/plugin/event/TestCaseStarted;)V 381 <appendix> member <vmtarget> ; # net/serenitybdd/cucumber/core/plugin/SerenityReporter$$Lambda+0x000001c99d2ca150
instanceKlass  @bci net/serenitybdd/cucumber/core/plugin/TestSourcesModel getBackgroundForTestCase (Lnet/serenitybdd/cucumber/core/plugin/TestSourcesModel$AstNode;)Ljava/util/Optional; 34 <appendix> argL0 ; # net/serenitybdd/cucumber/core/plugin/TestSourcesModel$$Lambda+0x000001c99d2c9f10
instanceKlass  @bci net/serenitybdd/cucumber/core/plugin/TestSourcesModel getBackgroundForTestCase (Lnet/serenitybdd/cucumber/core/plugin/TestSourcesModel$AstNode;)Ljava/util/Optional; 24 <appendix> argL0 ; # net/serenitybdd/cucumber/core/plugin/TestSourcesModel$$Lambda+0x000001c99d2c9cc0
instanceKlass  @bci net/serenitybdd/cucumber/core/plugin/TestSourcesModel getBackgroundForTestCase (Lnet/serenitybdd/cucumber/core/plugin/TestSourcesModel$AstNode;)Ljava/util/Optional; 14 <appendix> argL0 ; # net/serenitybdd/cucumber/core/plugin/TestSourcesModel$$Lambda+0x000001c99d2c9a80
instanceKlass  @bci net/serenitybdd/cucumber/core/plugin/TaggedScenario isManual (Ljava/util/List;)Z 6 <appendix> argL0 ; # net/serenitybdd/cucumber/core/plugin/TaggedScenario$$Lambda+0x000001c99d2c9830
instanceKlass net/serenitybdd/cucumber/core/plugin/TaggedScenario
instanceKlass net/thucydides/model/domain/TestTag$TestTagBuilder
instanceKlass  @bci net/serenitybdd/cucumber/core/plugin/SerenityReporter tagsInEnclosingRule (Lio/cucumber/messages/types/Feature;Lio/cucumber/messages/types/Scenario;)Ljava/util/List; 70 <appendix> member <vmtarget> ; # net/serenitybdd/cucumber/core/plugin/SerenityReporter$$Lambda+0x000001c99d2c8d80
instanceKlass  @bci net/serenitybdd/cucumber/core/plugin/SerenityReporter tagsInEnclosingRule (Lio/cucumber/messages/types/Feature;Lio/cucumber/messages/types/Scenario;)Ljava/util/List; 59 <appendix> member <vmtarget> ; # net/serenitybdd/cucumber/core/plugin/SerenityReporter$$Lambda+0x000001c99d2c8b28
instanceKlass  @bci net/serenitybdd/cucumber/core/plugin/SerenityReporter tagsInEnclosingRule (Lio/cucumber/messages/types/Feature;Lio/cucumber/messages/types/Scenario;)Ljava/util/List; 29 <appendix> argL0 ; # net/serenitybdd/cucumber/core/plugin/SerenityReporter$$Lambda+0x000001c99d2c88d8
instanceKlass  @bci net/serenitybdd/cucumber/core/plugin/SerenityReporter tagsInEnclosingRule (Lio/cucumber/messages/types/Feature;Lio/cucumber/messages/types/Scenario;)Ljava/util/List; 19 <appendix> argL0 ; # net/serenitybdd/cucumber/core/plugin/SerenityReporter$$Lambda+0x000001c99d2c8698
instanceKlass  @bci net/serenitybdd/cucumber/core/plugin/SerenityReporter tagsInEnclosingRule (Lio/cucumber/messages/types/Feature;Lio/cucumber/messages/types/Scenario;)Ljava/util/List; 9 <appendix> argL0 ; # net/serenitybdd/cucumber/core/plugin/SerenityReporter$$Lambda+0x000001c99d2c8448
instanceKlass net/thucydides/model/statistics/service/JUnitTagProviderStrategy
instanceKlass net/thucydides/model/statistics/service/TagProviderStrategy
instanceKlass  @bci net/serenitybdd/cucumber/core/plugin/SerenityReporter convertCucumberTags (Ljava/util/List;)Ljava/util/List; 12 <appendix> argL0 ; # net/serenitybdd/cucumber/core/plugin/SerenityReporter$$Lambda+0x000001c99d2c7400
instanceKlass net/thucydides/model/domain/TestTag
instanceKlass  @bci net/serenitybdd/cucumber/core/plugin/SerenityReporter unqualifiedManualTag (Ljava/util/List;)Ljava/util/Optional; 6 <appendix> argL0 ; # net/serenitybdd/cucumber/core/plugin/SerenityReporter$$Lambda+0x000001c99d2c7a08
instanceKlass net/thucydides/core/events/TestLifecycleEvents$TestStarted
instanceKlass  @bci net/serenitybdd/core/lifecycle/LifecycleRegister invokeMethodsAnnotatedBy (Ljava/lang/Class;Lnet/thucydides/model/domain/TestOutcome;)V 15 <appendix> member <vmtarget> ; # net/serenitybdd/core/lifecycle/LifecycleRegister$$Lambda+0x000001c99d2c3d70
instanceKlass  @bci net/serenitybdd/core/lifecycle/LifecycleRegister <clinit> ()V 8 <appendix> argL0 ; # net/serenitybdd/core/lifecycle/LifecycleRegister$$Lambda+0x000001c99d2c3b50
instanceKlass net/serenitybdd/core/lifecycle/LifecycleRegister
instanceKlass net/serenitybdd/core/annotations/events/BeforeScenario
instanceKlass net/serenitybdd/annotations/TestAnnotations
instanceKlass net/thucydides/model/domain/TestCaseOrder
instanceKlass  @bci net/thucydides/model/logging/ConsoleHeading bannerFor (Lnet/thucydides/model/logging/ConsoleEvent;Ljava/lang/String;)Ljava/lang/String; 25 <appendix> form vmentry <vmtarget> ; # java/lang/invoke/LambdaForm$MH+0x000001c99d2c7000
# instanceKlass java/lang/invoke/LambdaForm$MH+0x000001c99d2c6c00
instanceKlass  @bci net/thucydides/model/logging/ConsoleHeading bannerFor (Lnet/thucydides/model/logging/ConsoleEvent;Ljava/lang/String;)Ljava/lang/String; 25 <appendix> argL3 form vmentry <vmtarget> ; # java/lang/invoke/LambdaForm$MH+0x000001c99d2c6800
# instanceKlass java/lang/invoke/LambdaForm$MH+0x000001c99d2c6400
# instanceKlass java/lang/invoke/LambdaForm$MH+0x000001c99d2c6000
# instanceKlass java/lang/invoke/LambdaForm$MH+0x000001c99d2c5c00
instanceKlass org/apache/commons/lang3/ArrayFill
instanceKlass  @bci org/openqa/selenium/json/JsonOutput endObject ()Lorg/openqa/selenium/json/JsonOutput; 107 <appendix> form vmentry <vmtarget> ; # java/lang/invoke/LambdaForm$MH+0x000001c99d2c5800
# instanceKlass java/lang/invoke/LambdaForm$MH+0x000001c99d2c5400
instanceKlass  @bci org/openqa/selenium/json/JsonOutput endObject ()Lorg/openqa/selenium/json/JsonOutput; 107 <appendix> argL3 form vmentry <vmtarget> ; # java/lang/invoke/LambdaForm$MH+0x000001c99d2c5000
# instanceKlass java/lang/invoke/LambdaForm$MH+0x000001c99d2c4c00
# instanceKlass java/lang/invoke/LambdaForm$MH+0x000001c99d2c4800
# instanceKlass java/lang/invoke/LambdaForm$MH+0x000001c99d2c4400
instanceKlass net/thucydides/core/steps/Droppable
instanceKlass  @bci net/thucydides/core/steps/StepEventBus dropClosableListeners ()V 10 <appendix> argL0 ; # net/thucydides/core/steps/StepEventBus$$Lambda+0x000001c99d2c2a00
instanceKlass net/serenitybdd/core/eventbus/Broadcaster
# instanceKlass java/lang/invoke/LambdaForm$MH+0x000001c99d2c4000
instanceKlass jdk/internal/vm/annotation/ForceInline
instanceKlass net/bytebuddy/utility/dispatcher/JavaDispatcher$Dispatcher$ForInstanceCheck
instanceKlass net/bytebuddy/description/type/TypeDefinition$Sort$AnnotatedType
instanceKlass net/bytebuddy/description/type/TypeDescription$Generic$AnnotationReader
instanceKlass net/bytebuddy/description/type/TypeDescription$Generic$LazyProxy
instanceKlass net/bytebuddy/description/TypeVariableSource$Visitor
instanceKlass net/bytebuddy/description/modifier/ModifierContributor$ForParameter
instanceKlass net/bytebuddy/description/modifier/ModifierContributor$ForModule$OfOpen
instanceKlass net/bytebuddy/description/modifier/ModifierContributor$ForModule$OfExport
instanceKlass net/bytebuddy/description/modifier/ModifierContributor$ForModule$OfRequire
instanceKlass net/bytebuddy/description/modifier/ModifierContributor$ForModule
instanceKlass net/bytebuddy/description/modifier/ModifierContributor$ForField
instanceKlass net/bytebuddy/description/modifier/ModifierContributor$ForMethod
instanceKlass net/bytebuddy/description/modifier/ModifierContributor$ForType
instanceKlass net/bytebuddy/description/modifier/ModifierContributor
instanceKlass net/bytebuddy/description/module/ModuleDescription
instanceKlass net/bytebuddy/description/type/TypeDescription$LazyProxy
instanceKlass net/bytebuddy/dynamic/loading/ClassInjector$UsingLookup$MethodHandles$Lookup
instanceKlass net/bytebuddy/utility/dispatcher/JavaDispatcher$Dispatcher$ForStaticMethod
instanceKlass java/lang/foreign/ValueLayout
instanceKlass java/lang/foreign/MemoryLayout
instanceKlass net/bytebuddy/dynamic/loading/ClassInjector$UsingLookup$MethodHandles
instanceKlass net/bytebuddy/dynamic/ClassFileLocator
instanceKlass net/bytebuddy/dynamic/loading/ClassInjector$AbstractBase
instanceKlass net/bytebuddy/dynamic/loading/ClassInjector
instanceKlass net/bytebuddy/dynamic/TargetType
instanceKlass net/bytebuddy/utility/dispatcher/JavaDispatcher$ProxiedInvocationHandler
instanceKlass net/bytebuddy/utility/nullability/MaybeNull
instanceKlass net/bytebuddy/utility/dispatcher/JavaDispatcher$Dispatcher$ForNonStaticMethod
instanceKlass net/bytebuddy/utility/dispatcher/JavaDispatcher$IsConstructor
instanceKlass net/bytebuddy/utility/dispatcher/JavaDispatcher$IsStatic
instanceKlass net/bytebuddy/utility/dispatcher/JavaDispatcher$Container
instanceKlass net/bytebuddy/utility/dispatcher/JavaDispatcher$Instance
instanceKlass net/bytebuddy/utility/dispatcher/JavaDispatcher$Defaults
instanceKlass net/bytebuddy/utility/dispatcher/JavaDispatcher$Proxied
instanceKlass net/bytebuddy/utility/Invoker$Dispatcher
# instanceKlass java/lang/invoke/LambdaForm$MH+0x000001c99d2b4c00
# instanceKlass java/lang/invoke/LambdaForm$MH+0x000001c99d2b4800
# instanceKlass java/lang/invoke/LambdaForm$MH+0x000001c99d2b4400
instanceKlass  @cpi net/serenitybdd/cucumber/core/plugin/SerenityReporter 1954 form vmentry <vmtarget> ; # java/lang/invoke/LambdaForm$DMH+0x000001c99d2b4000
instanceKlass net/bytebuddy/jar/asm/Attribute
instanceKlass net/bytebuddy/jar/asm/Handler
instanceKlass net/bytebuddy/jar/asm/Frame
instanceKlass net/bytebuddy/jar/asm/Type
instanceKlass net/bytebuddy/jar/asm/ByteVector
instanceKlass net/bytebuddy/jar/asm/Symbol
instanceKlass net/bytebuddy/jar/asm/SymbolTable
instanceKlass net/bytebuddy/jar/asm/RecordComponentVisitor
instanceKlass net/bytebuddy/jar/asm/ModuleVisitor
instanceKlass net/bytebuddy/jar/asm/MethodVisitor
instanceKlass net/bytebuddy/jar/asm/AnnotationVisitor
instanceKlass net/bytebuddy/jar/asm/FieldVisitor
instanceKlass net/bytebuddy/utility/Invoker
instanceKlass net/bytebuddy/utility/dispatcher/JavaDispatcher$InvokerCreationAction
instanceKlass net/bytebuddy/utility/dispatcher/JavaDispatcher$DynamicClassLoader$Resolver$ForModuleSystem
instanceKlass net/bytebuddy/utility/dispatcher/JavaDispatcher$DynamicClassLoader$Resolver
instanceKlass net/bytebuddy/utility/dispatcher/JavaDispatcher$Dispatcher
instanceKlass net/bytebuddy/utility/dispatcher/JavaDispatcher
instanceKlass net/bytebuddy/description/type/TypeDescription$ForLoadedType$Dispatcher
instanceKlass net/bytebuddy/description/type/TypeList
instanceKlass net/bytebuddy/description/method/MethodList
instanceKlass net/bytebuddy/description/type/RecordComponentList
instanceKlass net/bytebuddy/description/field/FieldList
instanceKlass net/bytebuddy/description/annotation/AnnotationList
instanceKlass net/bytebuddy/description/ModifierReviewable$AbstractBase
instanceKlass net/bytebuddy/description/ModifierReviewable$ForModuleRequirement
instanceKlass net/bytebuddy/description/ModifierReviewable$ForModuleDescription
instanceKlass net/bytebuddy/description/ModifierReviewable$ForParameterDescription
instanceKlass net/bytebuddy/description/ModifierReviewable$OfMandatable
instanceKlass net/bytebuddy/matcher/LatentMatcher$Resolved
instanceKlass net/bytebuddy/utility/AsmClassWriter
instanceKlass net/bytebuddy/jar/asm/ClassVisitor
instanceKlass net/bytebuddy/pool/TypePool
instanceKlass net/bytebuddy/utility/AsmClassReader
instanceKlass net/bytebuddy/dynamic/scaffold/InstrumentedType$WithFlexibleName
instanceKlass net/bytebuddy/dynamic/scaffold/InstrumentedType
instanceKlass net/bytebuddy/dynamic/scaffold/TypeInitializer
instanceKlass net/bytebuddy/implementation/bytecode/ByteCodeAppender
instanceKlass net/bytebuddy/implementation/LoadedTypeInitializer
instanceKlass net/bytebuddy/matcher/ElementMatcher$Junction$AbstractBase
instanceKlass net/bytebuddy/description/method/MethodDescription$InDefinedShape
instanceKlass net/bytebuddy/description/method/MethodDescription
instanceKlass net/bytebuddy/description/ModifierReviewable$ForMethodDescription
instanceKlass net/bytebuddy/description/field/FieldDescription$InDefinedShape
instanceKlass net/bytebuddy/description/field/FieldDescription
instanceKlass net/bytebuddy/description/ByteCodeElement$TypeDependant
instanceKlass net/bytebuddy/description/ByteCodeElement$Member
instanceKlass net/bytebuddy/description/NamedElement$WithGenericName
instanceKlass net/bytebuddy/description/DeclaredByType$WithMandatoryDeclaration
instanceKlass net/bytebuddy/description/ModifierReviewable$ForFieldDescription
instanceKlass net/bytebuddy/matcher/ElementMatcher$Junction
instanceKlass net/bytebuddy/matcher/ElementMatchers
instanceKlass net/bytebuddy/description/type/TypeDescription$Generic
instanceKlass net/bytebuddy/dynamic/scaffold/MethodGraph$Compiler$Default$Harmonizer
instanceKlass net/bytebuddy/dynamic/scaffold/MethodGraph$Compiler$Default$Merger
instanceKlass net/bytebuddy/description/type/TypeDescription$Generic$Visitor
instanceKlass net/bytebuddy/dynamic/scaffold/MethodGraph$Linked
instanceKlass net/bytebuddy/dynamic/scaffold/MethodGraph
instanceKlass net/bytebuddy/dynamic/scaffold/MethodGraph$Compiler$AbstractBase
instanceKlass net/bytebuddy/dynamic/scaffold/MethodGraph$Compiler
instanceKlass net/bytebuddy/implementation/Implementation$Context$ExtractableView
instanceKlass net/bytebuddy/implementation/Implementation$Context
instanceKlass net/bytebuddy/implementation/MethodAccessorFactory
instanceKlass net/bytebuddy/implementation/attribute/AnnotationValueFilter
instanceKlass net/bytebuddy/implementation/auxiliary/AuxiliaryType$NamingStrategy$SuffixingRandom
instanceKlass net/bytebuddy/utility/RandomString
instanceKlass net/bytebuddy/NamingStrategy$AbstractBase
instanceKlass net/bytebuddy/ClassFileVersion$VersionLocator$Resolved
instanceKlass net/bytebuddy/ClassFileVersion$VersionLocator
instanceKlass net/bytebuddy/ClassFileVersion
instanceKlass net/bytebuddy/utility/privilege/GetSystemPropertyAction
instanceKlass net/bytebuddy/description/type/PackageDescription
instanceKlass net/bytebuddy/description/type/TypeDescription
instanceKlass net/bytebuddy/description/TypeVariableSource
instanceKlass net/bytebuddy/description/ByteCodeElement
instanceKlass net/bytebuddy/description/annotation/AnnotationSource
instanceKlass net/bytebuddy/description/DeclaredByType
instanceKlass net/bytebuddy/description/NamedElement$WithDescriptor
instanceKlass net/bytebuddy/description/NamedElement$WithRuntimeName
instanceKlass net/bytebuddy/description/type/TypeList$Generic
instanceKlass net/bytebuddy/matcher/FilterableList
instanceKlass net/bytebuddy/dynamic/scaffold/subclass/ConstructorStrategy
instanceKlass net/bytebuddy/description/type/TypeDefinition
instanceKlass net/bytebuddy/description/ModifierReviewable$ForTypeDefinition
instanceKlass net/bytebuddy/description/ModifierReviewable$OfEnumeration
instanceKlass net/bytebuddy/description/ModifierReviewable$OfAbstraction
instanceKlass net/bytebuddy/description/ModifierReviewable$OfByteCodeElement
instanceKlass net/bytebuddy/description/ModifierReviewable
instanceKlass net/bytebuddy/description/NamedElement
instanceKlass net/bytebuddy/NamingStrategy$Suffixing$BaseNameResolver
instanceKlass net/bytebuddy/implementation/attribute/AnnotationValueFilter$Factory
instanceKlass net/bytebuddy/dynamic/scaffold/InstrumentedType$Factory
instanceKlass net/bytebuddy/utility/AsmClassReader$Factory
instanceKlass net/bytebuddy/utility/AsmClassWriter$Factory
instanceKlass net/bytebuddy/matcher/LatentMatcher
instanceKlass net/bytebuddy/implementation/Implementation$Context$Factory
instanceKlass net/bytebuddy/implementation/auxiliary/AuxiliaryType$NamingStrategy
instanceKlass net/bytebuddy/NamingStrategy
instanceKlass net/bytebuddy/ByteBuddy
instanceKlass net/thucydides/core/pages/Pages
instanceKlass  @bci net/thucydides/core/steps/StepFactory <clinit> ()V 8 <appendix> argL0 ; # net/thucydides/core/steps/StepFactory$$Lambda+0x000001c99d28df98
instanceKlass net/bytebuddy/dynamic/loading/ClassLoadingStrategy
instanceKlass net/bytebuddy/dynamic/DynamicType$Builder
instanceKlass net/bytebuddy/implementation/Implementation
instanceKlass net/bytebuddy/dynamic/scaffold/InstrumentedType$Prepareable
instanceKlass net/bytebuddy/matcher/ElementMatcher
instanceKlass net/thucydides/core/steps/Interceptor
instanceKlass net/bytebuddy/dynamic/VisibilityBridgeStrategy
instanceKlass net/thucydides/core/steps/StepFactory
instanceKlass net/thucydides/core/webdriver/WebdriverManager
instanceKlass net/thucydides/core/webdriver/ThucydidesWebDriverSupport
instanceKlass  @bci net/serenitybdd/cucumber/core/plugin/FeatureTracker <clinit> ()V 0 <appendix> argL0 ; # net/serenitybdd/cucumber/core/plugin/FeatureTracker$$Lambda+0x000001c99d28b6c0
instanceKlass net/serenitybdd/cucumber/core/plugin/FeatureTracker
instanceKlass io/cucumber/messages/types/Group
instanceKlass  @bci io/cucumber/query/Repository updateTestCase (Lio/cucumber/messages/types/TestCase;)V 20 <appendix> member <vmtarget> ; # io/cucumber/query/Repository$$Lambda+0x000001c99d28ac30
instanceKlass  @bci io/cucumber/core/runner/TestCase createStepMatchArgumentList (Ljava/util/List;)Lio/cucumber/messages/types/StepMatchArgumentsList; 19 <appendix> argL0 ; # io/cucumber/core/runner/TestCase$$Lambda+0x000001c99d28a9f0
instanceKlass io/cucumber/messages/types/StepMatchArgumentsList
instanceKlass  @bci io/cucumber/core/runner/TestCase createStepMatchArgumentList (Ljava/util/List;)Lio/cucumber/messages/types/StepMatchArgumentsList; 6 <appendix> argL0 ; # io/cucumber/core/runner/TestCase$$Lambda+0x000001c99d28a5a0
instanceKlass io/cucumber/messages/types/StepMatchArgument
instanceKlass io/cucumber/plugin/event/Group
instanceKlass io/cucumber/core/runner/DefinitionArgument
instanceKlass io/cucumber/plugin/event/Argument
instanceKlass  @bci io/cucumber/core/runner/TestCase emitTestCaseMessage (Lio/cucumber/core/eventbus/EventBus;)V 30 <appendix> member <vmtarget> ; # io/cucumber/core/runner/TestCase$$Lambda+0x000001c99d289b00
instanceKlass io/cucumber/core/backend/TestCaseState
instanceKlass io/cucumber/core/runner/TestCase
instanceKlass io/cucumber/plugin/event/TestCase
instanceKlass io/cucumber/plugin/event/PickleStepTestStep
instanceKlass  @bci io/cucumber/core/runner/Runner createTestStepsForHooks (Ljava/util/List;Ljava/util/Collection;Lio/cucumber/plugin/event/HookType;)Ljava/util/List; 19 <appendix> member <vmtarget> ; # io/cucumber/core/runner/Runner$$Lambda+0x000001c99d288260
instanceKlass io/cucumber/core/runner/TestStep
instanceKlass io/cucumber/plugin/event/HookTestStep
instanceKlass  @bci io/cucumber/core/runner/Runner createTestStepsForHooks (Ljava/util/List;Ljava/util/Collection;Lio/cucumber/plugin/event/HookType;)Ljava/util/List; 7 <appendix> member <vmtarget> ; # io/cucumber/core/runner/Runner$$Lambda+0x000001c99d285888
instanceKlass io/cucumber/cucumberexpressions/Argument
instanceKlass io/cucumber/cucumberexpressions/Group
instanceKlass  @bci java/util/Tripwire <clinit> ()V 0 <appendix> argL0 ; # java/util/Tripwire$$Lambda+0x000001c99d16cd08
instanceKlass java/util/Tripwire
instanceKlass java/util/stream/Streams$RangeIntSpliterator
instanceKlass io/cucumber/cucumberexpressions/CucumberExpressionGenerator
instanceKlass io/cucumber/core/snippets/ArgumentPattern
instanceKlass io/cucumber/java/AbstractJavaSnippet
instanceKlass  @bci io/cucumber/core/runner/Runner createSnippetGeneratorsForPickle (Ljava/lang/String;Lio/cucumber/core/stepexpression/StepTypeRegistry;)Ljava/util/List; 31 <appendix> member <vmtarget> ; # io/cucumber/core/runner/Runner$$Lambda+0x000001c99d2873b8
instanceKlass io/cucumber/core/snippets/SnippetGenerator
instanceKlass  @bci io/cucumber/core/runner/Runner createSnippetGeneratorsForPickle (Ljava/lang/String;Lio/cucumber/core/stepexpression/StepTypeRegistry;)Ljava/util/List; 19 <appendix> argL0 ; # io/cucumber/core/runner/Runner$$Lambda+0x000001c99d286f58
instanceKlass  @bci io/cucumber/core/runner/Runner createSnippetGeneratorsForPickle (Ljava/lang/String;Lio/cucumber/core/stepexpression/StepTypeRegistry;)Ljava/util/List; 9 <appendix> argL0 ; # io/cucumber/core/runner/Runner$$Lambda+0x000001c99d286d18
instanceKlass  @bci io/cucumber/core/runner/CachingGlue prepareGlue (Ljava/util/Locale;)V 444 <appendix> member <vmtarget> ; # io/cucumber/core/runner/CachingGlue$$Lambda+0x000001c99d286ae0
instanceKlass  @bci io/cucumber/core/runner/CachingGlue prepareGlue (Ljava/util/Locale;)V 429 <appendix> member <vmtarget> ; # io/cucumber/core/runner/CachingGlue$$Lambda+0x000001c99d2868a8
instanceKlass  @bci io/cucumber/core/stepexpression/StepExpressionFactory stepDefinitionDoesNotTakeAnyParameter (Lio/cucumber/core/backend/StepDefinition;)Ljava/util/function/Supplier; 1 <appendix> member <vmtarget> ; # io/cucumber/core/stepexpression/StepExpressionFactory$$Lambda+0x000001c99d286680
instanceKlass  @bci io/cucumber/core/runner/CachingGlue emitStepDefined (Lio/cucumber/core/runner/CoreStepDefinition;)V 92 <appendix> member <vmtarget> ; # io/cucumber/core/runner/CachingGlue$$Lambda+0x000001c99d286458
instanceKlass  @bci io/cucumber/core/runner/CachingGlue emitStepDefined (Lio/cucumber/core/runner/CoreStepDefinition;)V 83 <appendix> member <vmtarget> ; # io/cucumber/core/runner/CachingGlue$$Lambda+0x000001c99d286210
instanceKlass io/cucumber/core/backend/JavaMethodReference
instanceKlass io/cucumber/core/backend/SourceReference
instanceKlass io/cucumber/cucumberexpressions/RegularExpression
instanceKlass io/cucumber/java/MethodFormat
instanceKlass io/cucumber/plugin/event/StepDefinition
instanceKlass io/cucumber/core/stepexpression/ArgumentMatcher
instanceKlass io/cucumber/core/runner/CoreStepDefinition
instanceKlass io/cucumber/core/stepexpression/StepExpression
instanceKlass  @bci io/cucumber/core/stepexpression/StepExpressionFactory createExpression (Ljava/lang/String;Ljava/util/function/Supplier;Z)Lio/cucumber/core/stepexpression/StepExpression; 33 <appendix> member <vmtarget> ; # io/cucumber/core/stepexpression/StepExpressionFactory$$Lambda+0x000001c99d282c50
instanceKlass io/cucumber/core/stepexpression/DocStringTransformer
instanceKlass  @bci jdk/internal/net/http/Http2Connection keyString (ZLjava/net/InetSocketAddress;Ljava/lang/String;I)Ljava/lang/String; 79 <adapter> ; # java/lang/invoke/LambdaForm$MH+0x000001c99d284c00
# instanceKlass java/lang/invoke/LambdaForm$DMH+0x000001c99d284800
instanceKlass  @bci io/cucumber/core/stepexpression/StepExpressionFactory createExpression (Ljava/lang/String;Ljava/util/function/Supplier;Z)Lio/cucumber/core/stepexpression/StepExpression; 24 <appendix> form vmentry <vmtarget> ; # java/lang/invoke/LambdaForm$DMH+0x000001c99d284400
instanceKlass  @bci io/cucumber/core/stepexpression/StepExpressionFactory createExpression (Ljava/lang/String;Ljava/util/function/Supplier;Z)Lio/cucumber/core/stepexpression/StepExpression; 24 <appendix> member <vmtarget> ; # io/cucumber/core/stepexpression/StepExpressionFactory$$Lambda+0x000001c99d282828
instanceKlass  @cpi io/cucumber/core/stepexpression/StepExpressionFactory 282 form vmentry <vmtarget> ; # java/lang/invoke/LambdaForm$DMH+0x000001c99d284000
instanceKlass io/cucumber/core/stepexpression/RawTableTransformer
instanceKlass  @bci java/util/ArrayDeque copyElements (Ljava/util/Collection;)V 2 <appendix> member <vmtarget> ; # java/util/ArrayDeque$$Lambda+0x000001c99d16b318
instanceKlass io/cucumber/cucumberexpressions/GroupBuilder
instanceKlass io/cucumber/cucumberexpressions/DefaultPatternCompiler
instanceKlass io/cucumber/cucumberexpressions/PatternCompiler
instanceKlass io/cucumber/cucumberexpressions/PatternCompilerProvider
instanceKlass io/cucumber/cucumberexpressions/TreeRegexp
instanceKlass  @bci java/util/stream/Collectors joining ()Ljava/util/stream/Collector; 19 <appendix> argL0 ; # java/util/stream/Collectors$$Lambda+0x000001c99d16b0d8
instanceKlass  @bci java/util/stream/Collectors joining ()Ljava/util/stream/Collector; 14 <appendix> argL0 ; # java/util/stream/Collectors$$Lambda+0x000001c99d16ae90
instanceKlass  @bci java/util/stream/Collectors joining ()Ljava/util/stream/Collector; 9 <appendix> argL0 ; # java/util/stream/Collectors$$Lambda+0x000001c99d16ac60
instanceKlass  @bci java/util/stream/Collectors joining ()Ljava/util/stream/Collector; 4 <appendix> argL0 ; # java/util/stream/Collectors$$Lambda+0x000001c99d16aa40
instanceKlass  @bci io/cucumber/cucumberexpressions/Ast$Node text ()Ljava/lang/String; 21 <appendix> argL0 ; # io/cucumber/cucumberexpressions/Ast$Node$$Lambda+0x000001c99d2819a0
instanceKlass io/cucumber/cucumberexpressions/RegexpUtils
instanceKlass  @bci io/cucumber/cucumberexpressions/CucumberExpression rewriteExpression (Lio/cucumber/cucumberexpressions/Ast$Node;)Ljava/lang/String; 10 <appendix> member <vmtarget> ; # io/cucumber/cucumberexpressions/CucumberExpression$$Lambda+0x000001c99d281550
instanceKlass io/cucumber/cucumberexpressions/CucumberExpression$1
instanceKlass  @bci io/cucumber/cucumberexpressions/CucumberExpressionParser lambda$static$4 (Ljava/lang/String;Ljava/util/List;I)Lio/cucumber/cucumberexpressions/CucumberExpressionParser$Result; 100 <appendix> argL0 ; # io/cucumber/cucumberexpressions/CucumberExpressionParser$$Lambda+0x000001c99d2810f8
instanceKlass io/cucumber/cucumberexpressions/CucumberExpressionParser$1
instanceKlass io/cucumber/cucumberexpressions/Ast$Node
instanceKlass java/util/Spliterators$2Adapter
instanceKlass java/util/PrimitiveIterator$OfInt
instanceKlass java/util/PrimitiveIterator
instanceKlass io/cucumber/cucumberexpressions/CucumberExpressionTokenizer$TokenIterator
instanceKlass  @bci io/cucumber/cucumberexpressions/CucumberExpressionTokenizer tokenize (Ljava/lang/String;)Ljava/util/List; 19 <appendix> member <vmtarget> ; # io/cucumber/cucumberexpressions/CucumberExpressionTokenizer$$Lambda+0x000001c99d280430
instanceKlass io/cucumber/cucumberexpressions/Ast$Token
instanceKlass io/cucumber/cucumberexpressions/Ast$Located
instanceKlass  @bci io/cucumber/cucumberexpressions/CucumberExpressionTokenizer tokenizeImpl (Ljava/lang/String;)Ljava/lang/Iterable; 1 <appendix> member <vmtarget> ; # io/cucumber/cucumberexpressions/CucumberExpressionTokenizer$$Lambda+0x000001c99d27d400
instanceKlass io/cucumber/cucumberexpressions/CucumberExpressionTokenizer
instanceKlass  @bci io/cucumber/cucumberexpressions/CucumberExpressionParser <clinit> ()V 135 <appendix> argL0 ; # io/cucumber/cucumberexpressions/CucumberExpressionParser$$Lambda+0x000001c99d27da20
instanceKlass  @bci io/cucumber/cucumberexpressions/CucumberExpressionParser <clinit> ()V 93 <appendix> argL0 ; # io/cucumber/cucumberexpressions/CucumberExpressionParser$$Lambda+0x000001c99d27d800
instanceKlass  @bci io/cucumber/cucumberexpressions/CucumberExpressionParser parseBetween (Lio/cucumber/cucumberexpressions/Ast$Node$Type;Lio/cucumber/cucumberexpressions/Ast$Token$Type;Lio/cucumber/cucumberexpressions/Ast$Token$Type;Ljava/util/List;)Lio/cucumber/cucumberexpressions/CucumberExpressionParser$Parser; 4 <appendix> member <vmtarget> ; # io/cucumber/cucumberexpressions/CucumberExpressionParser$$Lambda+0x000001c99d27fb60
instanceKlass  @cpi io/cucumber/cucumberexpressions/CucumberExpressionParser 211 form vmentry <vmtarget> ; # java/lang/invoke/LambdaForm$DMH+0x000001c99d27d000
# instanceKlass java/lang/invoke/LambdaForm$DMH+0x000001c99d27cc00
instanceKlass  @bci io/cucumber/cucumberexpressions/CucumberExpressionParser <clinit> ()V 8 <appendix> argL0 ; # io/cucumber/cucumberexpressions/CucumberExpressionParser$$Lambda+0x000001c99d27f0c0
instanceKlass  @bci io/cucumber/cucumberexpressions/CucumberExpressionParser <clinit> ()V 0 <appendix> argL0 ; # io/cucumber/cucumberexpressions/CucumberExpressionParser$$Lambda+0x000001c99d27eea0
instanceKlass  @cpi io/cucumber/cucumberexpressions/CucumberExpressionParser 272 form vmentry <vmtarget> ; # java/lang/invoke/LambdaForm$DMH+0x000001c99d27c800
instanceKlass io/cucumber/cucumberexpressions/CucumberExpressionParser$Result
instanceKlass io/cucumber/cucumberexpressions/CucumberExpressionParser$Parser
instanceKlass io/cucumber/cucumberexpressions/CucumberExpressionParser
instanceKlass io/cucumber/cucumberexpressions/CucumberExpression
instanceKlass  @bci io/cucumber/core/stepexpression/StepExpressionFactory createExpression (Lio/cucumber/core/backend/StepDefinition;)Lio/cucumber/core/stepexpression/StepExpression; 68 <appendix> member <vmtarget> ; # io/cucumber/core/stepexpression/StepExpressionFactory$$Lambda+0x000001c99d27e428
instanceKlass  @bci io/cucumber/java/JavaParameterInfo getTypeResolver ()Lio/cucumber/core/backend/TypeResolver; 1 <appendix> member <vmtarget> ; # io/cucumber/java/JavaParameterInfo$$Lambda+0x000001c99d27e200
instanceKlass io/cucumber/core/backend/TypeResolver
instanceKlass  @bci io/cucumber/core/runner/CachingGlue prepareGlue (Ljava/util/Locale;)V 414 <appendix> member <vmtarget> ; # io/cucumber/core/runner/CachingGlue$$Lambda+0x000001c99d27bda8
instanceKlass  @bci io/cucumber/core/runner/CachingGlue prepareGlue (Ljava/util/Locale;)V 399 <appendix> member <vmtarget> ; # io/cucumber/core/runner/CachingGlue$$Lambda+0x000001c99d27bb70
instanceKlass  @bci io/cucumber/core/runner/CachingGlue prepareGlue (Ljava/util/Locale;)V 384 <appendix> member <vmtarget> ; # io/cucumber/core/runner/CachingGlue$$Lambda+0x000001c99d27b938
instanceKlass  @bci io/cucumber/core/runner/CachingGlue prepareGlue (Ljava/util/Locale;)V 147 <appendix> member <vmtarget> ; # io/cucumber/core/runner/CachingGlue$$Lambda+0x000001c99d27b700
instanceKlass  @bci io/cucumber/core/runner/CachingGlue prepareGlue (Ljava/util/Locale;)V 132 <appendix> member <vmtarget> ; # io/cucumber/core/runner/CachingGlue$$Lambda+0x000001c99d27b4c8
instanceKlass  @bci io/cucumber/core/runner/CachingGlue prepareGlue (Ljava/util/Locale;)V 117 <appendix> member <vmtarget> ; # io/cucumber/core/runner/CachingGlue$$Lambda+0x000001c99d27b290
instanceKlass io/cucumber/docstring/DocStringTypeRegistryDocStringConverter
instanceKlass io/cucumber/datatable/DataTableTypeRegistryTableConverter
instanceKlass io/cucumber/cucumberexpressions/Expression
instanceKlass io/cucumber/cucumberexpressions/ExpressionFactory
instanceKlass io/cucumber/docstring/DocString$DocStringConverter
instanceKlass io/cucumber/core/stepexpression/StepExpressionFactory
instanceKlass  @bci io/cucumber/docstring/DocStringTypeRegistry defineDocStringType (Lio/cucumber/docstring/DocStringType;)V 31 <appendix> argL0 ; # io/cucumber/docstring/DocStringTypeRegistry$$Lambda+0x000001c99d279ef8
instanceKlass  @bci io/cucumber/docstring/DocStringTypeRegistry <init> ()V 25 <appendix> argL0 ; # io/cucumber/docstring/DocStringTypeRegistry$$Lambda+0x000001c99d279cd8
instanceKlass io/cucumber/docstring/DocStringType$Transformer
instanceKlass io/cucumber/docstring/DocStringType
instanceKlass io/cucumber/docstring/DocStringTypeRegistry
instanceKlass  @bci io/cucumber/datatable/DataTableTypeRegistry <init> (Ljava/util/Locale;)V 400 <appendix> argL0 ; # io/cucumber/datatable/DataTableTypeRegistry$$Lambda+0x000001c99d279218
instanceKlass  @bci io/cucumber/datatable/DataTableTypeRegistry <init> (Ljava/util/Locale;)V 359 <appendix> member <vmtarget> ; # io/cucumber/datatable/DataTableTypeRegistry$$Lambda+0x000001c99d278fd0
instanceKlass  @cpi io/cucumber/datatable/DataTableTypeRegistry 344 form vmentry <vmtarget> ; # java/lang/invoke/LambdaForm$DMH+0x000001c99d27c400
instanceKlass  @bci io/cucumber/datatable/DataTableTypeRegistry <init> (Ljava/util/Locale;)V 312 <appendix> member <vmtarget> ; # io/cucumber/datatable/DataTableTypeRegistry$$Lambda+0x000001c99d278d88
instanceKlass  @cpi io/cucumber/datatable/DataTableTypeRegistry 337 form vmentry <vmtarget> ; # java/lang/invoke/LambdaForm$DMH+0x000001c99d27c000
instanceKlass  @bci io/cucumber/datatable/DataTableTypeRegistry <init> (Ljava/util/Locale;)V 265 <appendix> argL0 ; # io/cucumber/datatable/DataTableTypeRegistry$$Lambda+0x000001c99d278b48
instanceKlass  @bci io/cucumber/datatable/DataTableTypeRegistry <init> (Ljava/util/Locale;)V 224 <appendix> argL0 ; # io/cucumber/datatable/DataTableTypeRegistry$$Lambda+0x000001c99d278908
instanceKlass  @bci io/cucumber/datatable/DataTableTypeRegistry <init> (Ljava/util/Locale;)V 183 <appendix> argL0 ; # io/cucumber/datatable/DataTableTypeRegistry$$Lambda+0x000001c99d2786c8
instanceKlass  @bci io/cucumber/datatable/DataTableTypeRegistry <init> (Ljava/util/Locale;)V 142 <appendix> argL0 ; # io/cucumber/datatable/DataTableTypeRegistry$$Lambda+0x000001c99d278488
instanceKlass  @bci io/cucumber/datatable/DataTableTypeRegistry <init> (Ljava/util/Locale;)V 117 <appendix> member <vmtarget> ; # io/cucumber/datatable/DataTableTypeRegistry$$Lambda+0x000001c99d278240
instanceKlass  @bci io/cucumber/datatable/DataTableTypeRegistry <init> (Ljava/util/Locale;)V 86 <appendix> argL0 ; # io/cucumber/datatable/DataTableTypeRegistry$$Lambda+0x000001c99d278000
instanceKlass  @bci io/cucumber/datatable/DataTableTypeRegistry <init> (Ljava/util/Locale;)V 60 <appendix> argL0 ; # io/cucumber/datatable/DataTableTypeRegistry$$Lambda+0x000001c99d277c08
instanceKlass io/cucumber/datatable/TypeFactory$OtherType
instanceKlass io/cucumber/datatable/TypeFactory$ListType
instanceKlass io/cucumber/datatable/TypeFactory
instanceKlass io/cucumber/datatable/DataTableType$TableCellTransformerAdaptor
instanceKlass io/cucumber/datatable/ConversionRequired
instanceKlass io/cucumber/datatable/DataTable$TableConverter
instanceKlass io/cucumber/datatable/DataTableType$RawTableTransformer
instanceKlass io/cucumber/datatable/DataTableType
instanceKlass  @bci io/cucumber/datatable/DataTableTypeRegistry applyIfPresent (Ljava/util/function/Function;)Lio/cucumber/datatable/TableCellTransformer; 1 <appendix> member <vmtarget> ; # io/cucumber/datatable/DataTableTypeRegistry$$Lambda+0x000001c99d276638
instanceKlass io/cucumber/datatable/TableCellTransformer
instanceKlass  @bci io/cucumber/datatable/DataTableTypeRegistry <init> (Ljava/util/Locale;)V 36 <appendix> argL0 ; # io/cucumber/datatable/DataTableTypeRegistry$$Lambda+0x000001c99d2761f8
instanceKlass io/cucumber/datatable/NumberParser
instanceKlass io/cucumber/datatable/DataTableCellByTypeTransformer
instanceKlass io/cucumber/datatable/TableCellByTypeTransformer
instanceKlass io/cucumber/datatable/TypeFactory$JavaType
instanceKlass io/cucumber/datatable/DataTableTypeRegistry
instanceKlass io/cucumber/cucumberexpressions/ParameterType$1
instanceKlass io/cucumber/cucumberexpressions/ParameterTypeRegistry$10
instanceKlass io/cucumber/cucumberexpressions/ParameterTypeRegistry$9
instanceKlass io/cucumber/cucumberexpressions/ParameterTypeRegistry$8
instanceKlass io/cucumber/cucumberexpressions/ParameterTypeRegistry$7
instanceKlass io/cucumber/cucumberexpressions/ParameterTypeRegistry$6
instanceKlass io/cucumber/cucumberexpressions/ParameterTypeRegistry$5
instanceKlass io/cucumber/cucumberexpressions/ParameterTypeRegistry$4
instanceKlass io/cucumber/cucumberexpressions/ParameterTypeRegistry$3
instanceKlass io/cucumber/cucumberexpressions/ParameterTypeRegistry$2
instanceKlass io/cucumber/cucumberexpressions/ParameterType$TransformerAdaptor
instanceKlass io/cucumber/cucumberexpressions/ParameterTypeRegistry$1
instanceKlass io/cucumber/cucumberexpressions/ParameterType
instanceKlass io/cucumber/cucumberexpressions/KeyboardFriendlyDecimalFormatSymbols
instanceKlass io/cucumber/cucumberexpressions/NumberParser
instanceKlass io/cucumber/cucumberexpressions/BuiltInParameterTransformer
instanceKlass io/cucumber/cucumberexpressions/CaptureGroupTransformer
instanceKlass io/cucumber/cucumberexpressions/Transformer
instanceKlass io/cucumber/cucumberexpressions/ParameterByTypeTransformer
instanceKlass io/cucumber/cucumberexpressions/ParameterTypeRegistry
instanceKlass io/cucumber/core/stepexpression/StepTypeRegistry
instanceKlass io/cucumber/core/api/TypeRegistry
instanceKlass io/cucumber/junit/JUnitReporter$EachTestNotifier
instanceKlass  @bci io/cucumber/junit/JUnitReporter <init> (Lio/cucumber/core/eventbus/EventBus;Lio/cucumber/junit/JUnitOptions;)V 57 <appendix> member <vmtarget> ; # io/cucumber/junit/JUnitReporter$$Lambda+0x000001c99d271800
instanceKlass  @bci io/cucumber/junit/JUnitReporter <init> (Lio/cucumber/core/eventbus/EventBus;Lio/cucumber/junit/JUnitOptions;)V 47 <appendix> member <vmtarget> ; # io/cucumber/junit/JUnitReporter$$Lambda+0x000001c99d2715d8
instanceKlass  @bci io/cucumber/junit/JUnitReporter <init> (Lio/cucumber/core/eventbus/EventBus;Lio/cucumber/junit/JUnitOptions;)V 37 <appendix> member <vmtarget> ; # io/cucumber/junit/JUnitReporter$$Lambda+0x000001c99d2713b0
instanceKlass  @bci io/cucumber/junit/JUnitReporter <init> (Lio/cucumber/core/eventbus/EventBus;Lio/cucumber/junit/JUnitOptions;)V 27 <appendix> member <vmtarget> ; # io/cucumber/junit/JUnitReporter$$Lambda+0x000001c99d271188
instanceKlass  @bci io/cucumber/junit/JUnitReporter <init> (Lio/cucumber/core/eventbus/EventBus;Lio/cucumber/junit/JUnitOptions;)V 17 <appendix> member <vmtarget> ; # io/cucumber/junit/JUnitReporter$$Lambda+0x000001c99d270f60
instanceKlass io/cucumber/junit/JUnitReporter$TestNotifier
instanceKlass io/cucumber/junit/JUnitReporter
instanceKlass  @bci io/cucumber/core/runtime/CucumberExecutionContext runTestCase (Ljava/util/function/Consumer;)V 11 <appendix> member <vmtarget> ; # io/cucumber/core/runtime/CucumberExecutionContext$$Lambda+0x000001c99d270238
instanceKlass  @bci io/cucumber/junit/PickleRunners$NoStepDescriptions run (Lorg/junit/runner/notification/RunNotifier;)V 6 <appendix> member <vmtarget> ; # io/cucumber/junit/PickleRunners$NoStepDescriptions$$Lambda+0x000001c99d270000
instanceKlass org/junit/runners/ParentRunner$4
instanceKlass io/cucumber/core/internal/com/fasterxml/jackson/annotation/JacksonAnnotation
instanceKlass io/cucumber/core/internal/com/fasterxml/jackson/databind/annotation/JacksonStdImpl
instanceKlass io/cucumber/messages/types/PickleTableRow
instanceKlass io/cucumber/messages/types/PickleTable
instanceKlass io/cucumber/messages/types/PickleDocString
instanceKlass  @bci io/cucumber/query/Repository updatePickle (Lio/cucumber/messages/types/Pickle;)V 20 <appendix> member <vmtarget> ; # io/cucumber/query/Repository$$Lambda+0x000001c99d26ebb0
instanceKlass io/cucumber/messages/types/TableCell
instanceKlass io/cucumber/messages/types/TableRow
instanceKlass io/cucumber/messages/types/DataTable
instanceKlass io/cucumber/messages/types/DocString
instanceKlass io/cucumber/messages/types/RuleChild
instanceKlass io/cucumber/core/internal/com/fasterxml/jackson/databind/ser/impl/PropertySerializerMap$SerializerAndMapResult
instanceKlass sun/reflect/generics/tree/Wildcard
instanceKlass sun/reflect/generics/tree/BottomSignature
instanceKlass  @bci io/cucumber/query/Repository lambda$updateFeature$8 (Lio/cucumber/messages/types/FeatureChild;)V 31 <appendix> member <vmtarget> ; # io/cucumber/query/Repository$$Lambda+0x000001c99d26ced8
instanceKlass  @bci io/cucumber/query/Repository updateSteps (Ljava/util/List;)V 2 <appendix> member <vmtarget> ; # io/cucumber/query/Repository$$Lambda+0x000001c99d26cca0
instanceKlass  @bci io/cucumber/query/Repository lambda$updateFeature$8 (Lio/cucumber/messages/types/FeatureChild;)V 18 <appendix> member <vmtarget> ; # io/cucumber/query/Repository$$Lambda+0x000001c99d26ca68
instanceKlass  @bci io/cucumber/query/Repository lambda$updateFeature$8 (Lio/cucumber/messages/types/FeatureChild;)V 5 <appendix> member <vmtarget> ; # io/cucumber/query/Repository$$Lambda+0x000001c99d26c830
instanceKlass  @bci io/cucumber/query/Repository updateFeature (Lio/cucumber/messages/types/Feature;)V 5 <appendix> member <vmtarget> ; # io/cucumber/query/Repository$$Lambda+0x000001c99d26c5f8
instanceKlass  @bci io/cucumber/query/Repository updateGherkinDocument (Lio/cucumber/messages/types/GherkinDocument;)V 18 <appendix> member <vmtarget> ; # io/cucumber/query/Repository$$Lambda+0x000001c99d26c3c0
instanceKlass  @bci io/cucumber/query/Lineages ofRule (Lio/cucumber/query/Lineage;Ljava/util/Map;)Ljava/util/function/Consumer; 2 <appendix> member <vmtarget> ; # io/cucumber/query/Lineages$$Lambda+0x000001c99d26c188
instanceKlass  @bci io/cucumber/query/Lineages ofExamples (Lio/cucumber/query/Lineage;Ljava/util/Map;)Ljava/util/function/BiConsumer; 2 <appendix> member <vmtarget> ; # io/cucumber/query/Lineages$$Lambda+0x000001c99d26bf50
instanceKlass io/cucumber/messages/types/Examples
instanceKlass  @bci io/cucumber/query/Lineages ofScenario (Lio/cucumber/query/Lineage;Ljava/util/Map;)Ljava/util/function/Consumer; 2 <appendix> member <vmtarget> ; # io/cucumber/query/Lineages$$Lambda+0x000001c99d26bb08
instanceKlass  @bci io/cucumber/query/Lineages ofFeatureChild (Lio/cucumber/query/Lineage;Ljava/util/Map;)Ljava/util/function/Consumer; 2 <appendix> member <vmtarget> ; # io/cucumber/query/Lineages$$Lambda+0x000001c99d26b8d0
instanceKlass  @bci io/cucumber/query/Lineages ofFeature (Lio/cucumber/query/Lineage;Ljava/util/Map;)Ljava/util/function/Consumer; 2 <appendix> member <vmtarget> ; # io/cucumber/query/Lineages$$Lambda+0x000001c99d26b698
instanceKlass  @bci io/cucumber/query/Lineages of (Lio/cucumber/messages/types/GherkinDocument;)Ljava/util/Map; 21 <appendix> argL0 ; # io/cucumber/query/Lineages$$Lambda+0x000001c99d26b478
instanceKlass io/cucumber/query/Lineage
instanceKlass io/cucumber/query/Lineages
instanceKlass com/google/common/eventbus/DeadEvent
instanceKlass com/google/common/collect/Iterators$ConcatenatedIterator
instanceKlass com/google/common/collect/CollectPreconditions
instanceKlass com/google/common/collect/Lists
instanceKlass com/google/common/cache/LocalCache$StrongValueReference
instanceKlass com/google/common/util/concurrent/AbstractFuture$Failure
instanceKlass com/google/common/util/concurrent/AbstractFuture$Cancellation
instanceKlass com/google/common/util/concurrent/AbstractFuture$DelegatingToFuture
instanceKlass com/google/common/util/concurrent/Platform
instanceKlass com/google/common/util/concurrent/Uninterruptibles
instanceKlass com/google/common/collect/Hashing
instanceKlass com/google/common/math/IntMath$1
instanceKlass com/google/common/math/MathPreconditions
instanceKlass com/google/common/math/IntMath
instanceKlass com/google/common/collect/Platform
instanceKlass com/google/common/collect/ObjectArrays
instanceKlass com/google/common/collect/Iterables
instanceKlass com/google/common/collect/PeekingIterator
instanceKlass com/google/common/collect/Iterators
instanceKlass com/google/common/reflect/TypeVisitor
instanceKlass com/google/common/collect/ImmutableCollection$Builder
instanceKlass com/google/common/collect/ImmutableSet$SetBuilderImpl
instanceKlass com/google/common/collect/Ordering
instanceKlass com/google/common/reflect/TypeToken$TypeCollector
instanceKlass com/google/common/collect/ForwardingObject
instanceKlass com/google/common/reflect/Invokable
instanceKlass com/google/common/reflect/TypeCapture
instanceKlass com/google/common/base/Stopwatch
instanceKlass com/google/common/util/concurrent/AbstractFuture$Listener
instanceKlass com/google/common/util/concurrent/AbstractFutureState$Waiter
instanceKlass com/google/common/util/concurrent/LazyLogger
instanceKlass com/google/common/util/concurrent/AbstractFutureState$AtomicHelper
instanceKlass com/google/common/util/concurrent/internal/InternalFutureFailureAccess
instanceKlass com/google/common/util/concurrent/AbstractFuture$Trusted
instanceKlass com/google/common/util/concurrent/ListenableFuture
instanceKlass com/google/common/collect/UnmodifiableIterator
instanceKlass com/google/common/base/Converter
instanceKlass com/google/common/collect/BiMap
instanceKlass com/google/common/collect/ImmutableMap
instanceKlass com/google/common/collect/SortedMapDifference
instanceKlass com/google/common/collect/MapDifference
instanceKlass com/google/common/collect/Maps
instanceKlass  @bci com/google/common/eventbus/SubscriberRegistry <clinit> ()V 26 <appendix> argL0 ; # com/google/common/eventbus/SubscriberRegistry$$Lambda+0x000001c99d256230
instanceKlass java/util/concurrent/Future
instanceKlass com/google/common/cache/LocalCache$LoadingValueReference
instanceKlass com/google/common/cache/RemovalListener
instanceKlass com/google/common/cache/Weigher
instanceKlass com/google/common/base/Equivalence
instanceKlass com/google/common/base/MoreObjects
instanceKlass com/google/common/cache/LocalCache$1
instanceKlass com/google/common/cache/ReferenceEntry
instanceKlass com/google/common/cache/LocalCache$LocalManualCache
instanceKlass com/google/common/cache/CacheLoader
instanceKlass  @bci com/google/common/eventbus/SubscriberRegistry <clinit> ()V 6 <appendix> argL0 ; # com/google/common/eventbus/SubscriberRegistry$$Lambda+0x000001c99d249800
instanceKlass com/google/common/cache/LocalCache$ValueReference
instanceKlass com/google/common/cache/CacheBuilder$2
instanceKlass com/google/common/cache/CacheStats
instanceKlass com/google/common/base/Suppliers$SupplierOfInstance
instanceKlass com/google/common/base/Suppliers
instanceKlass com/google/common/cache/CacheBuilder$1
instanceKlass com/google/common/cache/AbstractCache$StatsCounter
instanceKlass com/google/common/cache/LoadingCache
instanceKlass com/google/common/base/Function
instanceKlass com/google/common/cache/Cache
instanceKlass com/google/common/base/Ticker
instanceKlass com/google/common/base/Supplier
instanceKlass com/google/common/cache/CacheBuilder
instanceKlass com/google/common/collect/Multimap
instanceKlass com/google/common/eventbus/SubscriberRegistry
instanceKlass com/google/common/eventbus/EventBus$LoggingHandler
instanceKlass com/google/common/eventbus/Dispatcher
instanceKlass com/google/common/util/concurrent/ListeningScheduledExecutorService
instanceKlass com/google/common/util/concurrent/ListeningExecutorService
instanceKlass java/util/concurrent/ScheduledExecutorService
instanceKlass java/util/concurrent/ExecutorService
instanceKlass java/util/concurrent/Executor
instanceKlass com/google/common/util/concurrent/MoreExecutors
instanceKlass com/google/common/eventbus/SubscriberExceptionHandler
instanceKlass net/thucydides/core/events/TestLifecycleEvents$TestSuiteStarted
instanceKlass  @bci net/thucydides/core/events/TestLifecycleEvents <clinit> ()V 0 <appendix> argL0 ; # net/thucydides/core/events/TestLifecycleEvents$$Lambda+0x000001c99d24c230
instanceKlass com/google/common/eventbus/EventBus
instanceKlass net/thucydides/core/events/TestLifecycleEvents
instanceKlass net/thucydides/model/util/NameConverter
instanceKlass net/thucydides/model/domain/PathElement
instanceKlass net/thucydides/model/domain/Story
instanceKlass  @bci jdk/internal/net/http/RawChannelTube <init> (Ljdk/internal/net/http/HttpConnection;Ljava/util/function/Supplier;)V 98 <appendix> form vmentry <vmtarget> ; # java/lang/invoke/LambdaForm$MH+0x000001c99d249000
# instanceKlass java/lang/invoke/LambdaForm$MH+0x000001c99d248c00
# instanceKlass java/lang/invoke/LambdaForm$MH+0x000001c99d248800
# instanceKlass java/lang/invoke/LambdaForm$MH+0x000001c99d248400
# instanceKlass java/lang/invoke/LambdaForm$MH+0x000001c99d248000
instanceKlass net/thucydides/model/requirements/FeatureFilePath
instanceKlass net/thucydides/model/logging/ConsoleColors
instanceKlass net/thucydides/model/logging/ConsoleHeading
instanceKlass net/thucydides/model/steps/StepListenerAdapter
instanceKlass net/serenitybdd/core/photography/PageSourceRecorder
instanceKlass net/serenitybdd/core/photography/SoundEngineer
instanceKlass net/serenitybdd/core/environment/WebDriverConfiguredEnvironment
instanceKlass net/thucydides/core/webdriver/TimeoutStack
instanceKlass net/thucydides/core/webdriver/PeriodicRestart
instanceKlass net/thucydides/core/webdriver/WebdriverCloseBrowser
instanceKlass net/thucydides/core/webdriver/WebDriverFactory
instanceKlass org/openqa/selenium/devtools/HasDevTools
instanceKlass net/thucydides/core/webdriver/WebDriverFacade
instanceKlass org/openqa/selenium/HasAuthentication
instanceKlass net/thucydides/core/webdriver/ConfigurableTimeouts
instanceKlass org/openqa/selenium/TakesScreenshot
instanceKlass org/openqa/selenium/PrintsPage
instanceKlass org/openqa/selenium/interactions/Interactive
instanceKlass org/openqa/selenium/virtualauthenticator/HasVirtualAuthenticator
instanceKlass org/openqa/selenium/federatedcredentialmanagement/HasFederatedCredentialManagement
instanceKlass org/openqa/selenium/HasDownloads
instanceKlass org/openqa/selenium/HasCapabilities
instanceKlass org/openqa/selenium/JavascriptExecutor
instanceKlass net/thucydides/core/webdriver/WebdriverProxyFactory
instanceKlass net/thucydides/model/domain/failures/FailureAnalysisConfiguration
instanceKlass net/serenitybdd/model/exceptions/CausesCompromisedTestFailure
instanceKlass net/serenitybdd/model/exceptions/CausesAssertionFailure
instanceKlass net/thucydides/model/domain/failures/FailureAnalysis
instanceKlass net/thucydides/model/domain/TestOutcome$StepFilter
instanceKlass net/thucydides/model/domain/TestOutcome
instanceKlass net/serenitybdd/core/photography/PhotoLens
instanceKlass net/thucydides/core/steps/BaseStepListener
instanceKlass net/thucydides/core/steps/StepPublisher
instanceKlass net/thucydides/core/steps/Listeners$BaseStepListenerBuilder
instanceKlass net/thucydides/core/steps/Listeners
instanceKlass net/serenitybdd/core/SerenityListeners
instanceKlass java/time/zone/ZoneOffsetTransition
instanceKlass java/time/zone/ZoneOffsetTransitionRule
instanceKlass java/time/zone/ZoneRules
instanceKlass java/time/zone/Ser
instanceKlass java/time/zone/ZoneRulesProvider$1
instanceKlass java/time/zone/ZoneRulesProvider
instanceKlass java/time/LocalTime
instanceKlass java/time/temporal/ValueRange
instanceKlass java/time/temporal/TemporalUnit
instanceKlass java/time/temporal/TemporalField
instanceKlass java/time/LocalDate
instanceKlass java/time/chrono/ChronoLocalDate
instanceKlass java/time/LocalDateTime
instanceKlass java/time/chrono/ChronoLocalDateTime
instanceKlass  @bci net/serenitybdd/core/Serenity <clinit> ()V 31 <appendix> argL0 ; # net/serenitybdd/core/Serenity$$Lambda+0x000001c99d23f900
instanceKlass  @bci net/serenitybdd/core/Serenity <clinit> ()V 10 <appendix> argL0 ; # net/serenitybdd/core/Serenity$$Lambda+0x000001c99d23f6e0
instanceKlass net/serenitybdd/core/SessionMap
instanceKlass net/serenitybdd/core/reports/WithTitle
instanceKlass org/openqa/selenium/WebDriver
instanceKlass net/thucydides/core/steps/events/StepEventBusEvent
instanceKlass net/serenitybdd/core/Serenity
instanceKlass net/serenitybdd/core/parallel/Agency
instanceKlass net/thucydides/core/steps/service/JUnitCleanupMethodAnnotationProvider
instanceKlass net/thucydides/core/steps/service/CleanupMethodAnnotationProvider
instanceKlass net/thucydides/core/steps/CleanupMethodLocator
instanceKlass  @bci net/thucydides/core/steps/StepEventBus eventBusFor (Ljava/lang/Object;)Lnet/thucydides/core/steps/StepEventBus; 19 <appendix> argL0 ; # net/thucydides/core/steps/StepEventBus$$Lambda+0x000001c99d23d710
instanceKlass  @bci net/serenitybdd/cucumber/core/plugin/FeaturePathFormatter featurePathWithPrefixIfNecessary (Ljava/net/URI;)Ljava/net/URI; 10 <appendix> member <vmtarget> ; # net/serenitybdd/cucumber/core/plugin/FeaturePathFormatter$$Lambda+0x000001c99d23d4c8
instanceKlass  @bci net/serenitybdd/cucumber/core/plugin/LineFilters getURIForFeaturePath (Ljava/net/URI;)Ljava/util/Optional; 15 <appendix> member <vmtarget> ; # net/serenitybdd/cucumber/core/plugin/LineFilters$$Lambda+0x000001c99d23d270
instanceKlass java/util/HashMap$HashMapSpliterator
instanceKlass net/thucydides/core/steps/StepEventBus
instanceKlass  @bci net/serenitybdd/cucumber/core/plugin/SerenityReporter handleTestSourceRead (Lio/cucumber/plugin/event/TestSourceRead;)V 21 <appendix> member <vmtarget> ; # net/serenitybdd/cucumber/core/plugin/SerenityReporter$$Lambda+0x000001c99d23c470
instanceKlass  @bci net/serenitybdd/cucumber/core/plugin/TestSourcesModel processFeatureDefinition (Ljava/util/Map;Lio/cucumber/messages/types/FeatureChild;Lnet/serenitybdd/cucumber/core/plugin/TestSourcesModel$AstNode;)V 37 <appendix> member <vmtarget> ; # net/serenitybdd/cucumber/core/plugin/TestSourcesModel$$Lambda+0x000001c99d23c238
instanceKlass  @bci net/serenitybdd/cucumber/core/plugin/TestSourcesModel processFeatureDefinition (Ljava/util/Map;Lio/cucumber/messages/types/FeatureChild;Lnet/serenitybdd/cucumber/core/plugin/TestSourcesModel$AstNode;)V 22 <appendix> member <vmtarget> ; # net/serenitybdd/cucumber/core/plugin/TestSourcesModel$$Lambda+0x000001c99d23c000
instanceKlass  @bci net/serenitybdd/cucumber/core/plugin/TestSourcesModel processFeatureDefinition (Ljava/util/Map;Lio/cucumber/messages/types/FeatureChild;Lnet/serenitybdd/cucumber/core/plugin/TestSourcesModel$AstNode;)V 7 <appendix> member <vmtarget> ; # net/serenitybdd/cucumber/core/plugin/TestSourcesModel$$Lambda+0x000001c99d237d60
instanceKlass net/serenitybdd/cucumber/core/plugin/TestSourcesModel$AstNode
instanceKlass  @bci net/serenitybdd/cucumber/core/plugin/TestSourcesModel parseGherkinSource (Ljava/net/URI;)V 84 <appendix> argL0 ; # net/serenitybdd/cucumber/core/plugin/TestSourcesModel$$Lambda+0x000001c99d237910
instanceKlass  @bci net/serenitybdd/cucumber/core/plugin/TestSourcesModel parseGherkinSource (Ljava/net/URI;)V 74 <appendix> argL0 ; # net/serenitybdd/cucumber/core/plugin/TestSourcesModel$$Lambda+0x000001c99d2376c0
instanceKlass  @bci net/serenitybdd/cucumber/core/plugin/TestSourcesModel parseGherkinSource (Ljava/net/URI;)V 64 <appendix> argL0 ; # net/serenitybdd/cucumber/core/plugin/TestSourcesModel$$Lambda+0x000001c99d237480
instanceKlass java/util/stream/Nodes$IntArrayNode
instanceKlass java/util/stream/Node$Builder$OfInt
instanceKlass java/util/stream/Sink$OfInt
instanceKlass java/util/function/IntConsumer
instanceKlass  @bci java/util/stream/IntPipeline toArray ()[I 1 <appendix> argL0 ; # java/util/stream/IntPipeline$$Lambda+0x000001c99d1626e0
instanceKlass java/lang/StringLatin1$CharsSpliterator
instanceKlass com/google/common/base/NullnessCasts
instanceKlass  @bci com/google/common/base/Splitter onPatternInternal (Lcom/google/common/base/CommonPattern;)Lcom/google/common/base/Splitter; 28 <appendix> member <vmtarget> ; # com/google/common/base/Splitter$$Lambda+0x000001c99d236de0
instanceKlass com/google/common/base/CommonMatcher
instanceKlass  @bci java/util/regex/CharPredicates ASCII_WORD ()Ljava/util/regex/Pattern$BmpCharPredicate; 0 <appendix> argL0 ; # java/util/regex/CharPredicates$$Lambda+0x000001c99d1616d8
instanceKlass net/thucydides/model/util/Acronym
instanceKlass  @bci net/thucydides/model/util/Inflector addIrregular (Ljava/lang/String;Ljava/lang/String;)V 46 <appendix> form vmentry <vmtarget> ; # java/lang/invoke/LambdaForm$MH+0x000001c99d238400
# instanceKlass java/lang/invoke/LambdaForm$MH+0x000001c99d238000
instanceKlass  @bci net/thucydides/model/util/Inflector addIrregular (Ljava/lang/String;Ljava/lang/String;)V 46 <appendix> argL3 form vmentry <vmtarget> ; # java/lang/invoke/LambdaForm$MH+0x000001c99d233c00
# instanceKlass java/lang/invoke/LambdaForm$MH+0x000001c99d233800
# instanceKlass java/lang/invoke/LambdaForm$MH+0x000001c99d233400
# instanceKlass java/lang/invoke/LambdaForm$MH+0x000001c99d233000
# instanceKlass java/lang/invoke/LambdaForm$MH+0x000001c99d232c00
instanceKlass  @bci net/thucydides/model/util/Inflector addIrregular (Ljava/lang/String;Ljava/lang/String;)V 46 <appendix> argL1 form vmentry <vmtarget> ; # java/lang/invoke/LambdaForm$MH+0x000001c99d232800
# instanceKlass java/lang/invoke/LambdaForm$MH+0x000001c99d232400
# instanceKlass java/lang/invoke/LambdaForm$MH+0x000001c99d232000
# instanceKlass java/lang/invoke/LambdaForm$MH+0x000001c99d231c00
instanceKlass  @bci java/util/regex/Pattern SingleI (II)Ljava/util/regex/Pattern$BmpCharPredicate; 2 <appendix> member <vmtarget> ; # java/util/regex/Pattern$$Lambda+0x000001c99d161060
instanceKlass net/thucydides/model/util/Inflector$Rule
instanceKlass net/thucydides/model/util/Inflector
instanceKlass  @bci io/cucumber/core/runtime/CucumberExecutionContext beforeFeature (Lio/cucumber/core/gherkin/Feature;)V 4 <appendix> member <vmtarget> ; # io/cucumber/core/runtime/CucumberExecutionContext$$Lambda+0x000001c99d236098
instanceKlass  @bci io/cucumber/junit/CucumberSerenityBaseRunner$RunCucumber evaluate ()V 86 <appendix> member <vmtarget> ; # io/cucumber/junit/CucumberSerenityBaseRunner$RunCucumber$$Lambda+0x000001c99d235e60
instanceKlass  @bci io/cucumber/core/runner/TestAbortedExceptions createIsTestAbortedExceptionPredicate ()Ljava/util/function/Predicate; 5 <appendix> member <vmtarget> ; # io/cucumber/core/runner/TestAbortedExceptions$$Lambda+0x000001c99d235c08
instanceKlass io/cucumber/core/runner/TestAbortedExceptions
instanceKlass io/cucumber/core/runner/ThrowableCollector
instanceKlass  @bci io/cucumber/core/runtime/CucumberExecutionContext runBeforeAllHooks ()V 15 <appendix> member <vmtarget> ; # io/cucumber/core/runtime/CucumberExecutionContext$$Lambda+0x000001c99d2355c8
instanceKlass io/cucumber/java/en/Then$Thens
instanceKlass io/cucumber/java/en/Then
instanceKlass io/cucumber/java/en/Given$Givens
instanceKlass io/cucumber/java/en/Given
instanceKlass io/cucumber/java/JavaParameterInfo
instanceKlass io/cucumber/core/backend/ParameterInfo
instanceKlass io/cucumber/java/AbstractGlueDefinition
instanceKlass io/cucumber/java/Invoker
instanceKlass io/cucumber/java/en/When$Whens
instanceKlass io/cucumber/java/DocStringType
instanceKlass io/cucumber/java/DefaultDataTableCellTransformer
instanceKlass io/cucumber/java/DefaultDataTableEntryTransformer
instanceKlass io/cucumber/java/DefaultParameterTransformer
instanceKlass io/cucumber/java/DataTableType
instanceKlass io/cucumber/java/ParameterType
instanceKlass io/cucumber/java/AfterStep
instanceKlass io/cucumber/java/BeforeStep
instanceKlass io/cucumber/java/AfterAll
instanceKlass io/cucumber/java/After
instanceKlass io/cucumber/java/BeforeAll
instanceKlass io/cucumber/java/Before
instanceKlass java/lang/annotation/Repeatable
instanceKlass io/cucumber/java/StepDefinitionAnnotation
instanceKlass io/cucumber/java/en/When
instanceKlass io/cucumber/java/MethodScanner
instanceKlass  @bci io/cucumber/java/JavaBackend lambda$loadGlue$2 (Lio/cucumber/java/GlueAdaptor;Ljava/lang/Class;)V 3 <appendix> member <vmtarget> ; # io/cucumber/java/JavaBackend$$Lambda+0x000001c99d22d380
instanceKlass com/group14/qa/ui/steps/LoginSteps
instanceKlass  @bci io/cucumber/core/resource/ClasspathSupport determineFullyQualifiedClassName (Ljava/nio/file/Path;Ljava/lang/String;Ljava/nio/file/Path;)Ljava/lang/String; 32 <appendix> argL0 ; # io/cucumber/core/resource/ClasspathSupport$$Lambda+0x000001c99d22cef0
instanceKlass  @bci io/cucumber/core/resource/ClasspathScanner lambda$processClassFiles$6 (Ljava/lang/String;Ljava/util/function/Predicate;Ljava/util/function/Consumer;Ljava/nio/file/Path;)Ljava/util/function/Consumer; 6 <appendix> member <vmtarget> ; # io/cucumber/core/resource/ClasspathScanner$$Lambda+0x000001c99d22ccb8
instanceKlass  @cpi jdk/internal/net/http/Http1Response 703 form vmentry <vmtarget> ; # java/lang/invoke/LambdaForm$DMH+0x000001c99d231800
instanceKlass  @bci io/cucumber/core/resource/ClasspathScanner processClassFiles (Ljava/lang/String;Ljava/util/function/Predicate;Ljava/util/function/Consumer;)Ljava/util/function/Function; 4 <appendix> member <vmtarget> ; # io/cucumber/core/resource/ClasspathScanner$$Lambda+0x000001c99d22ca70
instanceKlass  @bci io/cucumber/core/resource/ClasspathScanner findClassesForUri (Ljava/net/URI;Ljava/lang/String;Ljava/util/function/Predicate;)Ljava/util/List; 29 <appendix> member <vmtarget> ; # io/cucumber/core/resource/ClasspathScanner$$Lambda+0x000001c99d22c838
instanceKlass  @bci io/cucumber/core/resource/ClasspathScanner findClassesForUri (Ljava/net/URI;Ljava/lang/String;Ljava/util/function/Predicate;)Ljava/util/List; 14 <appendix> argL0 ; # io/cucumber/core/resource/ClasspathScanner$$Lambda+0x000001c99d22c5e8
instanceKlass  @bci io/cucumber/core/resource/ClasspathScanner findClassesForUris (Ljava/util/List;Ljava/lang/String;Ljava/util/function/Predicate;)Ljava/util/List; 19 <appendix> argL0 ; # io/cucumber/core/resource/ClasspathScanner$$Lambda+0x000001c99d22c3a8
instanceKlass  @bci io/cucumber/core/resource/ClasspathScanner findClassesForUris (Ljava/util/List;Ljava/lang/String;Ljava/util/function/Predicate;)Ljava/util/List; 9 <appendix> member <vmtarget> ; # io/cucumber/core/resource/ClasspathScanner$$Lambda+0x000001c99d22c160
instanceKlass  @bci org/openqa/selenium/net/UrlChecker lambda$static$0 (Ljava/lang/Runnable;)Ljava/lang/Thread; 11 <appendix> form vmentry <vmtarget> ; # java/lang/invoke/LambdaForm$MH+0x000001c99d231400
instanceKlass  @bci org/openqa/selenium/net/UrlChecker lambda$static$0 (Ljava/lang/Runnable;)Ljava/lang/Thread; 11 <appendix> argL3 form vmentry <vmtarget> ; # java/lang/invoke/LambdaForm$MH+0x000001c99d231000
# instanceKlass java/lang/invoke/LambdaForm$MH+0x000001c99d230c00
# instanceKlass java/lang/invoke/LambdaForm$MH+0x000001c99d230800
instanceKlass  @bci jdk/internal/net/http/Http1Request hostString ()Ljava/lang/String; 78 <appendix> argL1 argL1 form vmentry <vmtarget> ; # java/lang/invoke/LambdaForm$MH+0x000001c99d230400
# instanceKlass java/lang/invoke/LambdaForm$MH+0x000001c99d230000
instanceKlass  @bci io/cucumber/core/resource/ClasspathSupport requireValidPackageName (Ljava/lang/String;)V 27 <appendix> argL0 ; # io/cucumber/core/resource/ClasspathSupport$$Lambda+0x000001c99d22bf10
instanceKlass java/util/stream/ForEachOps$ForEachOp
instanceKlass java/util/stream/ForEachOps
instanceKlass  @bci io/cucumber/java/JavaBackend loadGlue (Lio/cucumber/core/backend/Glue;Ljava/util/List;)V 75 <appendix> member <vmtarget> ; # io/cucumber/java/JavaBackend$$Lambda+0x000001c99d22bcd8
instanceKlass  @bci io/cucumber/java/JavaBackend loadGlue (Lio/cucumber/core/backend/Glue;Ljava/util/List;)V 58 <appendix> argL0 ; # io/cucumber/java/JavaBackend$$Lambda+0x000001c99d22ba98
instanceKlass  @bci io/cucumber/java/JavaBackend loadGlue (Lio/cucumber/core/backend/Glue;Ljava/util/List;)V 48 <appendix> member <vmtarget> ; # io/cucumber/java/JavaBackend$$Lambda+0x000001c99d22b850
instanceKlass  @bci io/cucumber/java/JavaBackend loadGlue (Lio/cucumber/core/backend/Glue;Ljava/util/List;)V 29 <appendix> argL0 ; # io/cucumber/java/JavaBackend$$Lambda+0x000001c99d22b610
instanceKlass  @bci io/cucumber/java/JavaBackend loadGlue (Lio/cucumber/core/backend/Glue;Ljava/util/List;)V 19 <appendix> argL0 ; # io/cucumber/java/JavaBackend$$Lambda+0x000001c99d22b3c0
instanceKlass io/cucumber/core/backend/DocStringTypeDefinition
instanceKlass io/cucumber/core/backend/DefaultDataTableCellTransformerDefinition
instanceKlass io/cucumber/core/backend/DefaultDataTableEntryTransformerDefinition
instanceKlass io/cucumber/core/backend/DefaultParameterTransformerDefinition
instanceKlass io/cucumber/core/backend/DataTableTypeDefinition
instanceKlass io/cucumber/core/backend/ParameterTypeDefinition
instanceKlass io/cucumber/core/backend/HookDefinition
instanceKlass io/cucumber/java/GlueAdaptor
instanceKlass  @bci io/cucumber/core/runner/Runner <init> (Lio/cucumber/core/eventbus/EventBus;Ljava/util/Collection;Lio/cucumber/core/backend/ObjectFactory;Lio/cucumber/core/runner/Options;)V 96 <appendix> member <vmtarget> ; # io/cucumber/core/runner/Runner$$Lambda+0x000001c99d22a188
instanceKlass  @bci io/cucumber/core/runner/Runner <init> (Lio/cucumber/core/eventbus/EventBus;Ljava/util/Collection;Lio/cucumber/core/backend/ObjectFactory;Lio/cucumber/core/runner/Options;)V 51 <appendix> member <vmtarget> ; # io/cucumber/core/runner/Runner$$Lambda+0x000001c99d229f60
instanceKlass  @bci io/cucumber/core/runner/CachingGlue <clinit> ()V 28 <appendix> argL0 ; # io/cucumber/core/runner/CachingGlue$$Lambda+0x000001c99d229d40
instanceKlass io/cucumber/core/backend/StaticHookDefinition
instanceKlass  @bci io/cucumber/core/runner/CachingGlue <clinit> ()V 15 <appendix> member <vmtarget> ; # io/cucumber/core/runner/CachingGlue$$Lambda+0x000001c99d2298f8
instanceKlass  @bci java/util/Comparator comparingInt (Ljava/util/function/ToIntFunction;)Ljava/util/Comparator; 6 <appendix> member <vmtarget> ; # java/util/Comparator$$Lambda+0x000001c99d15fdf0
instanceKlass  @bci io/cucumber/core/runner/CachingGlue <clinit> ()V 0 <appendix> argL0 ; # io/cucumber/core/runner/CachingGlue$$Lambda+0x000001c99d2296d8
instanceKlass io/cucumber/core/backend/ScenarioScoped
instanceKlass io/cucumber/core/runner/CoreHookDefinition
instanceKlass java/util/function/ToIntFunction
instanceKlass io/cucumber/core/backend/StepDefinition
instanceKlass io/cucumber/core/backend/Located
instanceKlass io/cucumber/core/runner/CachingGlue
instanceKlass  @bci io/cucumber/core/resource/ClasspathScanner <clinit> ()V 8 <appendix> argL0 ; # io/cucumber/core/resource/ClasspathScanner$$Lambda+0x000001c99d224400
instanceKlass io/cucumber/core/resource/ClasspathScanner
instanceKlass io/cucumber/core/backend/Snippet
instanceKlass io/cucumber/java/JavaBackend
instanceKlass io/cucumber/core/backend/DefaultObjectFactory
instanceKlass net/serenitybdd/cucumber/runtime/SerenityObjectFactory
instanceKlass io/cucumber/core/backend/Backend
instanceKlass io/cucumber/java/JavaBackendProviderService
instanceKlass io/cucumber/core/backend/BackendProviderService
instanceKlass io/cucumber/core/runner/Match
instanceKlass io/cucumber/core/runner/StepDefinitionMatch
instanceKlass io/cucumber/core/backend/Glue
instanceKlass  @bci io/cucumber/core/runtime/CucumberExecutionContext getRunner ()Lio/cucumber/core/runner/Runner; 13 <appendix> member <vmtarget> ; # io/cucumber/core/runtime/CucumberExecutionContext$$Lambda+0x000001c99d226aa0
instanceKlass io/cucumber/core/internal/com/fasterxml/jackson/core/io/NumberOutput
instanceKlass io/cucumber/messages/Convertor
instanceKlass java/time/Instant
instanceKlass  @bci io/cucumber/core/runtime/CucumberExecutionContext emitTestRunStarted ()V 3 <appendix> argL0 ; # io/cucumber/core/runtime/CucumberExecutionContext$$Lambda+0x000001c99d226210
instanceKlass io/cucumber/messages/types/Duration
instanceKlass io/cucumber/messages/types/TestStepResult
instanceKlass io/cucumber/messages/types/Exception
# instanceKlass java/lang/invoke/LambdaForm$MH+0x000001c99d224000
instanceKlass io/cucumber/messages/types/TestStep
instanceKlass io/cucumber/messages/types/StepDefinitionPattern
instanceKlass io/cucumber/messages/types/Snippet
instanceKlass io/cucumber/messages/types/Git
instanceKlass io/cucumber/messages/types/JavaStackTraceElement
instanceKlass io/cucumber/messages/types/JavaMethod
instanceKlass io/cucumber/messages/types/SourceReference
instanceKlass sun/reflect/generics/tree/VoidDescriptor
instanceKlass io/cucumber/core/internal/com/fasterxml/jackson/databind/ser/std/NumberSerializers$1
instanceKlass io/cucumber/core/internal/com/fasterxml/jackson/databind/ser/std/ReferenceTypeSerializer$1
instanceKlass io/cucumber/core/internal/com/fasterxml/jackson/databind/introspect/EnumNamingStrategyFactory
instanceKlass io/cucumber/core/internal/com/fasterxml/jackson/databind/annotation/EnumNaming
instanceKlass io/cucumber/core/internal/com/fasterxml/jackson/databind/util/EnumValues
instanceKlass io/cucumber/messages/types/Timestamp
instanceKlass io/cucumber/core/internal/com/fasterxml/jackson/annotation/JsonFilter
instanceKlass io/cucumber/core/internal/com/fasterxml/jackson/annotation/JsonIncludeProperties$Value
instanceKlass io/cucumber/core/internal/com/fasterxml/jackson/annotation/JsonIncludeProperties
instanceKlass io/cucumber/core/internal/com/fasterxml/jackson/annotation/JsonIgnoreProperties$Value
instanceKlass io/cucumber/core/internal/com/fasterxml/jackson/annotation/JsonIgnoreProperties
instanceKlass io/cucumber/core/internal/com/fasterxml/jackson/databind/annotation/JsonAppend
instanceKlass io/cucumber/core/internal/com/fasterxml/jackson/databind/ser/impl/PropertySerializerMap
instanceKlass io/cucumber/core/internal/com/fasterxml/jackson/databind/introspect/POJOPropertyBuilder$1
instanceKlass io/cucumber/core/internal/com/fasterxml/jackson/databind/ser/PropertyBuilder$1
instanceKlass io/cucumber/core/internal/com/fasterxml/jackson/databind/annotation/JsonTypeResolver
instanceKlass io/cucumber/core/internal/com/fasterxml/jackson/databind/BeanProperty$Std
instanceKlass io/cucumber/core/internal/com/fasterxml/jackson/databind/introspect/POJOPropertyBuilder$2
instanceKlass io/cucumber/core/internal/com/fasterxml/jackson/annotation/JsonTypeId
instanceKlass io/cucumber/core/internal/com/fasterxml/jackson/databind/introspect/POJOPropertyBuilder$3
instanceKlass io/cucumber/core/internal/com/fasterxml/jackson/annotation/JsonInclude
instanceKlass io/cucumber/core/internal/com/fasterxml/jackson/databind/ser/PropertyBuilder
instanceKlass io/cucumber/core/internal/com/fasterxml/jackson/annotation/JsonIgnoreType
instanceKlass io/cucumber/core/internal/com/fasterxml/jackson/databind/type/TypeBindings$AsKey
instanceKlass sun/reflect/generics/tree/TypeVariableSignature
instanceKlass io/cucumber/core/internal/com/fasterxml/jackson/databind/type/TypeBindings$TypeParamStash
instanceKlass sun/reflect/generics/reflectiveObjects/LazyReflectiveObjectGenerator
instanceKlass sun/reflect/generics/reflectiveObjects/ParameterizedTypeImpl
instanceKlass sun/reflect/generics/tree/MethodTypeSignature
instanceKlass io/cucumber/core/internal/com/fasterxml/jackson/databind/ser/BeanSerializerBuilder
instanceKlass io/cucumber/core/internal/com/fasterxml/jackson/databind/ObjectWriter
instanceKlass io/cucumber/core/internal/com/fasterxml/jackson/databind/util/BeanUtil
instanceKlass io/cucumber/core/internal/com/fasterxml/jackson/databind/ext/Java7Handlers
instanceKlass org/w3c/dom/Document
instanceKlass org/w3c/dom/Node
instanceKlass io/cucumber/core/internal/com/fasterxml/jackson/databind/ext/OptionalHandlerFactory
instanceKlass io/cucumber/core/internal/com/fasterxml/jackson/databind/PropertyMetadata
instanceKlass io/cucumber/core/internal/com/fasterxml/jackson/annotation/JsonPropertyDescription
instanceKlass io/cucumber/core/internal/com/fasterxml/jackson/annotation/JsonPropertyOrder
instanceKlass io/cucumber/core/internal/com/fasterxml/jackson/databind/annotation/JsonNaming
instanceKlass io/cucumber/core/internal/com/fasterxml/jackson/databind/introspect/POJOPropertyBuilder$6
instanceKlass io/cucumber/core/internal/com/fasterxml/jackson/databind/introspect/POJOPropertyBuilder$5
instanceKlass io/cucumber/core/internal/com/fasterxml/jackson/annotation/JacksonInject
instanceKlass io/cucumber/core/internal/com/fasterxml/jackson/databind/introspect/PotentialCreator
instanceKlass io/cucumber/core/internal/com/fasterxml/jackson/annotation/JsonCreator
instanceKlass io/cucumber/core/internal/com/fasterxml/jackson/databind/introspect/MethodGenericTypeResolver
instanceKlass io/cucumber/core/internal/com/fasterxml/jackson/annotation/JsonSetter
instanceKlass io/cucumber/core/internal/com/fasterxml/jackson/databind/introspect/AnnotatedMethodMap
instanceKlass io/cucumber/core/internal/com/fasterxml/jackson/databind/introspect/AnnotatedMethodCollector$MethodBuilder
instanceKlass io/cucumber/core/internal/com/fasterxml/jackson/databind/introspect/MemberKey
instanceKlass io/cucumber/core/internal/com/fasterxml/jackson/databind/introspect/POJOPropertyBuilder$Linked
instanceKlass io/cucumber/core/internal/com/fasterxml/jackson/databind/AnnotationIntrospector$ReferenceProperty
instanceKlass io/cucumber/core/internal/com/fasterxml/jackson/databind/introspect/POJOPropertyBuilder$WithMember
instanceKlass io/cucumber/core/internal/com/fasterxml/jackson/annotation/JsonIgnore
instanceKlass io/cucumber/core/internal/com/fasterxml/jackson/annotation/JsonAutoDetect$1
instanceKlass io/cucumber/core/internal/com/fasterxml/jackson/annotation/JsonProperty
instanceKlass io/cucumber/core/internal/com/fasterxml/jackson/annotation/JsonGetter
instanceKlass io/cucumber/core/internal/com/fasterxml/jackson/databind/PropertyName
instanceKlass io/cucumber/core/internal/com/fasterxml/jackson/annotation/JsonAnySetter
instanceKlass io/cucumber/core/internal/com/fasterxml/jackson/annotation/JsonAnyGetter
instanceKlass io/cucumber/core/internal/com/fasterxml/jackson/annotation/JsonValue
instanceKlass io/cucumber/core/internal/com/fasterxml/jackson/annotation/JsonKey
instanceKlass io/cucumber/core/internal/com/fasterxml/jackson/databind/introspect/AnnotatedFieldCollector$FieldBuilder
instanceKlass io/cucumber/messages/types/UndefinedParameterType
instanceKlass io/cucumber/messages/types/Suggestion
instanceKlass io/cucumber/messages/types/ParameterType
instanceKlass io/cucumber/messages/types/Hook
instanceKlass io/cucumber/core/internal/com/fasterxml/jackson/databind/introspect/TypeResolutionContext$Basic
instanceKlass io/cucumber/core/internal/com/fasterxml/jackson/databind/introspect/AnnotationMap
instanceKlass io/cucumber/core/internal/com/fasterxml/jackson/databind/introspect/CollectorBase
instanceKlass io/cucumber/core/internal/com/fasterxml/jackson/databind/introspect/PotentialCreators
instanceKlass java/util/stream/DoubleStream
instanceKlass java/util/stream/IntStream
instanceKlass java/util/stream/LongStream
instanceKlass io/cucumber/core/internal/com/fasterxml/jackson/databind/util/ArrayIterator
instanceKlass io/cucumber/core/internal/com/fasterxml/jackson/annotation/JsonIdentityInfo
instanceKlass io/cucumber/core/internal/com/fasterxml/jackson/annotation/JsonAutoDetect
instanceKlass io/cucumber/core/internal/com/fasterxml/jackson/databind/introspect/POJOPropertiesCollector
# instanceKlass java/lang/invoke/LambdaForm$MH+0x000001c99d214800
# instanceKlass java/lang/invoke/LambdaForm$MH+0x000001c99d214400
instanceKlass sun/invoke/util/ValueConversions$WrapperCache
instanceKlass io/cucumber/core/internal/com/fasterxml/jackson/databind/util/internal/PrivateMaxEntriesMap$AddTask
instanceKlass io/cucumber/core/internal/com/fasterxml/jackson/databind/util/internal/PrivateMaxEntriesMap$WeightedValue
instanceKlass java/util/OptionalDouble
instanceKlass java/util/OptionalLong
instanceKlass java/util/OptionalInt
instanceKlass sun/reflect/generics/tree/ClassSignature
instanceKlass sun/reflect/generics/tree/Signature
instanceKlass sun/reflect/generics/tree/FormalTypeParameter
instanceKlass sun/reflect/generics/repository/AbstractRepository
instanceKlass io/cucumber/core/internal/com/fasterxml/jackson/databind/type/ClassStack
instanceKlass io/cucumber/core/internal/com/fasterxml/jackson/databind/util/internal/PrivateMaxEntriesMap$EntryIterator
instanceKlass  @bci io/cucumber/core/internal/com/fasterxml/jackson/databind/ser/impl/ReadOnlyClassToSerializerMap <init> (Lio/cucumber/core/internal/com/fasterxml/jackson/databind/util/LookupCache;)V 38 <appendix> member <vmtarget> ; # io/cucumber/core/internal/com/fasterxml/jackson/databind/ser/impl/ReadOnlyClassToSerializerMap$$Lambda+0x000001c99d210228
instanceKlass  @cpi jdk/internal/net/http/Http1Response 674 form vmentry <vmtarget> ; # java/lang/invoke/LambdaForm$DMH+0x000001c99d214000
instanceKlass io/cucumber/core/internal/com/fasterxml/jackson/databind/util/TypeKey
instanceKlass io/cucumber/core/internal/com/fasterxml/jackson/databind/ser/impl/ReadOnlyClassToSerializerMap$Bucket
instanceKlass io/cucumber/core/internal/com/fasterxml/jackson/databind/ser/impl/ReadOnlyClassToSerializerMap
instanceKlass io/cucumber/core/internal/com/fasterxml/jackson/core/FormatFeature
instanceKlass io/cucumber/core/internal/com/fasterxml/jackson/core/util/JacksonFeatureSet
instanceKlass io/cucumber/core/internal/com/fasterxml/jackson/core/JsonStreamContext
instanceKlass io/cucumber/core/internal/com/fasterxml/jackson/core/util/TextBuffer
instanceKlass io/cucumber/core/internal/com/fasterxml/jackson/core/io/IOContext
instanceKlass io/cucumber/core/internal/com/fasterxml/jackson/core/util/BufferRecycler
instanceKlass io/cucumber/core/internal/com/fasterxml/jackson/core/util/BufferRecyclers
instanceKlass io/cucumber/core/internal/com/fasterxml/jackson/core/io/ContentReference
instanceKlass  @bci io/cucumber/prettyformatter/MessagesToPrettyWriter write (Lio/cucumber/messages/types/Envelope;)V 101 <appendix> member <vmtarget> ; # io/cucumber/prettyformatter/MessagesToPrettyWriter$$Lambda+0x000001c99d20cbd8
instanceKlass io/cucumber/messages/types/Attachment
instanceKlass  @bci io/cucumber/prettyformatter/MessagesToPrettyWriter write (Lio/cucumber/messages/types/Envelope;)V 80 <appendix> member <vmtarget> ; # io/cucumber/prettyformatter/MessagesToPrettyWriter$$Lambda+0x000001c99d20c790
instanceKlass  @bci io/cucumber/prettyformatter/MessagesToPrettyWriter write (Lio/cucumber/messages/types/Envelope;)V 59 <appendix> member <vmtarget> ; # io/cucumber/prettyformatter/MessagesToPrettyWriter$$Lambda+0x000001c99d20c558
instanceKlass  @bci io/cucumber/prettyformatter/MessagesToPrettyWriter write (Lio/cucumber/messages/types/Envelope;)V 38 <appendix> member <vmtarget> ; # io/cucumber/prettyformatter/MessagesToPrettyWriter$$Lambda+0x000001c99d20c320
instanceKlass  @bci io/cucumber/prettyformatter/PrettyReportData update (Lio/cucumber/messages/types/Envelope;)V 13 <appendix> member <vmtarget> ; # io/cucumber/prettyformatter/PrettyReportData$$Lambda+0x000001c99d20c0e8
instanceKlass  @bci io/cucumber/query/Repository update (Lio/cucumber/messages/types/Envelope;)V 191 <appendix> member <vmtarget> ; # io/cucumber/query/Repository$$Lambda+0x000001c99d20beb0
instanceKlass io/cucumber/messages/types/StepDefinition
instanceKlass  @bci io/cucumber/query/Repository update (Lio/cucumber/messages/types/Envelope;)V 163 <appendix> member <vmtarget> ; # io/cucumber/query/Repository$$Lambda+0x000001c99d20ba68
instanceKlass  @bci io/cucumber/query/Repository update (Lio/cucumber/messages/types/Envelope;)V 135 <appendix> member <vmtarget> ; # io/cucumber/query/Repository$$Lambda+0x000001c99d20b830
instanceKlass io/cucumber/messages/types/TestCase
instanceKlass  @bci io/cucumber/query/Repository update (Lio/cucumber/messages/types/Envelope;)V 122 <appendix> member <vmtarget> ; # io/cucumber/query/Repository$$Lambda+0x000001c99d20b3e8
instanceKlass  @bci io/cucumber/query/Repository update (Lio/cucumber/messages/types/Envelope;)V 109 <appendix> member <vmtarget> ; # io/cucumber/query/Repository$$Lambda+0x000001c99d20b1b0
instanceKlass io/cucumber/messages/types/TestStepFinished
instanceKlass  @bci io/cucumber/query/Repository update (Lio/cucumber/messages/types/Envelope;)V 96 <appendix> member <vmtarget> ; # io/cucumber/query/Repository$$Lambda+0x000001c99d20ad68
instanceKlass io/cucumber/messages/types/TestStepStarted
instanceKlass  @bci io/cucumber/query/Repository update (Lio/cucumber/messages/types/Envelope;)V 83 <appendix> member <vmtarget> ; # io/cucumber/query/Repository$$Lambda+0x000001c99d20a920
instanceKlass io/cucumber/messages/types/TestCaseFinished
instanceKlass  @bci io/cucumber/query/Repository update (Lio/cucumber/messages/types/Envelope;)V 70 <appendix> member <vmtarget> ; # io/cucumber/query/Repository$$Lambda+0x000001c99d20a4d8
instanceKlass io/cucumber/messages/types/TestCaseStarted
instanceKlass  @bci io/cucumber/query/Repository update (Lio/cucumber/messages/types/Envelope;)V 57 <appendix> member <vmtarget> ; # io/cucumber/query/Repository$$Lambda+0x000001c99d20a090
instanceKlass io/cucumber/messages/types/TestRunHookFinished
instanceKlass  @bci io/cucumber/query/Repository update (Lio/cucumber/messages/types/Envelope;)V 44 <appendix> member <vmtarget> ; # io/cucumber/query/Repository$$Lambda+0x000001c99d209c48
instanceKlass io/cucumber/messages/types/TestRunHookStarted
instanceKlass  @bci io/cucumber/query/Repository update (Lio/cucumber/messages/types/Envelope;)V 31 <appendix> member <vmtarget> ; # io/cucumber/query/Repository$$Lambda+0x000001c99d209800
instanceKlass io/cucumber/messages/types/TestRunFinished
instanceKlass  @bci io/cucumber/query/Repository update (Lio/cucumber/messages/types/Envelope;)V 18 <appendix> member <vmtarget> ; # io/cucumber/query/Repository$$Lambda+0x000001c99d2093b8
instanceKlass io/cucumber/messages/types/TestRunStarted
instanceKlass  @bci io/cucumber/query/Repository update (Lio/cucumber/messages/types/Envelope;)V 5 <appendix> member <vmtarget> ; # io/cucumber/query/Repository$$Lambda+0x000001c99d208f70
instanceKlass  @bci io/cucumber/core/runtime/CucumberExecutionContext createMeta ()Lio/cucumber/messages/types/Meta; 72 <appendix> argL0 ; # io/cucumber/core/runtime/CucumberExecutionContext$$Lambda+0x000001c99d208d30
instanceKlass io/cucumber/messages/types/Ci
instanceKlass io/cucumber/cienvironment/VariableExpression
instanceKlass  @bci io/cucumber/cienvironment/DetectCiEnvironment detectCiEnvironment (Ljava/util/Map;)Ljava/util/Optional; 29 <appendix> argL0 ; # io/cucumber/cienvironment/DetectCiEnvironment$$Lambda+0x000001c99d2086d8
instanceKlass  @bci io/cucumber/cienvironment/DetectCiEnvironment detectCiEnvironment (Ljava/util/Map;)Ljava/util/Optional; 19 <appendix> argL0 ; # io/cucumber/cienvironment/DetectCiEnvironment$$Lambda+0x000001c99d208488
instanceKlass  @bci io/cucumber/cienvironment/DetectCiEnvironment detectCiEnvironment (Ljava/util/Map;)Ljava/util/Optional; 9 <appendix> member <vmtarget> ; # io/cucumber/cienvironment/DetectCiEnvironment$$Lambda+0x000001c99d208240
instanceKlass io/cucumber/cienvironment/CiEnvironmentImpl$Git
instanceKlass io/cucumber/cienvironment/CiEnvironment$Git
instanceKlass io/cucumber/cienvironment/CiEnvironmentImpl
instanceKlass io/cucumber/cienvironment/CiEnvironments
instanceKlass io/cucumber/cienvironment/CiEnvironment
instanceKlass io/cucumber/cienvironment/DetectCiEnvironment
instanceKlass io/cucumber/messages/types/Product
instanceKlass io/cucumber/messages/ProtocolVersion
instanceKlass io/cucumber/messages/types/Meta
instanceKlass  @bci io/cucumber/core/plugin/HtmlFormatter setEventPublisher (Lio/cucumber/plugin/event/EventPublisher;)V 4 <appendix> member <vmtarget> ; # io/cucumber/core/plugin/HtmlFormatter$$Lambda+0x000001c99d206d58
instanceKlass  @bci io/cucumber/core/plugin/PrettyFormatter setEventPublisher (Lio/cucumber/plugin/event/EventPublisher;)V 4 <appendix> member <vmtarget> ; # io/cucumber/core/plugin/PrettyFormatter$$Lambda+0x000001c99d206b30
instanceKlass org/junit/runners/RuleContainer$1
instanceKlass org/junit/runners/RuleContainer
instanceKlass org/junit/rules/TestRule
instanceKlass org/junit/runners/ParentRunner$ClassRuleCollector
instanceKlass org/junit/internal/runners/model/EachTestNotifier
instanceKlass com/intellij/junit4/JUnitTestTreeNodeManager$TestNodePresentation
instanceKlass org/junit/runner/notification/RunNotifier$SafeNotifier
instanceKlass java/io/ObjectStreamClass$FieldReflector
instanceKlass java/io/ObjectStreamClass$FieldReflectorKey
instanceKlass java/io/ObjectInput
instanceKlass jdk/internal/reflect/ClassDefiner$1
instanceKlass jdk/internal/reflect/ClassDefiner
instanceKlass jdk/internal/reflect/MethodAccessorGenerator$1
instanceKlass jdk/internal/reflect/Label$PatchInfo
instanceKlass jdk/internal/reflect/Label
instanceKlass jdk/internal/reflect/UTF8
instanceKlass jdk/internal/reflect/ClassFileAssembler
instanceKlass jdk/internal/reflect/ByteVectorImpl
instanceKlass jdk/internal/reflect/ByteVector
instanceKlass jdk/internal/reflect/ByteVectorFactory
instanceKlass jdk/internal/reflect/AccessorGenerator
instanceKlass jdk/internal/reflect/ClassFileConstants
instanceKlass  @bci jdk/internal/reflect/MethodHandleLongFieldAccessorImpl getLong (Ljava/lang/Object;)J 11 <adapter> ; # java/lang/invoke/LambdaForm$MH+0x000001c99d205400
instanceKlass  @cpi jdk/internal/net/http/common/HttpBodySubscriberWrapper 227 form vmentry <vmtarget> ; # java/lang/invoke/LambdaForm$DMH+0x000001c99d205000
instanceKlass java/io/ObjectStreamClass$2
instanceKlass java/io/Externalizable
instanceKlass java/io/ClassCache
instanceKlass java/io/ObjectStreamClass$Caches
instanceKlass java/io/ObjectStreamClass
instanceKlass org/junit/runner/Result$SerializedForm
instanceKlass org/junit/runner/Result
instanceKlass org/junit/runner/notification/RunListener$ThreadSafe
instanceKlass org/junit/runner/notification/RunNotifier
instanceKlass org/junit/internal/JUnitSystem
instanceKlass org/junit/runner/JUnitCore
instanceKlass com/intellij/rt/execution/junit/MapSerializerUtil$1
instanceKlass com/intellij/rt/execution/junit/MapSerializerUtil$EscapeInfoProvider
instanceKlass com/intellij/rt/execution/junit/MapSerializerUtil
instanceKlass com/intellij/junit4/JUnit4ReflectionUtil
# instanceKlass java/lang/invoke/LambdaForm$MH+0x000001c99d204c00
# instanceKlass java/lang/invoke/LambdaForm$MH+0x000001c99d204800
# instanceKlass java/lang/invoke/LambdaForm$MH+0x000001c99d204400
instanceKlass  @cpi jdk/internal/net/http/common/DebugLogger$LoggerConfig 121 form vmentry <vmtarget> ; # java/lang/invoke/LambdaForm$MH+0x000001c99d204000
instanceKlass org/junit/runner/OrderWith
instanceKlass java/util/Formatter$Flags
instanceKlass java/util/Formattable
instanceKlass java/util/Formatter$FixedString
instanceKlass java/util/Formatter$FormatSpecifier
instanceKlass java/util/Formatter$FormatString
instanceKlass java/util/Formatter$Conversion
instanceKlass java/util/Formatter
instanceKlass io/cucumber/junit/PickleRunners$PickleId
instanceKlass  @bci io/cucumber/junit/FeatureRunner getDescription ()Lorg/junit/runner/Description; 38 <appendix> member <vmtarget> ; # io/cucumber/junit/FeatureRunner$$Lambda+0x000001c99d2011a8
instanceKlass io/cucumber/junit/FeatureRunner$FeatureId
instanceKlass org/junit/runner/Description
instanceKlass io/cucumber/junit/PickleRunners$NoStepDescriptions
instanceKlass io/cucumber/junit/PickleRunners
instanceKlass  @bci io/cucumber/junit/FeatureRunner lambda$new$0 (Ljava/util/Map;Lio/cucumber/junit/JUnitOptions;Lio/cucumber/core/runtime/CucumberExecutionContext;Lio/cucumber/core/gherkin/Pickle;)Lio/cucumber/junit/PickleRunners$PickleRunner; 9 <appendix> argL0 ; # io/cucumber/junit/FeatureRunner$$Lambda+0x000001c99d2006a0
instanceKlass io/cucumber/junit/FileNameCompatibleNames
instanceKlass  @bci io/cucumber/core/filter/TagPredicate test (Lio/cucumber/core/gherkin/Pickle;)Z 31 <appendix> member <vmtarget> ; # io/cucumber/core/filter/TagPredicate$$Lambda+0x000001c99d200240
instanceKlass  @bci io/cucumber/core/gherkin/messages/GherkinMessagesPickle getTags ()Ljava/util/List; 12 <appendix> argL0 ; # io/cucumber/core/gherkin/messages/GherkinMessagesPickle$$Lambda+0x000001c99d200000
instanceKlass  @bci io/cucumber/junit/FeatureRunner <init> (Lio/cucumber/core/gherkin/Feature;Ljava/lang/Integer;Ljava/util/function/Predicate;Lio/cucumber/core/runtime/CucumberExecutionContext;Lio/cucumber/junit/JUnitOptions;)V 84 <appendix> member <vmtarget> ; # io/cucumber/junit/FeatureRunner$$Lambda+0x000001c99d1ffc00
instanceKlass io/cucumber/junit/PickleRunners$PickleRunner
instanceKlass  @bci io/cucumber/junit/FeatureRunner <init> (Lio/cucumber/core/gherkin/Feature;Ljava/lang/Integer;Ljava/util/function/Predicate;Lio/cucumber/core/runtime/CucumberExecutionContext;Lio/cucumber/junit/JUnitOptions;)V 41 <appendix> argL0 ; # io/cucumber/junit/FeatureRunner$$Lambda+0x000001c99d1fba90
instanceKlass  @bci io/cucumber/junit/CucumberSerenityBaseRunner lambda$createFeatureRunners$2 (Ljava/util/Map;Ljava/util/function/Predicate;Lio/cucumber/junit/JUnitOptions;Lio/cucumber/core/gherkin/Feature;)Lio/cucumber/junit/FeatureRunner; 3 <appendix> argL0 ; # io/cucumber/junit/CucumberSerenityBaseRunner$$Lambda+0x000001c99d1fb850
instanceKlass  @bci io/cucumber/junit/CucumberSerenityBaseRunner createFeatureRunners (Ljava/util/List;Lio/cucumber/core/options/RuntimeOptions;Lio/cucumber/junit/JUnitOptions;)V 57 <appendix> argL0 ; # io/cucumber/junit/CucumberSerenityBaseRunner$$Lambda+0x000001c99d1fb600
instanceKlass  @bci io/cucumber/junit/CucumberSerenityBaseRunner createFeatureRunners (Ljava/util/List;Lio/cucumber/core/options/RuntimeOptions;Lio/cucumber/junit/JUnitOptions;)V 47 <appendix> member <vmtarget> ; # io/cucumber/junit/CucumberSerenityBaseRunner$$Lambda+0x000001c99d1fb3b8
instanceKlass  @bci java/util/stream/Collectors lambda$groupingBy$53 (Ljava/util/function/Function;Ljava/util/function/Supplier;Ljava/util/function/BiConsumer;Ljava/util/Map;Ljava/lang/Object;)V 20 <appendix> member <vmtarget> ; # java/util/stream/Collectors$$Lambda+0x000001c99d154a58
instanceKlass  @bci java/util/stream/Collectors mapMerger (Ljava/util/function/BinaryOperator;)Ljava/util/function/BinaryOperator; 1 <appendix> member <vmtarget> ; # java/util/stream/Collectors$$Lambda+0x000001c99d154808
instanceKlass  @bci java/util/stream/Collectors groupingBy (Ljava/util/function/Function;Ljava/util/function/Supplier;Ljava/util/stream/Collector;)Ljava/util/stream/Collector; 19 <appendix> member <vmtarget> ; # java/util/stream/Collectors$$Lambda+0x000001c99d1545d0
instanceKlass  @cpi java/util/stream/Collectors 1299 form vmentry <vmtarget> ; # java/lang/invoke/LambdaForm$DMH+0x000001c99d1ff800
instanceKlass  @bci java/util/stream/Collectors groupingBy (Ljava/util/function/Function;Ljava/util/stream/Collector;)Ljava/util/stream/Collector; 1 <appendix> argL0 ; # java/util/stream/Collectors$$Lambda+0x000001c99d1543b0
instanceKlass  @bci io/cucumber/junit/CucumberSerenityBaseRunner createFeatureRunners (Ljava/util/List;Lio/cucumber/core/options/RuntimeOptions;Lio/cucumber/junit/JUnitOptions;)V 16 <appendix> argL0 ; # io/cucumber/junit/CucumberSerenityBaseRunner$$Lambda+0x000001c99d1fae60
instanceKlass  @bci java/util/function/Predicate and (Ljava/util/function/Predicate;)Ljava/util/function/Predicate; 7 <appendix> member <vmtarget> ; # java/util/function/Predicate$$Lambda+0x000001c99d154158
instanceKlass  @cpi java/util/function/Predicate 72 form vmentry <vmtarget> ; # java/lang/invoke/LambdaForm$DMH+0x000001c99d1ff400
instanceKlass io/cucumber/core/filter/TagPredicate
instanceKlass  @bci io/cucumber/core/filter/Filters <init> (Lio/cucumber/core/filter/Options;)V 5 <appendix> argL0 ; # io/cucumber/core/filter/Filters$$Lambda+0x000001c99d1fa9b8
instanceKlass io/cucumber/core/filter/Filters
instanceKlass io/cucumber/core/runtime/RethrowingThrowableCollector
instanceKlass java/util/ResourceBundle$Control$2
instanceKlass java/util/ResourceBundle$CacheKeyReference
instanceKlass java/util/ResourceBundle$CacheKey
instanceKlass  @bci java/util/ResourceBundle getLoader (Ljava/lang/Module;)Ljava/lang/ClassLoader; 6 <appendix> member <vmtarget> ; # java/util/ResourceBundle$$Lambda+0x000001c99d152cf0
instanceKlass java/util/stream/AbstractSpinedBuffer
instanceKlass  @bci java/util/stream/ReferencePipeline toArray ()[Ljava/lang/Object; 1 <appendix> argL0 ; # java/util/stream/ReferencePipeline$$Lambda+0x000001c99d152210
instanceKlass java/util/ImmutableCollections$Access$1
instanceKlass jdk/internal/access/JavaUtilCollectionAccess
instanceKlass java/util/ImmutableCollections$Access
instanceKlass  @bci java/util/ResourceBundle$ResourceBundleControlProviderHolder lambda$static$0 ()Ljava/util/List; 11 <appendix> argL0 ; # java/util/ResourceBundle$ResourceBundleControlProviderHolder$$Lambda+0x000001c99d151990
instanceKlass java/util/ServiceLoader$ProviderSpliterator
instanceKlass java/util/spi/ResourceBundleControlProvider
instanceKlass  @bci java/util/ResourceBundle$ResourceBundleControlProviderHolder <clinit> ()V 0 <appendix> argL0 ; # java/util/ResourceBundle$ResourceBundleControlProviderHolder$$Lambda+0x000001c99d1512d0
instanceKlass java/util/ResourceBundle$ResourceBundleControlProviderHolder
instanceKlass io/cucumber/core/runtime/CucumberExecutionContext
instanceKlass  @bci net/serenitybdd/cucumber/core/plugin/ManualScenarioChecker <clinit> ()V 15 <appendix> form vmentry <vmtarget> ; # java/lang/invoke/LambdaForm$MH+0x000001c99d1ff000
# instanceKlass java/lang/invoke/LambdaForm$MH+0x000001c99d1fec00
instanceKlass  @bci jdk/internal/net/http/RawChannelTube <init> (Ljdk/internal/net/http/HttpConnection;Ljava/util/function/Supplier;)V 98 <appendix> argL3 form vmentry <vmtarget> ; # java/lang/invoke/LambdaForm$MH+0x000001c99d1fe800
# instanceKlass java/lang/invoke/LambdaForm$MH+0x000001c99d1fe400
instanceKlass  @bci net/serenitybdd/cucumber/core/plugin/ManualScenarioChecker <clinit> ()V 15 <appendix> argL4 form vmentry <vmtarget> ; # java/lang/invoke/LambdaForm$MH+0x000001c99d1fe000
# instanceKlass java/lang/invoke/LambdaForm$MH+0x000001c99d1fdc00
# instanceKlass java/lang/invoke/LambdaForm$MH+0x000001c99d1fd800
# instanceKlass java/lang/invoke/LambdaForm$MH+0x000001c99d1fd400
# instanceKlass java/lang/invoke/LambdaForm$MH+0x000001c99d1fd000
instanceKlass  @bci net/thucydides/model/logging/ConsoleHeading bannerFor (Lnet/thucydides/model/logging/ConsoleEvent;Ljava/lang/String;)Ljava/lang/String; 25 <appendix> argL1 form vmentry <vmtarget> ; # java/lang/invoke/LambdaForm$MH+0x000001c99d1fcc00
# instanceKlass java/lang/invoke/LambdaForm$MH+0x000001c99d1fc800
# instanceKlass java/lang/invoke/LambdaForm$MH+0x000001c99d1fc400
# instanceKlass java/lang/invoke/LambdaForm$MH+0x000001c99d1fc000
instanceKlass net/serenitybdd/cucumber/core/plugin/ManualScenarioChecker
instanceKlass  @bci net/serenitybdd/cucumber/core/plugin/SerenityReporter <init> (Lnet/thucydides/model/webdriver/Configuration;)V 121 <appendix> member <vmtarget> ; # net/serenitybdd/cucumber/core/plugin/SerenityReporter$$Lambda+0x000001c99d1f9a30
instanceKlass  @bci net/serenitybdd/cucumber/core/plugin/SerenityReporter <init> (Lnet/thucydides/model/webdriver/Configuration;)V 111 <appendix> member <vmtarget> ; # net/serenitybdd/cucumber/core/plugin/SerenityReporter$$Lambda+0x000001c99d1f95d0
instanceKlass  @bci net/serenitybdd/cucumber/core/plugin/SerenityReporter <init> (Lnet/thucydides/model/webdriver/Configuration;)V 101 <appendix> member <vmtarget> ; # net/serenitybdd/cucumber/core/plugin/SerenityReporter$$Lambda+0x000001c99d1f9178
instanceKlass  @bci net/serenitybdd/cucumber/core/plugin/SerenityReporter <init> (Lnet/thucydides/model/webdriver/Configuration;)V 91 <appendix> member <vmtarget> ; # net/serenitybdd/cucumber/core/plugin/SerenityReporter$$Lambda+0x000001c99d1f8d20
instanceKlass  @bci net/serenitybdd/cucumber/core/plugin/SerenityReporter <init> (Lnet/thucydides/model/webdriver/Configuration;)V 81 <appendix> member <vmtarget> ; # net/serenitybdd/cucumber/core/plugin/SerenityReporter$$Lambda+0x000001c99d1f88c0
instanceKlass  @bci net/serenitybdd/cucumber/core/plugin/SerenityReporter <init> (Lnet/thucydides/model/webdriver/Configuration;)V 71 <appendix> member <vmtarget> ; # net/serenitybdd/cucumber/core/plugin/SerenityReporter$$Lambda+0x000001c99d1f8460
instanceKlass  @bci net/serenitybdd/cucumber/core/plugin/SerenityReporter <init> (Lnet/thucydides/model/webdriver/Configuration;)V 61 <appendix> member <vmtarget> ; # net/serenitybdd/cucumber/core/plugin/SerenityReporter$$Lambda+0x000001c99d1f8238
instanceKlass  @bci net/serenitybdd/cucumber/core/plugin/SerenityReporter <init> (Lnet/thucydides/model/webdriver/Configuration;)V 51 <appendix> member <vmtarget> ; # net/serenitybdd/cucumber/core/plugin/SerenityReporter$$Lambda+0x000001c99d1f7cb0
instanceKlass  @bci io/cucumber/core/options/RuntimeOptions getLineFilters ()Ljava/util/Map; 13 <appendix> member <vmtarget> ; # io/cucumber/core/options/RuntimeOptions$$Lambda+0x000001c99d1f7848
instanceKlass net/serenitybdd/cucumber/core/plugin/LineFilters
instanceKlass net/serenitybdd/cucumber/core/plugin/FeaturePathFormatter
instanceKlass  @bci net/serenitybdd/cucumber/core/plugin/SerenityReporter <init> (Lnet/thucydides/model/webdriver/Configuration;)V 16 <appendix> argL0 ; # net/serenitybdd/cucumber/core/plugin/SerenityReporter$$Lambda+0x000001c99d1f71e0
instanceKlass net/serenitybdd/cucumber/core/plugin/ScenarioContext
instanceKlass net/serenitybdd/cucumber/core/plugin/TestSourcesModel
instanceKlass net/serenitybdd/cucumber/core/plugin/FeatureFileLoader
instanceKlass io/cucumber/plugin/event/TestStep
instanceKlass net/serenitybdd/cucumber/core/plugin/SerenityReporter
instanceKlass freemarker/cache/StatefulTemplateLoader
instanceKlass freemarker/cache/URLTemplateLoader
instanceKlass freemarker/template/utility/XmlEscape
instanceKlass freemarker/template/utility/NormalizeNewlines
instanceKlass freemarker/template/utility/HtmlEscape
instanceKlass freemarker/template/utility/StandardCompress
instanceKlass freemarker/template/utility/CaptureOutput
instanceKlass freemarker/template/TemplateTransformModel
instanceKlass freemarker/cache/TemplateNameFormat
instanceKlass freemarker/cache/TemplateLookupStrategy
instanceKlass freemarker/cache/SoftCacheStorage
instanceKlass freemarker/cache/CacheStorageWithGetSize
instanceKlass freemarker/cache/ConcurrentCacheStorage
instanceKlass freemarker/cache/TemplateLookupContext
instanceKlass freemarker/cache/TemplateCache
instanceKlass freemarker/core/TemplateClassResolver$3
instanceKlass freemarker/core/TemplateClassResolver$2
instanceKlass freemarker/core/TemplateClassResolver$1
instanceKlass freemarker/template/DefaultObjectWrapperBuilder$DefaultObjectWrapperFactory
instanceKlass freemarker/ext/beans/BeanModel$1
instanceKlass freemarker/template/SimpleScalar
instanceKlass freemarker/template/TemplateScalarModel
instanceKlass freemarker/template/TemplateCollectionModel
instanceKlass freemarker/template/TemplateSequenceModel
instanceKlass freemarker/ext/beans/BeanModel
instanceKlass freemarker/template/TemplateModelWithAPISupport
instanceKlass freemarker/ext/util/WrapperTemplateModel
instanceKlass freemarker/template/AdapterTemplateModel
instanceKlass freemarker/template/TemplateHashModelEx
instanceKlass freemarker/template/TemplateBooleanModel
instanceKlass freemarker/ext/beans/_BeansAPI
instanceKlass freemarker/template/utility/SecurityUtilities$2
instanceKlass freemarker/template/utility/SecurityUtilities
instanceKlass freemarker/template/utility/CollectionUtils
instanceKlass java/beans/FeatureDescriptor
instanceKlass freemarker/ext/beans/ClassIntrospector
instanceKlass freemarker/ext/beans/BeansWrapper$3
instanceKlass freemarker/ext/beans/_MethodUtil
instanceKlass freemarker/ext/beans/MemberSelectorListMemberAccessPolicy$1
instanceKlass freemarker/ext/beans/MemberMatcher$Types
instanceKlass freemarker/ext/beans/ExecutableMemberSignature
instanceKlass freemarker/ext/beans/MemberMatcher
instanceKlass freemarker/ext/beans/TemplateAccessible
instanceKlass java/lang/constant/ClassDesc
instanceKlass java/io/Console
instanceKlass java/lang/Process
instanceKlass java/lang/Thread$Builder$OfVirtual
instanceKlass java/lang/Thread$Builder$OfPlatform
instanceKlass java/lang/Thread$Builder
instanceKlass java/time/Duration
instanceKlass freemarker/ext/beans/ClassMemberAccessPolicy
instanceKlass freemarker/ext/beans/MemberSelectorListMemberAccessPolicy
instanceKlass freemarker/ext/beans/MemberSelectorListMemberAccessPolicy$MemberSelector
instanceKlass freemarker/ext/beans/DefaultMemberAccessPolicy
instanceKlass freemarker/ext/beans/MemberAccessPolicy
instanceKlass freemarker/ext/beans/ClassIntrospectorBuilder
instanceKlass freemarker/ext/beans/BeansWrapper$5
instanceKlass freemarker/ext/beans/BeansWrapper$4
instanceKlass freemarker/template/TemplateMethodModelEx
instanceKlass freemarker/template/TemplateMethodModel
instanceKlass freemarker/ext/util/ModelCache
instanceKlass freemarker/ext/beans/ClassBasedModelFactory
instanceKlass freemarker/template/TemplateHashModel
instanceKlass freemarker/ext/beans/MethodAppearanceFineTuner
instanceKlass freemarker/ext/util/ModelFactory
instanceKlass freemarker/ext/beans/BeansWrapper
instanceKlass freemarker/template/utility/WriteProtectable
instanceKlass freemarker/template/utility/RichObjectWrapper
instanceKlass freemarker/template/utility/ObjectWrapperWithAPISupport
instanceKlass freemarker/template/ObjectWrapperAndUnwrapper
instanceKlass freemarker/ext/beans/_BeansAPI$_BeansWrapperSubclassFactory
instanceKlass freemarker/ext/beans/BeansWrapperConfiguration
instanceKlass freemarker/template/LoggingAttemptExceptionReporter
instanceKlass freemarker/template/AttemptExceptionReporter
instanceKlass freemarker/template/TemplateExceptionHandler$4
instanceKlass freemarker/template/TemplateExceptionHandler$3
instanceKlass freemarker/template/TemplateExceptionHandler$2
instanceKlass freemarker/template/TemplateExceptionHandler$1
instanceKlass freemarker/template/TemplateExceptionHandler
instanceKlass freemarker/core/TemplateValueFormat
instanceKlass freemarker/template/_VersionInts
instanceKlass freemarker/template/_TemplateAPI
instanceKlass freemarker/template/utility/ClassUtil
instanceKlass freemarker/core/CommonTemplateMarkupOutputModel
instanceKlass freemarker/core/TemplateMarkupOutputModel
instanceKlass freemarker/template/TemplateModel
instanceKlass freemarker/log/_JULLoggerFactory
instanceKlass freemarker/log/Logger$1
instanceKlass freemarker/log/LoggerFactory
instanceKlass freemarker/log/Logger
instanceKlass freemarker/core/CFormat
instanceKlass freemarker/cache/CacheStorage
instanceKlass freemarker/cache/TemplateLoader
instanceKlass freemarker/core/OutputFormat
instanceKlass freemarker/core/TemplateClassResolver
instanceKlass freemarker/core/FMParserConstants
instanceKlass freemarker/core/TruncateBuiltinAlgorithm
instanceKlass freemarker/core/ArithmeticEngine
instanceKlass freemarker/core/Configurable
instanceKlass freemarker/core/ParserConfiguration
instanceKlass freemarker/template/Version
instanceKlass net/thucydides/model/reports/templates/ReportTemplate
instanceKlass freemarker/template/ObjectWrapper
instanceKlass net/thucydides/model/reports/templates/FreeMarkerTemplateManager
instanceKlass net/thucydides/model/reports/templates/TemplateManager
instanceKlass net/serenitybdd/model/time/InternalSystemClock
instanceKlass net/thucydides/model/reports/json/gson/ClassTypeAdapter
instanceKlass net/thucydides/model/reports/json/gson/FileDeserializer
instanceKlass net/thucydides/model/reports/json/gson/FileSerializer
instanceKlass net/thucydides/model/reports/json/gson/ZonedDateTimeAdapter
instanceKlass java/time/ZonedDateTime
instanceKlass java/time/chrono/ChronoZonedDateTime
instanceKlass net/thucydides/model/reports/json/gson/StackTraceElementDeserializer
instanceKlass net/thucydides/model/reports/json/gson/StackTraceElementSerializer
instanceKlass java/lang/reflect/ParameterizedType
instanceKlass java/lang/reflect/WildcardType
instanceKlass com/google/gson/internal/GsonTypes
instanceKlass com/google/gson/reflect/TypeToken
instanceKlass com/google/gson/InstanceCreator
instanceKlass net/thucydides/model/reports/json/gson/InterfaceAdapter
instanceKlass net/thucydides/model/domain/flags/Flag
instanceKlass com/google/gson/internal/bind/TreeTypeAdapter$SingleTypeFactory
instanceKlass com/google/gson/JsonDeserializationContext
instanceKlass com/google/gson/JsonSerializationContext
instanceKlass com/google/gson/JsonDeserializer
instanceKlass net/thucydides/model/reports/json/gson/CollectionAdapter
instanceKlass com/google/gson/JsonSerializer
instanceKlass net/thucydides/model/reports/json/gson/OptionalTypeAdapter$1
instanceKlass net/thucydides/model/reports/json/gson/GsonJSONConverter
instanceKlass net/serenitybdd/model/collect/NewSet
instanceKlass net/serenitybdd/model/history/HistoricalFlagProvider
instanceKlass com/google/gson/internal/bind/ReflectiveTypeAdapterFactory$BoundField
instanceKlass com/google/gson/internal/bind/ReflectiveTypeAdapterFactory
instanceKlass com/google/gson/internal/bind/JsonAdapterAnnotationTypeAdapterFactory$DummyTypeAdapterFactory
instanceKlass com/google/gson/internal/bind/JsonAdapterAnnotationTypeAdapterFactory
instanceKlass com/google/gson/internal/bind/MapTypeAdapterFactory
instanceKlass com/google/gson/internal/bind/CollectionTypeAdapterFactory
instanceKlass com/google/gson/internal/bind/ArrayTypeAdapter$1
instanceKlass com/google/gson/internal/bind/DefaultDateTypeAdapter$1
instanceKlass com/google/gson/internal/bind/NumberTypeAdapter$1
instanceKlass com/google/gson/internal/bind/ObjectTypeAdapter$1
instanceKlass com/google/gson/internal/bind/EnumTypeAdapter$1
instanceKlass com/google/gson/internal/bind/TypeAdapters$31
instanceKlass com/google/gson/internal/bind/TypeAdapters$32
instanceKlass java/util/concurrent/atomic/AtomicIntegerArray
instanceKlass com/google/gson/internal/bind/TypeAdapters$30
instanceKlass java/util/BitSet
instanceKlass com/google/gson/internal/bind/TypeAdapters$29
instanceKlass com/google/gson/internal/bind/TypeAdapters
instanceKlass com/google/gson/internal/ConstructorConstructor
instanceKlass com/google/gson/internal/sql/SqlTimestampTypeAdapter$1
instanceKlass com/google/gson/internal/sql/SqlTimeTypeAdapter$1
instanceKlass com/google/gson/internal/sql/SqlDateTypeAdapter$1
instanceKlass com/google/gson/internal/bind/DefaultDateTypeAdapter$DateType
instanceKlass com/google/gson/internal/sql/SqlTypesSupport
instanceKlass com/google/gson/FormattingStyle
instanceKlass com/google/gson/stream/JsonWriter
instanceKlass com/google/gson/stream/JsonReader
instanceKlass com/google/gson/ToNumberStrategy
instanceKlass com/google/gson/Gson
instanceKlass com/google/gson/JsonElement
instanceKlass com/google/gson/TypeAdapter
instanceKlass com/google/gson/internal/Excluder
instanceKlass com/google/gson/TypeAdapterFactory
instanceKlass com/google/gson/FieldNamingStrategy
instanceKlass com/google/gson/GsonBuilder
instanceKlass net/thucydides/model/reports/json/gson/GsonPreviousOutcomeConverter
instanceKlass java/io/FilenameFilter
instanceKlass net/thucydides/model/reports/json/JSONTestOutcomeReporter
instanceKlass net/thucydides/model/reports/AcceptanceTestReporter
instanceKlass net/serenitybdd/model/collect/NewMap
instanceKlass net/serenitybdd/model/history/ClearDirectoryContents
instanceKlass net/serenitybdd/model/history/LeaveDirectoryContents
instanceKlass net/serenitybdd/model/history/PrepareHistoryDirectory
instanceKlass net/thucydides/model/reports/AcceptanceTestLoader
instanceKlass net/serenitybdd/model/history/FileSystemTestOutcomeSummaryRecorder
instanceKlass net/thucydides/model/reports/remoteTesting/RemoteTestingLinkManager
instanceKlass net/thucydides/model/configuration/FilePathParser
instanceKlass net/thucydides/model/configuration/SystemPropertiesConfiguration
instanceKlass net/serenitybdd/model/buildinfo/PropertyBasedDriverCapabilityRecord
instanceKlass  @bci net/serenitybdd/model/environment/ConfiguredEnvironment <clinit> ()V 0 <appendix> argL0 ; # net/serenitybdd/model/environment/ConfiguredEnvironment$$Lambda+0x000001c99d1c55b8
instanceKlass net/serenitybdd/model/environment/ConfiguredEnvironment
instanceKlass net/thucydides/model/issues/SystemPropertiesIssueTracking
instanceKlass  @bci net/serenitybdd/model/collect/NewList of ([Ljava/lang/Object;)Ljava/util/List; 18 <appendix> member <vmtarget> ; # net/serenitybdd/model/collect/NewList$$Lambda+0x000001c99d1c4f38
instanceKlass net/serenitybdd/model/collect/NewList
instanceKlass net/thucydides/model/statistics/service/FeatureStoryTagProvider
instanceKlass net/thucydides/model/statistics/service/AnnotationBasedTagProvider
instanceKlass net/thucydides/model/requirements/AbstractRequirementsTagProvider
instanceKlass net/thucydides/model/requirements/OverridableTagProvider
instanceKlass net/thucydides/model/requirements/CoreTagProvider
instanceKlass net/thucydides/model/requirements/RequirementsTagProvider
instanceKlass net/thucydides/model/statistics/service/TagProvider
instanceKlass net/thucydides/model/requirements/BaseRequirementsService
instanceKlass net/thucydides/model/requirements/ClasspathRequirementsProviderService
instanceKlass net/thucydides/model/statistics/service/TagProviderFilter
instanceKlass net/thucydides/model/statistics/service/ClasspathTagProviderService
instanceKlass net/serenitybdd/model/time/SystemClock
instanceKlass net/thucydides/model/reports/json/JSONConverter
instanceKlass net/thucydides/model/domain/flags/FlagProvider
instanceKlass net/serenitybdd/model/history/TestOutcomeSummaryRecorder
instanceKlass net/thucydides/model/reports/remoteTesting/LinkGenerator
instanceKlass net/thucydides/model/issues/IssueTracking
instanceKlass net/thucydides/model/requirements/RequirementsService
instanceKlass net/thucydides/model/requirements/ParentRequirementProvider
instanceKlass net/thucydides/model/requirements/RequirementsProviderService
instanceKlass net/thucydides/model/statistics/service/TagProviderService
instanceKlass net/serenitybdd/model/di/ModelInfrastructure
instanceKlass net/thucydides/model/statistics/AtomicTestCount
instanceKlass org/openqa/selenium/SearchContext
instanceKlass net/thucydides/core/annotations/locators/SmartWidgetProxyCreator
instanceKlass org/openqa/selenium/support/pagefactory/FieldDecorator
instanceKlass net/thucydides/core/annotations/locators/SmartElementProxyCreator
instanceKlass net/thucydides/core/fixtureservices/ClasspathFixtureProviderService
instanceKlass net/serenitybdd/core/annotations/findby/di/ClasspathCustomFindByAnnotationProviderService
instanceKlass  @bci net/serenitybdd/core/di/SerenityInfrastructure <clinit> ()V 10 <appendix> argL0 ; # net/serenitybdd/core/di/SerenityInfrastructure$$Lambda+0x000001c99d1c0428
instanceKlass net/thucydides/model/steps/di/ClasspathDependencyInjectorService
instanceKlass net/thucydides/model/batches/BatchManager
instanceKlass net/thucydides/model/steps/StepListener
instanceKlass net/serenitybdd/model/buildinfo/DriverCapabilityRecord
instanceKlass net/thucydides/core/webdriver/DriverConfiguration
instanceKlass net/thucydides/model/webdriver/Configuration
instanceKlass net/thucydides/core/webdriver/CloseBrowser
instanceKlass net/thucydides/model/statistics/TestCount
instanceKlass net/thucydides/core/webdriver/WidgetProxyCreator
instanceKlass net/thucydides/core/webdriver/ElementProxyCreator
instanceKlass net/thucydides/core/fixtureservices/FixtureProviderService
instanceKlass net/serenitybdd/core/annotations/findby/di/CustomFindByAnnotationProviderService
instanceKlass net/thucydides/model/steps/di/DependencyInjectorService
instanceKlass net/serenitybdd/core/di/SerenityInfrastructure
instanceKlass  @bci io/cucumber/core/runtime/ThreadLocalRunnerSupplier <init> (Lio/cucumber/core/runner/Options;Lio/cucumber/core/eventbus/EventBus;Lio/cucumber/core/runtime/BackendSupplier;Lio/cucumber/core/runtime/ObjectFactorySupplier;)V 6 <appendix> member <vmtarget> ; # io/cucumber/core/runtime/ThreadLocalRunnerSupplier$$Lambda+0x000001c99d1bb530
instanceKlass io/cucumber/core/runner/Runner
instanceKlass io/cucumber/core/runtime/ThreadLocalRunnerSupplier
instanceKlass  @bci io/cucumber/junit/CucumberSerenityBaseRunner initializeServices (Ljava/lang/Class;Lio/cucumber/core/options/RuntimeOptions;)Lio/cucumber/core/runtime/ThreadLocalRunnerSupplier; 38 <appendix> member <vmtarget> ; # io/cucumber/junit/CucumberSerenityBaseRunner$$Lambda+0x000001c99d1baed0
# instanceKlass java/lang/invoke/LambdaForm$MH+0x000001c99d1bec00
# instanceKlass java/lang/invoke/LambdaForm$MH+0x000001c99d1be800
# instanceKlass java/lang/invoke/LambdaForm$MH+0x000001c99d1be400
# instanceKlass java/lang/invoke/LambdaForm$MH+0x000001c99d1be000
# instanceKlass java/lang/invoke/LambdaForm$MH+0x000001c99d1bdc00
# instanceKlass io/cucumber/junit/CucumberSerenityBaseRunner$$InjectedInvoker+0x000001c99d1bd800
instanceKlass java/lang/invoke/MethodHandleImpl$BindCaller$InjectedInvokerHolder
# instanceKlass java/lang/invoke/LambdaForm$MH+0x000001c99d1bd400
# instanceKlass java/lang/invoke/LambdaForm$MH+0x000001c99d1bd000
# instanceKlass java/lang/invoke/LambdaForm$DMH+0x000001c99d1bcc00
# instanceKlass java/lang/invoke/LambdaForm$DMH+0x000001c99d1bc800
instanceKlass  @cpi jdk/internal/net/http/common/Utils 1339 form vmentry <vmtarget> ; # java/lang/invoke/LambdaForm$DMH+0x000001c99d1bc400
instanceKlass java/lang/invoke/MethodHandleImpl$ArrayAccessor
instanceKlass java/lang/invoke/MethodHandleImpl$LoopClauses
instanceKlass java/lang/invoke/MethodHandleImpl$CasesHolder
instanceKlass java/lang/invoke/MethodHandleImpl$BindCaller
instanceKlass io/cucumber/core/runtime/BackendServiceLoader
instanceKlass  @bci io/cucumber/core/runtime/ThreadLocalObjectFactorySupplier <init> (Lio/cucumber/core/runtime/ObjectFactoryServiceLoader;)V 17 <appendix> member <vmtarget> ; # io/cucumber/core/runtime/ThreadLocalObjectFactorySupplier$$Lambda+0x000001c99d1baa80
instanceKlass io/cucumber/core/runtime/ThreadLocalObjectFactorySupplier
instanceKlass io/cucumber/core/runtime/ObjectFactoryServiceLoader
instanceKlass  @bci io/cucumber/junit/CucumberSerenityBaseRunner initializeServices (Ljava/lang/Class;Lio/cucumber/core/options/RuntimeOptions;)Lio/cucumber/core/runtime/ThreadLocalRunnerSupplier; 0 <appendix> argL0 ; # io/cucumber/junit/CucumberSerenityBaseRunner$$Lambda+0x000001c99d1ba428
instanceKlass  @bci io/cucumber/core/runtime/ExitStatus <init> (Lio/cucumber/core/plugin/Options;)V 17 <appendix> member <vmtarget> ; # io/cucumber/core/runtime/ExitStatus$$Lambda+0x000001c99d1ba200
instanceKlass io/cucumber/plugin/event/TimeStampedEvent
instanceKlass io/cucumber/plugin/event/Event
instanceKlass io/cucumber/plugin/event/EventHandler
instanceKlass io/cucumber/core/runtime/ExitStatus
instanceKlass  @bci io/cucumber/htmlformatter/MessagesToHtmlWriter <init> (Ljava/io/OutputStream;Lio/cucumber/htmlformatter/MessagesToHtmlWriter$Serializer;)V 37 <appendix> argL0 ; # io/cucumber/htmlformatter/MessagesToHtmlWriter$$Lambda+0x000001c99d1b9308
instanceKlass  @bci io/cucumber/htmlformatter/MessagesToHtmlWriter <init> (Ljava/io/OutputStream;Lio/cucumber/htmlformatter/MessagesToHtmlWriter$Serializer;)V 32 <appendix> argL0 ; # io/cucumber/htmlformatter/MessagesToHtmlWriter$$Lambda+0x000001c99d1b90e8
instanceKlass  @bci io/cucumber/htmlformatter/MessagesToHtmlWriter <init> (Ljava/io/OutputStream;Lio/cucumber/htmlformatter/MessagesToHtmlWriter$Serializer;)V 27 <appendix> argL0 ; # io/cucumber/htmlformatter/MessagesToHtmlWriter$$Lambda+0x000001c99d1b8ec8
instanceKlass  @bci io/cucumber/htmlformatter/MessagesToHtmlWriter <init> (Ljava/io/OutputStream;Lio/cucumber/htmlformatter/MessagesToHtmlWriter$Serializer;)V 22 <appendix> argL0 ; # io/cucumber/htmlformatter/MessagesToHtmlWriter$$Lambda+0x000001c99d1b8ca8
instanceKlass  @bci io/cucumber/htmlformatter/MessagesToHtmlWriter <init> (Ljava/io/OutputStream;Lio/cucumber/htmlformatter/MessagesToHtmlWriter$Serializer;)V 17 <appendix> argL0 ; # io/cucumber/htmlformatter/MessagesToHtmlWriter$$Lambda+0x000001c99d1b8a88
instanceKlass  @bci io/cucumber/htmlformatter/MessagesToHtmlWriter <init> (Ljava/io/OutputStream;Lio/cucumber/htmlformatter/MessagesToHtmlWriter$Serializer;)V 12 <appendix> argL0 ; # io/cucumber/htmlformatter/MessagesToHtmlWriter$$Lambda+0x000001c99d1b8868
instanceKlass  @bci io/cucumber/core/plugin/HtmlFormatter <init> (Ljava/io/OutputStream;)V 18 <appendix> member <vmtarget> ; # io/cucumber/core/plugin/HtmlFormatter$$Lambda+0x000001c99d1b8640
instanceKlass  @cpi io/cucumber/core/plugin/HtmlFormatter 47 form vmentry <vmtarget> ; # java/lang/invoke/LambdaForm$DMH+0x000001c99d1bc000
instanceKlass io/cucumber/htmlformatter/MessagesToHtmlWriter$Serializer
instanceKlass io/cucumber/core/internal/com/fasterxml/jackson/databind/cfg/ConstructorDetector
instanceKlass io/cucumber/core/internal/com/fasterxml/jackson/databind/deser/Deserializers$Base
instanceKlass io/cucumber/core/internal/com/fasterxml/jackson/databind/util/ArrayBuilders
instanceKlass io/cucumber/core/internal/com/fasterxml/jackson/databind/ser/Serializers$Base
instanceKlass io/cucumber/core/internal/com/fasterxml/jackson/databind/ObjectMapper$1
instanceKlass io/cucumber/core/internal/com/fasterxml/jackson/core/Version
instanceKlass io/cucumber/core/internal/com/fasterxml/jackson/core/util/VersionUtil
instanceKlass io/cucumber/core/internal/com/fasterxml/jackson/datatype/jdk8/PackageVersion
instanceKlass io/cucumber/core/internal/com/fasterxml/jackson/databind/type/TypeModifier
instanceKlass io/cucumber/core/internal/com/fasterxml/jackson/databind/ser/BeanSerializerModifier
instanceKlass io/cucumber/core/internal/com/fasterxml/jackson/databind/ser/Serializers
instanceKlass io/cucumber/core/internal/com/fasterxml/jackson/databind/cfg/SerializerFactoryConfig
instanceKlass java/util/concurrent/atomic/AtomicBoolean
instanceKlass java/util/Currency
instanceKlass io/cucumber/core/internal/com/fasterxml/jackson/databind/ser/std/StdJdkSerializers
instanceKlass io/cucumber/core/internal/com/fasterxml/jackson/databind/ser/std/NumberSerializers
instanceKlass io/cucumber/core/internal/com/fasterxml/jackson/databind/deser/DeserializerCache
instanceKlass io/cucumber/core/internal/com/fasterxml/jackson/databind/KeyDeserializer
instanceKlass io/cucumber/core/internal/com/fasterxml/jackson/databind/deser/std/StdKeyDeserializers
instanceKlass io/cucumber/core/internal/com/fasterxml/jackson/databind/deser/KeyDeserializers
instanceKlass io/cucumber/core/internal/com/fasterxml/jackson/databind/deser/ValueInstantiators
instanceKlass io/cucumber/core/internal/com/fasterxml/jackson/databind/AbstractTypeResolver
instanceKlass io/cucumber/core/internal/com/fasterxml/jackson/databind/deser/BeanDeserializerModifier
instanceKlass io/cucumber/core/internal/com/fasterxml/jackson/databind/cfg/DeserializerFactoryConfig
instanceKlass io/cucumber/core/internal/com/fasterxml/jackson/databind/deser/Deserializers
instanceKlass io/cucumber/core/internal/com/fasterxml/jackson/annotation/ObjectIdGenerator
instanceKlass io/cucumber/core/internal/com/fasterxml/jackson/databind/deser/ResolvableDeserializer
instanceKlass io/cucumber/core/internal/com/fasterxml/jackson/databind/deser/ValueInstantiator$Gettable
instanceKlass io/cucumber/core/internal/com/fasterxml/jackson/databind/deser/ContextualDeserializer
instanceKlass io/cucumber/core/internal/com/fasterxml/jackson/databind/JsonDeserializer
instanceKlass io/cucumber/core/internal/com/fasterxml/jackson/databind/deser/NullValueProvider
instanceKlass io/cucumber/core/internal/com/fasterxml/jackson/databind/ser/SerializerCache
instanceKlass io/cucumber/core/internal/com/fasterxml/jackson/databind/ser/ResolvableSerializer
instanceKlass io/cucumber/core/internal/com/fasterxml/jackson/databind/ser/ContextualSerializer
instanceKlass io/cucumber/core/internal/com/fasterxml/jackson/databind/jsonschema/SchemaAware
instanceKlass io/cucumber/core/internal/com/fasterxml/jackson/databind/JsonSerializer
instanceKlass io/cucumber/core/internal/com/fasterxml/jackson/databind/jsonFormatVisitors/JsonFormatVisitable
instanceKlass io/cucumber/core/internal/com/fasterxml/jackson/databind/node/JsonNodeFactory
instanceKlass io/cucumber/core/internal/com/fasterxml/jackson/databind/node/JsonNodeCreator
instanceKlass io/cucumber/core/internal/com/fasterxml/jackson/databind/cfg/ContextAttributes
instanceKlass io/cucumber/core/internal/com/fasterxml/jackson/databind/cfg/DatatypeFeature
instanceKlass io/cucumber/core/internal/com/fasterxml/jackson/databind/cfg/DatatypeFeatures$DefaultHolder
instanceKlass io/cucumber/core/internal/com/fasterxml/jackson/databind/cfg/DatatypeFeatures
instanceKlass io/cucumber/core/internal/com/fasterxml/jackson/core/util/DefaultPrettyPrinter$NopIndenter
instanceKlass io/cucumber/core/internal/com/fasterxml/jackson/core/util/Separators
instanceKlass io/cucumber/core/internal/com/fasterxml/jackson/core/util/DefaultPrettyPrinter$Indenter
instanceKlass io/cucumber/core/internal/com/fasterxml/jackson/core/util/DefaultPrettyPrinter
instanceKlass io/cucumber/core/internal/com/fasterxml/jackson/core/util/Instantiatable
instanceKlass io/cucumber/core/internal/com/fasterxml/jackson/databind/cfg/ConfigFeature
instanceKlass io/cucumber/core/internal/com/fasterxml/jackson/databind/cfg/ConfigOverride
instanceKlass io/cucumber/core/internal/com/fasterxml/jackson/annotation/JsonFormat$Features
instanceKlass io/cucumber/core/internal/com/fasterxml/jackson/annotation/JsonFormat$Value
instanceKlass io/cucumber/core/internal/com/fasterxml/jackson/core/PrettyPrinter
instanceKlass io/cucumber/core/internal/com/fasterxml/jackson/databind/cfg/CoercionConfig
instanceKlass io/cucumber/core/internal/com/fasterxml/jackson/databind/cfg/CoercionConfigs
instanceKlass io/cucumber/core/internal/com/fasterxml/jackson/databind/introspect/VisibilityChecker$Std
instanceKlass io/cucumber/core/internal/com/fasterxml/jackson/annotation/JsonSetter$Value
instanceKlass io/cucumber/core/internal/com/fasterxml/jackson/annotation/JsonInclude$Value
instanceKlass io/cucumber/core/internal/com/fasterxml/jackson/annotation/JacksonAnnotationValue
instanceKlass io/cucumber/core/internal/com/fasterxml/jackson/databind/cfg/ConfigOverrides
instanceKlass io/cucumber/core/internal/com/fasterxml/jackson/databind/introspect/AnnotatedClass$Creators
instanceKlass io/cucumber/core/internal/com/fasterxml/jackson/databind/introspect/AnnotationCollector$NoAnnotations
instanceKlass io/cucumber/core/internal/com/fasterxml/jackson/databind/util/Annotations
instanceKlass io/cucumber/core/internal/com/fasterxml/jackson/databind/introspect/AnnotationCollector
instanceKlass io/cucumber/core/internal/com/fasterxml/jackson/databind/introspect/AnnotatedClassResolver
instanceKlass io/cucumber/core/internal/com/fasterxml/jackson/databind/cfg/MapperConfig
instanceKlass io/cucumber/core/internal/com/fasterxml/jackson/databind/BeanDescription
instanceKlass io/cucumber/core/internal/com/fasterxml/jackson/databind/introspect/SimpleMixInResolver
instanceKlass io/cucumber/core/internal/com/fasterxml/jackson/databind/introspect/ClassIntrospector$MixInResolver
instanceKlass io/cucumber/core/internal/com/fasterxml/jackson/databind/util/RootNameLookup
instanceKlass io/cucumber/core/internal/com/fasterxml/jackson/core/sym/CharsToNameCanonicalizer$Bucket
instanceKlass io/cucumber/core/internal/com/fasterxml/jackson/core/sym/CharsToNameCanonicalizer$TableInfo
instanceKlass io/cucumber/core/internal/com/fasterxml/jackson/core/sym/CharsToNameCanonicalizer
instanceKlass io/cucumber/core/internal/com/fasterxml/jackson/core/ErrorReportConfiguration
instanceKlass io/cucumber/core/internal/com/fasterxml/jackson/core/StreamWriteConstraints
instanceKlass io/cucumber/core/internal/com/fasterxml/jackson/core/StreamReadConstraints
instanceKlass io/cucumber/core/internal/com/fasterxml/jackson/core/util/RecyclerPool$WithPool
instanceKlass io/cucumber/core/internal/com/fasterxml/jackson/core/util/RecyclerPool$ThreadLocalPoolBase
instanceKlass io/cucumber/core/internal/com/fasterxml/jackson/core/util/RecyclerPool
instanceKlass io/cucumber/core/internal/com/fasterxml/jackson/core/util/JsonRecyclerPools
instanceKlass io/cucumber/core/internal/com/fasterxml/jackson/core/sym/ByteQuadsCanonicalizer$TableInfo
instanceKlass io/cucumber/core/internal/com/fasterxml/jackson/core/sym/ByteQuadsCanonicalizer
instanceKlass io/cucumber/core/internal/com/fasterxml/jackson/core/io/CharTypes
instanceKlass io/cucumber/core/internal/com/fasterxml/jackson/core/io/JsonStringEncoder
instanceKlass io/cucumber/core/internal/com/fasterxml/jackson/core/io/SerializedString
instanceKlass io/cucumber/core/internal/com/fasterxml/jackson/core/util/JacksonFeature
instanceKlass io/cucumber/core/internal/com/fasterxml/jackson/core/async/ByteBufferFeeder
instanceKlass io/cucumber/core/internal/com/fasterxml/jackson/core/async/ByteArrayFeeder
instanceKlass io/cucumber/core/internal/com/fasterxml/jackson/core/async/NonBlockingInputFeeder
instanceKlass io/cucumber/core/internal/com/fasterxml/jackson/core/TSFBuilder
instanceKlass io/cucumber/core/internal/com/fasterxml/jackson/core/SerializableString
instanceKlass io/cucumber/core/internal/com/fasterxml/jackson/databind/cfg/MapperBuilder
instanceKlass io/cucumber/core/internal/com/fasterxml/jackson/databind/cfg/DefaultCacheProvider
instanceKlass io/cucumber/core/internal/com/fasterxml/jackson/databind/cfg/CacheProvider
instanceKlass io/cucumber/core/internal/com/fasterxml/jackson/databind/introspect/AccessorNamingStrategy
instanceKlass io/cucumber/core/internal/com/fasterxml/jackson/core/Base64Variant
instanceKlass io/cucumber/core/internal/com/fasterxml/jackson/core/Base64Variants
instanceKlass io/cucumber/core/internal/com/fasterxml/jackson/databind/type/TypeBindings
instanceKlass io/cucumber/core/internal/com/fasterxml/jackson/databind/type/TypeParser
instanceKlass io/cucumber/core/internal/com/fasterxml/jackson/databind/type/TypeFactory
instanceKlass io/cucumber/core/internal/com/fasterxml/jackson/databind/cfg/BaseSettings
instanceKlass java/util/concurrent/atomic/AtomicReferenceArray
instanceKlass java/util/concurrent/atomic/AtomicLongArray
instanceKlass java/util/concurrent/atomic/AtomicReference
instanceKlass java/util/concurrent/ConcurrentLinkedQueue$Node
instanceKlass io/cucumber/core/internal/com/fasterxml/jackson/databind/util/internal/Linked
instanceKlass io/cucumber/core/internal/com/fasterxml/jackson/databind/util/internal/PrivateMaxEntriesMap$Builder
instanceKlass io/cucumber/core/internal/com/fasterxml/jackson/databind/util/LRUMap
instanceKlass io/cucumber/core/internal/com/fasterxml/jackson/databind/util/LookupCache
instanceKlass java/beans/ConstructorProperties
instanceKlass java/beans/Transient
instanceKlass java/lang/reflect/AnnotatedType
instanceKlass java/lang/reflect/TypeVariable
instanceKlass io/cucumber/core/internal/com/fasterxml/jackson/databind/util/ClassUtil$Ctor
instanceKlass io/cucumber/core/internal/com/fasterxml/jackson/databind/util/ClassUtil
instanceKlass io/cucumber/core/internal/com/fasterxml/jackson/databind/ext/Java7Support
instanceKlass io/cucumber/core/internal/com/fasterxml/jackson/annotation/JsonMerge
instanceKlass io/cucumber/core/internal/com/fasterxml/jackson/databind/annotation/JsonDeserialize
instanceKlass io/cucumber/core/internal/com/fasterxml/jackson/annotation/JsonManagedReference
instanceKlass io/cucumber/core/internal/com/fasterxml/jackson/annotation/JsonBackReference
instanceKlass io/cucumber/core/internal/com/fasterxml/jackson/annotation/JsonUnwrapped
instanceKlass io/cucumber/core/internal/com/fasterxml/jackson/annotation/JsonRawValue
instanceKlass io/cucumber/core/internal/com/fasterxml/jackson/annotation/JsonTypeInfo
instanceKlass io/cucumber/core/internal/com/fasterxml/jackson/annotation/JsonFormat
instanceKlass io/cucumber/core/internal/com/fasterxml/jackson/annotation/JsonView
instanceKlass io/cucumber/core/internal/com/fasterxml/jackson/databind/annotation/JsonSerialize
instanceKlass io/cucumber/core/internal/com/fasterxml/jackson/databind/introspect/ConcreteBeanPropertyBase
instanceKlass io/cucumber/core/internal/com/fasterxml/jackson/databind/BeanProperty
instanceKlass io/cucumber/core/internal/com/fasterxml/jackson/databind/introspect/BeanPropertyDefinition
instanceKlass io/cucumber/core/internal/com/fasterxml/jackson/databind/util/Named
instanceKlass io/cucumber/core/internal/com/fasterxml/jackson/databind/introspect/TypeResolutionContext
instanceKlass io/cucumber/core/internal/com/fasterxml/jackson/databind/introspect/Annotated
instanceKlass io/cucumber/core/internal/com/fasterxml/jackson/databind/introspect/VisibilityChecker
instanceKlass io/cucumber/core/internal/com/fasterxml/jackson/databind/introspect/ClassIntrospector
instanceKlass io/cucumber/core/internal/com/fasterxml/jackson/databind/jsontype/TypeResolverBuilder
instanceKlass io/cucumber/core/internal/com/fasterxml/jackson/core/JsonGenerator
instanceKlass io/cucumber/core/internal/com/fasterxml/jackson/core/util/BufferRecycler$Gettable
instanceKlass io/cucumber/core/internal/com/fasterxml/jackson/core/type/ResolvedType
instanceKlass io/cucumber/core/internal/com/fasterxml/jackson/core/JsonParser
instanceKlass io/cucumber/core/internal/com/fasterxml/jackson/databind/Module$SetupContext
instanceKlass io/cucumber/core/internal/com/fasterxml/jackson/databind/JsonSerializable$Base
instanceKlass io/cucumber/core/internal/com/fasterxml/jackson/databind/JsonSerializable
instanceKlass io/cucumber/core/internal/com/fasterxml/jackson/core/TreeNode
instanceKlass io/cucumber/core/internal/com/fasterxml/jackson/databind/jsontype/PolymorphicTypeValidator
instanceKlass io/cucumber/core/internal/com/fasterxml/jackson/databind/introspect/AccessorNamingStrategy$Provider
instanceKlass io/cucumber/core/internal/com/fasterxml/jackson/databind/AnnotationIntrospector
instanceKlass io/cucumber/core/internal/com/fasterxml/jackson/databind/ser/SerializerFactory
instanceKlass io/cucumber/core/internal/com/fasterxml/jackson/databind/deser/DeserializerFactory
instanceKlass io/cucumber/core/internal/com/fasterxml/jackson/databind/DatabindContext
instanceKlass io/cucumber/core/internal/com/fasterxml/jackson/databind/jsontype/SubtypeResolver
instanceKlass io/cucumber/core/internal/com/fasterxml/jackson/core/TokenStreamFactory
instanceKlass io/cucumber/core/internal/com/fasterxml/jackson/core/TreeCodec
instanceKlass io/cucumber/core/internal/com/fasterxml/jackson/databind/Module
instanceKlass io/cucumber/core/internal/com/fasterxml/jackson/core/Versioned
instanceKlass io/cucumber/core/plugin/Jackson
instanceKlass io/cucumber/htmlformatter/MessagesToHtmlWriter
instanceKlass io/cucumber/plugin/StrictAware
instanceKlass io/cucumber/prettyformatter/SourceReferenceFormatter
instanceKlass java/io/PrintWriter$1
instanceKlass jdk/internal/access/JavaIOPrintWriterAccess
instanceKlass io/cucumber/prettyformatter/PrettyReportWriter
instanceKlass java/time/temporal/Temporal
instanceKlass io/cucumber/query/Query
instanceKlass io/cucumber/query/Repository$Builder
instanceKlass io/cucumber/query/Repository
instanceKlass io/cucumber/prettyformatter/PrettyReportData
instanceKlass  @bci io/cucumber/prettyformatter/MessagesToPrettyWriter$Builder removePrefix (Ljava/lang/String;)Ljava/util/function/Function; 1 <appendix> member <vmtarget> ; # io/cucumber/prettyformatter/MessagesToPrettyWriter$Builder$$Lambda+0x000001c99d119da8
instanceKlass  @bci io/cucumber/prettyformatter/Theme$Builder style (Lio/cucumber/prettyformatter/Theme$Element;Lio/cucumber/messages/types/TestStepResultStatus;Lio/cucumber/prettyformatter/Ansi;Lio/cucumber/prettyformatter/Ansi;)Lio/cucumber/prettyformatter/Theme$Builder; 26 <appendix> argL0 ; # io/cucumber/prettyformatter/Theme$Builder$$Lambda+0x000001c99d119b68
instanceKlass java/util/AbstractMap$SimpleEntry
instanceKlass io/cucumber/prettyformatter/Ansi
instanceKlass io/cucumber/prettyformatter/Theme$Builder
instanceKlass io/cucumber/prettyformatter/Theme
instanceKlass io/cucumber/prettyformatter/MessagesToPrettyWriter$Builder
instanceKlass io/cucumber/prettyformatter/MessagesToPrettyWriter
instanceKlass  @bci java/lang/Class methodToString (Ljava/lang/String;[Ljava/lang/Class;)Ljava/lang/String; 42 <appendix> argL0 ; # java/lang/Class$$Lambda+0x000001c99d143f38
instanceKlass io/cucumber/core/plugin/PluginFactory
instanceKlass io/cucumber/core/plugin/Plugins
instanceKlass  @bci io/cucumber/core/runtime/FeaturePathFeatureSupplier$FeatureBuilder build ()Ljava/util/List; 13 <appendix> argL0 ; # io/cucumber/core/runtime/FeaturePathFeatureSupplier$FeatureBuilder$$Lambda+0x000001c99d1154d0
instanceKlass  @bci io/cucumber/core/runtime/FeaturePathFeatureSupplier loadFeatures (Ljava/util/List;)Ljava/util/List; 114 <appendix> member <vmtarget> ; # io/cucumber/core/runtime/FeaturePathFeatureSupplier$$Lambda+0x000001c99d115298
instanceKlass io/cucumber/core/gherkin/messages/GherkinMessagesScenario
instanceKlass io/cucumber/plugin/event/Node$Scenario
instanceKlass  @bci io/cucumber/core/gherkin/messages/GherkinMessagesFeature <init> (Lio/cucumber/messages/types/Feature;Ljava/net/URI;Ljava/lang/String;Ljava/util/List;Ljava/util/List;)V 83 <appendix> member <vmtarget> ; # io/cucumber/core/gherkin/messages/GherkinMessagesFeature$$Lambda+0x000001c99d117bb0
instanceKlass  @bci io/cucumber/core/gherkin/messages/GherkinMessagesFeature <init> (Lio/cucumber/messages/types/Feature;Ljava/net/URI;Ljava/lang/String;Ljava/util/List;Ljava/util/List;)V 72 <appendix> member <vmtarget> ; # io/cucumber/core/gherkin/messages/GherkinMessagesFeature$$Lambda+0x000001c99d117958
instanceKlass  @cpi org/openqa/selenium/json/JsonOutput 710 form vmentry <vmtarget> ; # java/lang/invoke/LambdaForm$DMH+0x000001c99d114800
instanceKlass io/cucumber/core/gherkin/messages/GherkinMessagesFeature
instanceKlass  @bci io/cucumber/core/gherkin/messages/GherkinMessagesFeatureParser lambda$parse$4 (Ljava/util/List;Ljava/net/URI;Lio/cucumber/messages/types/Feature;)Lio/cucumber/core/gherkin/Feature; 163 <appendix> argL0 ; # io/cucumber/core/gherkin/messages/GherkinMessagesFeatureParser$$Lambda+0x000001c99d117400
instanceKlass  @bci io/cucumber/core/gherkin/messages/GherkinMessagesFeatureParser lambda$parse$4 (Ljava/util/List;Ljava/net/URI;Lio/cucumber/messages/types/Feature;)Lio/cucumber/core/gherkin/Feature; 148 <appendix> argL0 ; # io/cucumber/core/gherkin/messages/GherkinMessagesFeatureParser$$Lambda+0x000001c99d1171c0
instanceKlass  @bci io/cucumber/core/gherkin/messages/GherkinMessagesFeatureParser lambda$parse$4 (Ljava/util/List;Ljava/net/URI;Lio/cucumber/messages/types/Feature;)Lio/cucumber/core/gherkin/Feature; 138 <appendix> argL0 ; # io/cucumber/core/gherkin/messages/GherkinMessagesFeatureParser$$Lambda+0x000001c99d116f70
instanceKlass  @bci io/cucumber/core/gherkin/messages/GherkinMessagesFeatureParser lambda$parse$4 (Ljava/util/List;Ljava/net/URI;Lio/cucumber/messages/types/Feature;)Lio/cucumber/core/gherkin/Feature; 128 <appendix> argL0 ; # io/cucumber/core/gherkin/messages/GherkinMessagesFeatureParser$$Lambda+0x000001c99d116d30
instanceKlass  @bci io/cucumber/core/gherkin/messages/GherkinMessagesStep extractArgument (Lio/cucumber/messages/types/PickleStep;Lio/cucumber/plugin/event/Location;)Lio/cucumber/core/gherkin/Argument; 5 <appendix> member <vmtarget> ; # io/cucumber/core/gherkin/messages/GherkinMessagesStep$$Lambda+0x000001c99d116ae8
instanceKlass io/cucumber/messages/types/PickleStepArgument
instanceKlass io/cucumber/core/gherkin/Argument
instanceKlass io/cucumber/plugin/event/StepArgument
instanceKlass io/cucumber/core/gherkin/messages/GherkinMessagesStep
instanceKlass io/cucumber/core/gherkin/messages/GherkinMessagesLocation
instanceKlass  @bci io/cucumber/core/gherkin/messages/GherkinMessagesPickle createCucumberSteps (Lio/cucumber/messages/types/Pickle;Lio/cucumber/gherkin/GherkinDialect;Lio/cucumber/core/gherkin/messages/CucumberQuery;)Ljava/util/List; 33 <appendix> member <vmtarget> ; # io/cucumber/core/gherkin/messages/GherkinMessagesPickle$$Lambda+0x000001c99d116000
instanceKlass  @bci io/cucumber/core/gherkin/messages/GherkinMessagesPickle createCucumberSteps (Lio/cucumber/messages/types/Pickle;Lio/cucumber/gherkin/GherkinDialect;Lio/cucumber/core/gherkin/messages/CucumberQuery;)Ljava/util/List; 17 <appendix> argL0 ; # io/cucumber/core/gherkin/messages/GherkinMessagesPickle$$Lambda+0x000001c99d113758
instanceKlass io/cucumber/core/gherkin/Step
instanceKlass io/cucumber/plugin/event/Step
instanceKlass  @bci io/cucumber/core/gherkin/messages/GherkinMessagesFeatureParser lambda$parse$4 (Ljava/util/List;Ljava/net/URI;Lio/cucumber/messages/types/Feature;)Lio/cucumber/core/gherkin/Feature; 99 <appendix> member <vmtarget> ; # io/cucumber/core/gherkin/messages/GherkinMessagesFeatureParser$$Lambda+0x000001c99d113110
instanceKlass io/cucumber/core/gherkin/messages/GherkinMessagesPickle
instanceKlass  @bci io/cucumber/core/gherkin/messages/GherkinMessagesFeatureParser lambda$parse$4 (Ljava/util/List;Ljava/net/URI;Lio/cucumber/messages/types/Feature;)Lio/cucumber/core/gherkin/Feature; 65 <appendix> argL0 ; # io/cucumber/core/gherkin/messages/GherkinMessagesFeatureParser$$Lambda+0x000001c99d112c50
instanceKlass  @bci io/cucumber/core/gherkin/messages/GherkinMessagesFeatureParser lambda$parse$4 (Ljava/util/List;Ljava/net/URI;Lio/cucumber/messages/types/Feature;)Lio/cucumber/core/gherkin/Feature; 55 <appendix> argL0 ; # io/cucumber/core/gherkin/messages/GherkinMessagesFeatureParser$$Lambda+0x000001c99d112a00
instanceKlass  @bci io/cucumber/core/gherkin/messages/GherkinMessagesFeatureParser lambda$parse$4 (Ljava/util/List;Ljava/net/URI;Lio/cucumber/messages/types/Feature;)Lio/cucumber/core/gherkin/Feature; 45 <appendix> argL0 ; # io/cucumber/core/gherkin/messages/GherkinMessagesFeatureParser$$Lambda+0x000001c99d1127c0
instanceKlass  @bci io/cucumber/core/gherkin/messages/GherkinMessagesFeatureParser lambda$parse$4 (Ljava/util/List;Ljava/net/URI;Lio/cucumber/messages/types/Feature;)Lio/cucumber/core/gherkin/Feature; 26 <appendix> member <vmtarget> ; # io/cucumber/core/gherkin/messages/GherkinMessagesFeatureParser$$Lambda+0x000001c99d112598
instanceKlass  @bci io/cucumber/gherkin/GherkinDialect aggregateKeywordTypes (Ljava/util/List;Ljava/util/List;Ljava/util/List;Ljava/util/List;Ljava/util/List;)Ljava/util/Map; 62 <appendix> argL0 ; # io/cucumber/gherkin/GherkinDialect$$Lambda+0x000001c99d112368
instanceKlass  @bci io/cucumber/gherkin/GherkinDialect <clinit> ()V 0 <appendix> argL0 ; # io/cucumber/gherkin/GherkinDialect$$Lambda+0x000001c99d1120d0
instanceKlass  @cpi jdk/internal/net/http/Http1Request 497 form vmentry <vmtarget> ; # java/lang/invoke/LambdaForm$DMH+0x000001c99d114400
instanceKlass io/cucumber/gherkin/GherkinDialect
instanceKlass io/cucumber/gherkin/GherkinDialects
instanceKlass  @bci io/cucumber/core/gherkin/messages/CucumberQuery lambda$update$4 (Lio/cucumber/messages/types/Feature;Lio/cucumber/messages/types/FeatureChild;)V 33 <appendix> member <vmtarget> ; # io/cucumber/core/gherkin/messages/CucumberQuery$$Lambda+0x000001c99d111a80
instanceKlass io/cucumber/messages/types/Rule
instanceKlass  @bci io/cucumber/core/gherkin/messages/CucumberQuery lambda$update$4 (Lio/cucumber/messages/types/Feature;Lio/cucumber/messages/types/FeatureChild;)V 19 <appendix> member <vmtarget> ; # io/cucumber/core/gherkin/messages/CucumberQuery$$Lambda+0x000001c99d111638
instanceKlass  @bci io/cucumber/core/gherkin/messages/CucumberQuery lambda$update$4 (Lio/cucumber/messages/types/Feature;Lio/cucumber/messages/types/FeatureChild;)V 5 <appendix> member <vmtarget> ; # io/cucumber/core/gherkin/messages/CucumberQuery$$Lambda+0x000001c99d111400
instanceKlass  @cpi jdk/internal/net/http/Http1AsyncReceiver 674 form vmentry <vmtarget> ; # java/lang/invoke/LambdaForm$DMH+0x000001c99d114000
instanceKlass io/cucumber/messages/types/Background
instanceKlass  @bci io/cucumber/core/gherkin/messages/CucumberQuery update (Lio/cucumber/messages/types/Feature;)V 6 <appendix> member <vmtarget> ; # io/cucumber/core/gherkin/messages/CucumberQuery$$Lambda+0x000001c99d110fb8
instanceKlass io/cucumber/core/gherkin/messages/CucumberQuery
instanceKlass  @bci io/cucumber/core/gherkin/messages/GherkinMessagesFeatureParser parse (Ljava/net/URI;Ljava/io/InputStream;Ljava/util/function/Supplier;)Ljava/util/Optional; 217 <appendix> member <vmtarget> ; # io/cucumber/core/gherkin/messages/GherkinMessagesFeatureParser$$Lambda+0x000001c99d110b60
instanceKlass  @bci io/cucumber/core/gherkin/messages/GherkinMessagesFeatureParser parse (Ljava/net/URI;Ljava/io/InputStream;Ljava/util/function/Supplier;)Ljava/util/Optional; 206 <appendix> argL0 ; # io/cucumber/core/gherkin/messages/GherkinMessagesFeatureParser$$Lambda+0x000001c99d110920
instanceKlass  @bci io/cucumber/core/gherkin/messages/GherkinMessagesFeatureParser parse (Ljava/net/URI;Ljava/io/InputStream;Ljava/util/function/Supplier;)Ljava/util/Optional; 198 <appendix> argL0 ; # io/cucumber/core/gherkin/messages/GherkinMessagesFeatureParser$$Lambda+0x000001c99d1106d0
instanceKlass  @bci io/cucumber/core/gherkin/messages/GherkinMessagesFeatureParser parse (Ljava/net/URI;Ljava/io/InputStream;Ljava/util/function/Supplier;)Ljava/util/Optional; 190 <appendix> argL0 ; # io/cucumber/core/gherkin/messages/GherkinMessagesFeatureParser$$Lambda+0x000001c99d110490
instanceKlass  @bci io/cucumber/core/gherkin/messages/GherkinMessagesFeatureParser parse (Ljava/net/URI;Ljava/io/InputStream;Ljava/util/function/Supplier;)Ljava/util/Optional; 175 <appendix> argL0 ; # io/cucumber/core/gherkin/messages/GherkinMessagesFeatureParser$$Lambda+0x000001c99d110250
instanceKlass  @bci io/cucumber/core/gherkin/messages/GherkinMessagesFeatureParser parse (Ljava/net/URI;Ljava/io/InputStream;Ljava/util/function/Supplier;)Ljava/util/Optional; 165 <appendix> argL0 ; # io/cucumber/core/gherkin/messages/GherkinMessagesFeatureParser$$Lambda+0x000001c99d110000
instanceKlass  @bci io/cucumber/core/gherkin/messages/GherkinMessagesFeatureParser parse (Ljava/net/URI;Ljava/io/InputStream;Ljava/util/function/Supplier;)Ljava/util/Optional; 155 <appendix> argL0 ; # io/cucumber/core/gherkin/messages/GherkinMessagesFeatureParser$$Lambda+0x000001c99d10dd58
instanceKlass  @bci io/cucumber/core/gherkin/messages/GherkinMessagesFeatureParser parse (Ljava/net/URI;Ljava/io/InputStream;Ljava/util/function/Supplier;)Ljava/util/Optional; 73 <appendix> argL0 ; # io/cucumber/core/gherkin/messages/GherkinMessagesFeatureParser$$Lambda+0x000001c99d10db18
instanceKlass  @bci io/cucumber/core/gherkin/messages/GherkinMessagesFeatureParser parse (Ljava/net/URI;Ljava/io/InputStream;Ljava/util/function/Supplier;)Ljava/util/Optional; 63 <appendix> argL0 ; # io/cucumber/core/gherkin/messages/GherkinMessagesFeatureParser$$Lambda+0x000001c99d10d8d8
instanceKlass io/cucumber/messages/types/ParseError
instanceKlass  @bci io/cucumber/core/gherkin/messages/GherkinMessagesFeatureParser parse (Ljava/net/URI;Ljava/io/InputStream;Ljava/util/function/Supplier;)Ljava/util/Optional; 53 <appendix> argL0 ; # io/cucumber/core/gherkin/messages/GherkinMessagesFeatureParser$$Lambda+0x000001c99d10d478
instanceKlass  @bci io/cucumber/core/gherkin/messages/GherkinMessagesFeatureParser parse (Ljava/net/URI;Ljava/io/InputStream;Ljava/util/function/Supplier;)Ljava/util/Optional; 43 <appendix> argL0 ; # io/cucumber/core/gherkin/messages/GherkinMessagesFeatureParser$$Lambda+0x000001c99d10d238
instanceKlass  @bci io/cucumber/gherkin/GherkinParser parse (Lio/cucumber/messages/types/Envelope;)Ljava/util/stream/Stream; 42 <appendix> member <vmtarget> ; # io/cucumber/gherkin/GherkinParser$$Lambda+0x000001c99d10d000
instanceKlass io/cucumber/messages/types/PickleTag
instanceKlass io/cucumber/messages/types/Pickle
instanceKlass io/cucumber/gherkin/PickleCompiler$1
instanceKlass io/cucumber/messages/types/PickleStep
instanceKlass io/cucumber/messages/types/GherkinDocument
instanceKlass io/cucumber/messages/types/Feature
instanceKlass io/cucumber/messages/types/FeatureChild
instanceKlass io/cucumber/messages/types/Tag
instanceKlass io/cucumber/messages/types/Scenario
instanceKlass  @bci io/cucumber/gherkin/GherkinTokenMatcher match_RuleLine (Lio/cucumber/gherkin/Token;)Z 14 <appendix> member <vmtarget> ; # io/cucumber/gherkin/GherkinTokenMatcher$$Lambda+0x000001c99d10e6e8
instanceKlass  @bci io/cucumber/gherkin/Parser match_RuleLine (Lio/cucumber/gherkin/Parser$ParserContext;Lio/cucumber/gherkin/Token;)Z 12 <appendix> argL0 ; # io/cucumber/gherkin/Parser$$Lambda+0x000001c99d10e498
instanceKlass  @bci io/cucumber/gherkin/GherkinTokenMatcher match_ExamplesLine (Lio/cucumber/gherkin/Token;)Z 14 <appendix> member <vmtarget> ; # io/cucumber/gherkin/GherkinTokenMatcher$$Lambda+0x000001c99d10e250
instanceKlass  @bci io/cucumber/gherkin/Parser match_ExamplesLine (Lio/cucumber/gherkin/Parser$ParserContext;Lio/cucumber/gherkin/Token;)Z 12 <appendix> argL0 ; # io/cucumber/gherkin/Parser$$Lambda+0x000001c99d10e000
instanceKlass sun/security/provider/AbstractDrbg$NonceProvider
instanceKlass  @bci sun/security/provider/AbstractDrbg$SeederHolder <clinit> ()V 42 <appendix> member <vmtarget> ; # sun/security/provider/AbstractDrbg$SeederHolder$$Lambda+0x000001c99d143010
instanceKlass  @cpi sun/security/provider/AbstractDrbg$SeederHolder 91 form vmentry <vmtarget> ; # java/lang/invoke/LambdaForm$DMH+0x000001c99d10cc00
# instanceKlass java/lang/invoke/LambdaForm$DMH+0x000001c99d10c800
instanceKlass java/net/NetworkInterface$1
instanceKlass java/net/DefaultInterface
instanceKlass java/net/InterfaceAddress
instanceKlass java/net/NetworkInterface
instanceKlass sun/security/provider/ByteArrayAccess$BE
instanceKlass sun/security/provider/ByteArrayAccess
instanceKlass sun/security/provider/SeedGenerator$1
instanceKlass sun/security/util/MessageDigestSpi2
instanceKlass sun/security/jca/GetInstance$Instance
instanceKlass sun/security/jca/GetInstance
instanceKlass java/security/MessageDigestSpi
instanceKlass sun/security/provider/SeedGenerator
instanceKlass sun/security/provider/AbstractDrbg$SeederHolder
instanceKlass java/security/DrbgParameters$NextBytes
instanceKlass  @bci sun/security/provider/AbstractDrbg <clinit> ()V 12 <appendix> argL0 ; # sun/security/provider/AbstractDrbg$$Lambda+0x000001c99d0ffdc8
instanceKlass  @cpi sun/security/provider/AbstractDrbg 383 form vmentry <vmtarget> ; # java/lang/invoke/LambdaForm$DMH+0x000001c99d10c400
# instanceKlass java/lang/invoke/LambdaForm$DMH+0x000001c99d10c000
instanceKlass sun/security/provider/EntropySource
instanceKlass sun/security/provider/AbstractDrbg
instanceKlass java/security/DrbgParameters$Instantiation
instanceKlass java/security/DrbgParameters
instanceKlass sun/security/provider/MoreDrbgParameters
instanceKlass  @bci sun/security/provider/DRBG <init> (Ljava/security/SecureRandomParameters;)V 26 <appendix> argL0 ; # sun/security/provider/DRBG$$Lambda+0x000001c99d0fe868
instanceKlass java/security/SecureRandomSpi
instanceKlass sun/security/util/SecurityProviderConstants
instanceKlass java/security/Provider$UString
instanceKlass java/security/Provider$Service
instanceKlass sun/security/provider/NativePRNG$NonBlocking
instanceKlass sun/security/provider/NativePRNG$Blocking
instanceKlass sun/security/provider/NativePRNG
instanceKlass sun/security/provider/SunEntries$1
instanceKlass sun/security/provider/SunEntries
instanceKlass sun/security/util/SecurityConstants
instanceKlass java/util/AbstractList$Itr
instanceKlass sun/security/jca/ProviderList$2
instanceKlass jdk/internal/math/FloatingDecimal$ASCIIToBinaryBuffer
instanceKlass jdk/internal/math/FloatingDecimal$PreparedASCIIToBinaryBuffer
instanceKlass jdk/internal/math/FloatingDecimal$ASCIIToBinaryConverter
instanceKlass jdk/internal/math/FloatingDecimal$BinaryToASCIIBuffer
instanceKlass jdk/internal/math/FloatingDecimal$ExceptionalBinaryToASCIIBuffer
instanceKlass jdk/internal/math/FloatingDecimal$BinaryToASCIIConverter
instanceKlass jdk/internal/math/FloatingDecimal
instanceKlass javax/security/auth/login/Configuration$Parameters
instanceKlass java/security/Policy$Parameters
instanceKlass java/security/cert/CertStoreParameters
instanceKlass java/security/SecureRandomParameters
instanceKlass java/security/Provider$EngineDescription
instanceKlass java/security/Provider$ServiceKey
instanceKlass sun/security/jca/ProviderConfig
instanceKlass sun/security/jca/ProviderList
instanceKlass sun/security/jca/Providers
instanceKlass java/util/UUID$Holder
instanceKlass io/cucumber/messages/types/Step
instanceKlass  @bci io/cucumber/gherkin/Parser match_DocStringSeparator (Lio/cucumber/gherkin/Parser$ParserContext;Lio/cucumber/gherkin/Token;)Z 12 <appendix> argL0 ; # io/cucumber/gherkin/Parser$$Lambda+0x000001c99d10bb40
instanceKlass  @bci io/cucumber/gherkin/Parser match_TableRow (Lio/cucumber/gherkin/Parser$ParserContext;Lio/cucumber/gherkin/Token;)Z 12 <appendix> argL0 ; # io/cucumber/gherkin/Parser$$Lambda+0x000001c99d10b8f0
instanceKlass io/cucumber/gherkin/KeywordMatcher$StepMatch
instanceKlass  @bci io/cucumber/gherkin/Parser match_StepLine (Lio/cucumber/gherkin/Parser$ParserContext;Lio/cucumber/gherkin/Token;)Z 12 <appendix> argL0 ; # io/cucumber/gherkin/Parser$$Lambda+0x000001c99d10b050
instanceKlass io/cucumber/gherkin/GherkinDocumentBuilder$1
instanceKlass  @bci io/cucumber/gherkin/Parser endRule (Lio/cucumber/gherkin/Parser$ParserContext;Lio/cucumber/gherkin/Parser$RuleType;)V 7 <appendix> argL0 ; # io/cucumber/gherkin/Parser$$Lambda+0x000001c99d10ac18
instanceKlass  @bci io/cucumber/gherkin/GherkinTokenMatcher match_ScenarioLine (Lio/cucumber/gherkin/Token;)Z 14 <appendix> member <vmtarget> ; # io/cucumber/gherkin/GherkinTokenMatcher$$Lambda+0x000001c99d10a9d0
instanceKlass  @bci io/cucumber/gherkin/Parser match_ScenarioLine (Lio/cucumber/gherkin/Parser$ParserContext;Lio/cucumber/gherkin/Token;)Z 12 <appendix> argL0 ; # io/cucumber/gherkin/Parser$$Lambda+0x000001c99d10a780
instanceKlass io/cucumber/gherkin/LineSpan
instanceKlass io/cucumber/gherkin/TagLine
instanceKlass  @bci io/cucumber/gherkin/GherkinTokenMatcher match_BackgroundLine (Lio/cucumber/gherkin/Token;)Z 14 <appendix> member <vmtarget> ; # io/cucumber/gherkin/GherkinTokenMatcher$$Lambda+0x000001c99d10a120
instanceKlass  @bci io/cucumber/gherkin/Parser match_BackgroundLine (Lio/cucumber/gherkin/Parser$ParserContext;Lio/cucumber/gherkin/Token;)Z 12 <appendix> argL0 ; # io/cucumber/gherkin/Parser$$Lambda+0x000001c99d109ed0
instanceKlass  @bci io/cucumber/gherkin/Parser match_Empty (Lio/cucumber/gherkin/Parser$ParserContext;Lio/cucumber/gherkin/Token;)Z 12 <appendix> argL0 ; # io/cucumber/gherkin/Parser$$Lambda+0x000001c99d109c80
instanceKlass io/cucumber/messages/types/Comment
instanceKlass  @bci io/cucumber/gherkin/Parser build (Lio/cucumber/gherkin/Parser$ParserContext;Lio/cucumber/gherkin/Token;)V 7 <appendix> argL0 ; # io/cucumber/gherkin/Parser$$Lambda+0x000001c99d109840
instanceKlass  @bci io/cucumber/gherkin/Parser match_Comment (Lio/cucumber/gherkin/Parser$ParserContext;Lio/cucumber/gherkin/Token;)Z 12 <appendix> argL0 ; # io/cucumber/gherkin/Parser$$Lambda+0x000001c99d1095f0
instanceKlass  @bci io/cucumber/gherkin/GherkinTokenMatcher match_FeatureLine (Lio/cucumber/gherkin/Token;)Z 14 <appendix> member <vmtarget> ; # io/cucumber/gherkin/GherkinTokenMatcher$$Lambda+0x000001c99d1093a8
instanceKlass io/cucumber/gherkin/KeywordMatcher$Match
instanceKlass  @bci io/cucumber/gherkin/Parser match_FeatureLine (Lio/cucumber/gherkin/Parser$ParserContext;Lio/cucumber/gherkin/Token;)Z 12 <appendix> argL0 ; # io/cucumber/gherkin/Parser$$Lambda+0x000001c99d108b08
instanceKlass  @bci io/cucumber/gherkin/Parser match_TagLine (Lio/cucumber/gherkin/Parser$ParserContext;Lio/cucumber/gherkin/Token;)Z 12 <appendix> argL0 ; # io/cucumber/gherkin/Parser$$Lambda+0x000001c99d1088b8
instanceKlass  @bci io/cucumber/gherkin/Parser match_Language (Lio/cucumber/gherkin/Parser$ParserContext;Lio/cucumber/gherkin/Token;)Z 12 <appendix> argL0 ; # io/cucumber/gherkin/Parser$$Lambda+0x000001c99d108668
instanceKlass  @bci io/cucumber/gherkin/Parser match_EOF (Lio/cucumber/gherkin/Parser$ParserContext;Lio/cucumber/gherkin/Token;)Z 3 <appendix> argL0 ; # io/cucumber/gherkin/Parser$$Lambda+0x000001c99d108418
instanceKlass java/util/function/BiPredicate
instanceKlass io/cucumber/gherkin/StringUtils$IndentedText
instanceKlass io/cucumber/gherkin/StringUtils
instanceKlass io/cucumber/gherkin/Line
instanceKlass io/cucumber/gherkin/Token
instanceKlass io/cucumber/messages/types/Location
instanceKlass io/cucumber/gherkin/Locations
instanceKlass  @bci io/cucumber/gherkin/Parser startRule (Lio/cucumber/gherkin/Parser$ParserContext;Lio/cucumber/gherkin/Parser$RuleType;)V 7 <appendix> argL0 ; # io/cucumber/gherkin/Parser$$Lambda+0x000001c99d103668
instanceKlass  @cpi java/util/stream/StreamSpliterators$WrappingSpliterator 151 form vmentry <vmtarget> ; # java/lang/invoke/LambdaForm$DMH+0x000001c99d101800
instanceKlass io/cucumber/gherkin/Parser$ParserContext
instanceKlass io/cucumber/gherkin/KeywordMatchers$En
instanceKlass  @bci io/cucumber/gherkin/GherkinTokenMatcher setLanguageMatched (Ljava/lang/String;Lio/cucumber/messages/types/Location;)V 17 <appendix> argL0 ; # io/cucumber/gherkin/GherkinTokenMatcher$$Lambda+0x000001c99d102fd0
instanceKlass io/cucumber/gherkin/KeywordMatcher
instanceKlass io/cucumber/gherkin/KeywordMatchers
instanceKlass io/cucumber/gherkin/GherkinTokenMatcher
instanceKlass io/cucumber/gherkin/TokenScanner
instanceKlass io/cucumber/gherkin/Parser$TokenMatcher
instanceKlass io/cucumber/gherkin/Parser
instanceKlass io/cucumber/gherkin/AstNode
instanceKlass io/cucumber/gherkin/GherkinDocumentBuilder
instanceKlass  @bci io/cucumber/gherkin/GherkinParser parse (Lio/cucumber/messages/types/Envelope;)Ljava/util/stream/Stream; 33 <appendix> member <vmtarget> ; # io/cucumber/gherkin/GherkinParser$$Lambda+0x000001c99d106e60
instanceKlass io/cucumber/messages/types/Envelope
instanceKlass io/cucumber/messages/types/Source
instanceKlass  @bci io/cucumber/gherkin/EncodingParser readWithEncodingFromSource ([B)Ljava/lang/String; 22 <appendix> member <vmtarget> ; # io/cucumber/gherkin/EncodingParser$$Lambda+0x000001c99d1063b8
instanceKlass  @bci java/util/regex/Pattern union (Ljava/util/regex/Pattern$CharPredicate;Ljava/util/regex/Pattern$CharPredicate;Z)Ljava/util/regex/Pattern$CharPredicate; 14 <appendix> member <vmtarget> ; # java/util/regex/Pattern$$Lambda+0x000001c99d0f5b08
instanceKlass  @bci java/util/regex/Pattern CIRange (II)Ljava/util/regex/Pattern$CharPredicate; 2 <appendix> member <vmtarget> ; # java/util/regex/Pattern$$Lambda+0x000001c99d0f58a8
instanceKlass  @bci jdk/internal/net/http/websocket/MessageDecoder <clinit> ()V 19 <bsm> form vmentry <vmtarget> ; # java/lang/invoke/LambdaForm$DMH+0x000001c99d101400
instanceKlass java/lang/invoke/MethodHandle$1
instanceKlass io/cucumber/gherkin/EncodingParser
instanceKlass sun/nio/ch/IOStatus
instanceKlass io/cucumber/gherkin/InputStreams
instanceKlass io/cucumber/gherkin/PickleCompiler
instanceKlass  @bci io/cucumber/core/gherkin/messages/GherkinMessagesFeatureParser parse (Ljava/net/URI;Ljava/io/InputStream;Ljava/util/function/Supplier;)Ljava/util/Optional; 4 <appendix> member <vmtarget> ; # io/cucumber/core/gherkin/messages/GherkinMessagesFeatureParser$$Lambda+0x000001c99d105b70
instanceKlass  @bci io/cucumber/gherkin/GherkinParser$Builder <init> ()V 20 <appendix> argL0 ; # io/cucumber/gherkin/GherkinParser$Builder$$Lambda+0x000001c99d105950
instanceKlass io/cucumber/messages/IdGenerator
instanceKlass io/cucumber/gherkin/GherkinParser$Builder
instanceKlass io/cucumber/gherkin/Parser$Builder
instanceKlass io/cucumber/gherkin/GherkinParser
instanceKlass java/nio/channels/NetworkChannel
instanceKlass sun/nio/ch/SelChImpl
instanceKlass sun/nio/ch/Streams
instanceKlass java/nio/channels/Channels
instanceKlass sun/nio/ch/FileChannelImpl$Closer
instanceKlass sun/nio/ch/NativeThreadSet
instanceKlass java/nio/channels/spi/AbstractInterruptibleChannel
instanceKlass java/nio/channels/InterruptibleChannel
instanceKlass java/nio/channels/ScatteringByteChannel
instanceKlass java/nio/channels/GatheringByteChannel
instanceKlass java/nio/channels/SeekableByteChannel
instanceKlass java/nio/channels/ByteChannel
instanceKlass java/nio/channels/WritableByteChannel
instanceKlass java/nio/channels/ReadableByteChannel
instanceKlass java/nio/channels/Channel
instanceKlass sun/nio/fs/WindowsChannelFactory$Flags
instanceKlass sun/nio/fs/WindowsChannelFactory$1
instanceKlass sun/nio/fs/WindowsChannelFactory
instanceKlass sun/nio/fs/WindowsSecurityDescriptor
instanceKlass java/nio/file/attribute/FileAttribute
instanceKlass  @bci io/cucumber/core/feature/FeatureParser parseResource (Lio/cucumber/core/resource/Resource;)Ljava/util/Optional; 64 <appendix> argL0 ; # io/cucumber/core/feature/FeatureParser$$Lambda+0x000001c99d104a30
instanceKlass io/cucumber/core/gherkin/Feature
instanceKlass io/cucumber/plugin/event/Node$Feature
instanceKlass io/cucumber/plugin/event/Node$Container
instanceKlass io/cucumber/plugin/event/Node
instanceKlass io/cucumber/core/gherkin/messages/GherkinMessagesFeatureParser
instanceKlass sun/net/www/protocol/jar/JarFileFactory
instanceKlass sun/net/www/protocol/jar/URLJarFile$URLJarFileCloseController
instanceKlass jdk/internal/foreign/MemorySessionImpl
instanceKlass java/lang/foreign/MemorySegment$Scope
instanceKlass io/cucumber/core/gherkin/FeatureParser
instanceKlass io/cucumber/core/resource/Resources$UriResource
instanceKlass  @bci java/util/function/BiFunction andThen (Ljava/util/function/Function;)Ljava/util/function/BiFunction; 7 <appendix> member <vmtarget> ; # java/util/function/BiFunction$$Lambda+0x000001c99d0ee498
instanceKlass  @cpi java/util/function/BiFunction 49 form vmentry <vmtarget> ; # java/lang/invoke/LambdaForm$DMH+0x000001c99d101000
instanceKlass  @bci io/cucumber/core/resource/ClasspathSupport determinePackageName (Ljava/nio/file/Path;Ljava/lang/String;Ljava/nio/file/Path;)Ljava/lang/String; 21 <appendix> argL0 ; # io/cucumber/core/resource/ClasspathSupport$$Lambda+0x000001c99d0bf970
instanceKlass sun/nio/fs/BasicFileAttributesHolder
instanceKlass java/nio/file/Files$3
instanceKlass java/nio/file/FileTreeWalker$Event
instanceKlass sun/nio/fs/WindowsDirectoryStream$WindowsDirectoryIterator
instanceKlass java/nio/file/FileTreeWalker$DirectoryNode
instanceKlass sun/nio/fs/WindowsDirectoryStream
instanceKlass java/nio/file/DirectoryStream
instanceKlass java/nio/file/Files$AcceptAllFilter
instanceKlass java/nio/file/DirectoryStream$Filter
instanceKlass java/nio/file/FileTreeWalker$1
instanceKlass java/util/RegularEnumSet$EnumSetIterator
instanceKlass java/nio/file/FileTreeWalker
instanceKlass java/nio/file/SimpleFileVisitor
instanceKlass  @bci io/cucumber/core/resource/ResourceScanner lambda$processResource$2 (Ljava/lang/String;Ljava/util/function/Predicate;Ljava/util/function/BiFunction;Ljava/util/function/Consumer;Ljava/nio/file/Path;)Ljava/util/function/Consumer; 8 <appendix> form vmentry <vmtarget> ; # java/lang/invoke/LambdaForm$DMH+0x000001c99d100c00
instanceKlass  @bci io/cucumber/core/resource/ResourceScanner lambda$processResource$2 (Ljava/lang/String;Ljava/util/function/Predicate;Ljava/util/function/BiFunction;Ljava/util/function/Consumer;Ljava/nio/file/Path;)Ljava/util/function/Consumer; 8 <appendix> member <vmtarget> ; # io/cucumber/core/resource/ResourceScanner$$Lambda+0x000001c99d0bf4c0
instanceKlass  @cpi io/cucumber/core/resource/ResourceScanner 306 form vmentry <vmtarget> ; # java/lang/invoke/LambdaForm$DMH+0x000001c99d100800
instanceKlass  @bci io/cucumber/core/resource/CloseablePath <clinit> ()V 0 <appendix> argL0 ; # io/cucumber/core/resource/CloseablePath$$Lambda+0x000001c99d0bf288
instanceKlass  @cpi io/cucumber/core/resource/CloseablePath 68 form vmentry <vmtarget> ; # java/lang/invoke/LambdaForm$DMH+0x000001c99d100400
instanceKlass io/cucumber/core/resource/CloseablePath
instanceKlass io/cucumber/core/resource/JarUriFileSystemService
instanceKlass  @bci io/cucumber/core/resource/ClasspathScanner lambda$processClassFiles$6 (Ljava/lang/String;Ljava/util/function/Predicate;Ljava/util/function/Consumer;Ljava/nio/file/Path;)Ljava/util/function/Consumer; 6 <appendix> form vmentry <vmtarget> ; # java/lang/invoke/LambdaForm$DMH+0x000001c99d100000
instanceKlass  @bci io/cucumber/core/resource/ResourceScanner processResource (Ljava/lang/String;Ljava/util/function/Predicate;Ljava/util/function/BiFunction;Ljava/util/function/Consumer;)Ljava/util/function/Function; 6 <appendix> member <vmtarget> ; # io/cucumber/core/resource/ResourceScanner$$Lambda+0x000001c99d0bebe8
instanceKlass  @bci io/cucumber/core/resource/ResourceScanner findResourcesForUri (Ljava/net/URI;Ljava/lang/String;Ljava/util/function/Predicate;Ljava/util/function/BiFunction;)Ljava/util/List; 30 <appendix> member <vmtarget> ; # io/cucumber/core/resource/ResourceScanner$$Lambda+0x000001c99d0be9b0
instanceKlass  @bci io/cucumber/core/resource/Resources createUriResource ()Ljava/util/function/BiFunction; 0 <appendix> argL0 ; # io/cucumber/core/resource/Resources$$Lambda+0x000001c99d0be780
instanceKlass io/cucumber/core/resource/Resources
instanceKlass io/cucumber/core/runtime/FeaturePathFeatureSupplier$FeatureBuilder
instanceKlass  @bci io/cucumber/core/runtime/FeaturePathFeatureSupplier loadFeatures (Ljava/util/List;)Ljava/util/List; 4 <appendix> member <vmtarget> ; # io/cucumber/core/runtime/FeaturePathFeatureSupplier$$Lambda+0x000001c99d0be140
instanceKlass java/util/stream/DistinctOps
instanceKlass java/util/stream/SortedOps
instanceKlass  @bci io/cucumber/core/options/RuntimeOptions getFeaturePaths ()Ljava/util/List; 9 <appendix> argL0 ; # io/cucumber/core/options/RuntimeOptions$$Lambda+0x000001c99d0bdf00
instanceKlass java/nio/file/FileVisitor
instanceKlass io/cucumber/core/resource/PathScanner
instanceKlass  @bci io/cucumber/core/runtime/FeaturePathFeatureSupplier <init> (Ljava/util/function/Supplier;Lio/cucumber/core/feature/Options;Lio/cucumber/core/feature/FeatureParser;)V 26 <appendix> member <vmtarget> ; # io/cucumber/core/runtime/FeaturePathFeatureSupplier$$Lambda+0x000001c99d0bda98
instanceKlass io/cucumber/core/resource/Resource
instanceKlass  @bci io/cucumber/core/runtime/FeaturePathFeatureSupplier <init> (Ljava/util/function/Supplier;Lio/cucumber/core/feature/Options;Lio/cucumber/core/feature/FeatureParser;)V 15 <appendix> argL0 ; # io/cucumber/core/runtime/FeaturePathFeatureSupplier$$Lambda+0x000001c99d0bd648
instanceKlass io/cucumber/core/feature/FeatureIdentifier
instanceKlass  @bci io/cucumber/core/resource/ResourceScanner <clinit> ()V 0 <appendix> argL0 ; # io/cucumber/core/resource/ResourceScanner$$Lambda+0x000001c99d0bd1f0
instanceKlass io/cucumber/core/resource/ResourceScanner
instanceKlass io/cucumber/core/runtime/FeaturePathFeatureSupplier
instanceKlass  @bci io/cucumber/junit/CucumberSerenityBaseRunner parseFeaturesEarly ()V 22 <appendix> argL0 ; # io/cucumber/junit/CucumberSerenityBaseRunner$$Lambda+0x000001c99d0bcb98
instanceKlass io/cucumber/core/resource/ClassLoaders
instanceKlass  @bci io/cucumber/junit/CucumberSerenityBaseRunner parseFeaturesEarly ()V 13 <appendix> member <vmtarget> ; # io/cucumber/junit/CucumberSerenityBaseRunner$$Lambda+0x000001c99d0bc768
instanceKlass io/cucumber/core/feature/FeatureParser
instanceKlass io/cucumber/core/runtime/SynchronizedEventBus
instanceKlass  @bci io/cucumber/junit/CucumberSerenityBaseRunner initializeBus ()V 8 <appendix> argL0 ; # io/cucumber/junit/CucumberSerenityBaseRunner$$Lambda+0x000001c99d0bbe78
instanceKlass java/util/UUID
instanceKlass  @bci java/time/ZoneOffset ofTotalSeconds (I)Ljava/time/ZoneOffset; 37 <appendix> argL0 ; # java/time/ZoneOffset$$Lambda+0x000001c99d0e82f8
instanceKlass java/time/temporal/TemporalAdjuster
instanceKlass java/time/temporal/TemporalAccessor
instanceKlass java/time/ZoneId
instanceKlass java/time/Clock
instanceKlass java/time/InstantSource
instanceKlass io/cucumber/core/eventbus/AbstractEventPublisher
instanceKlass net/serenitybdd/cucumber/SerenityOptions
instanceKlass io/cucumber/junit/JUnitOptions
instanceKlass io/cucumber/junit/JUnitOptionsBuilder
instanceKlass io/cucumber/junit/JUnitOptionsParser
instanceKlass  @bci io/cucumber/junit/CucumberSerenityBaseRunner environmentSpecifiedTags (Ljava/util/List;)Ljava/util/Collection; 73 <appendix> member <vmtarget> ; # io/cucumber/junit/CucumberSerenityBaseRunner$$Lambda+0x000001c99d0bacc0
instanceKlass  @bci io/cucumber/junit/CucumberSerenityBaseRunner environmentSpecifiedTags (Ljava/util/List;)Ljava/util/Collection; 62 <appendix> argL0 ; # io/cucumber/junit/CucumberSerenityBaseRunner$$Lambda+0x000001c99d0baa80
instanceKlass  @bci net/serenitybdd/cucumber/util/Splitter splitToList (Ljava/lang/String;)Ljava/util/List; 63 <appendix> member <vmtarget> ; # net/serenitybdd/cucumber/util/Splitter$$Lambda+0x000001c99d0ba838
instanceKlass  @bci net/serenitybdd/cucumber/util/Splitter splitToList (Ljava/lang/String;)Ljava/util/List; 27 <appendix> argL0 ; # net/serenitybdd/cucumber/util/Splitter$$Lambda+0x000001c99d0ba5e8
instanceKlass net/serenitybdd/cucumber/util/Splitter
instanceKlass  @bci java/util/regex/CharPredicates ASCII_SPACE ()Ljava/util/regex/Pattern$BmpCharPredicate; 0 <appendix> argL0 ; # java/util/regex/CharPredicates$$Lambda+0x000001c99d0e70e0
instanceKlass  @bci java/util/stream/Collectors toList ()Ljava/util/stream/Collector; 14 <appendix> argL0 ; # java/util/stream/Collectors$$Lambda+0x000001c99d0e6e98
instanceKlass  @bci java/util/stream/Collectors toList ()Ljava/util/stream/Collector; 9 <appendix> argL0 ; # java/util/stream/Collectors$$Lambda+0x000001c99d0e6c68
instanceKlass  @bci java/util/stream/Collectors toList ()Ljava/util/stream/Collector; 4 <appendix> argL0 ; # java/util/stream/Collectors$$Lambda+0x000001c99d0e6a48
instanceKlass  @bci io/cucumber/junit/CucumberSerenityBaseRunner environmentSpecifiedTags (Ljava/util/List;)Ljava/util/Collection; 20 <appendix> argL0 ; # io/cucumber/junit/CucumberSerenityBaseRunner$$Lambda+0x000001c99d0ba178
instanceKlass net/serenitybdd/model/environment/EnvironmentSpecificConfiguration$1
instanceKlass  @bci net/serenitybdd/model/environment/EnvironmentSpecificConfiguration specifiedEnvironmentNotConfiguredIn (Lnet/thucydides/model/util/EnvironmentVariables;)Z 12 <appendix> member <vmtarget> ; # net/serenitybdd/model/environment/EnvironmentSpecificConfiguration$$Lambda+0x000001c99d0b98d8
instanceKlass com/google/common/base/AbstractIterator
instanceKlass  @bci com/google/common/base/Splitter on (Lcom/google/common/base/CharMatcher;)Lcom/google/common/base/Splitter; 10 <appendix> member <vmtarget> ; # com/google/common/base/Splitter$$Lambda+0x000001c99d0b1d58
instanceKlass com/google/common/base/Splitter$Strategy
instanceKlass com/google/common/base/CharMatcher
instanceKlass com/google/common/base/Predicate
instanceKlass com/google/common/base/Preconditions
instanceKlass com/google/common/base/CommonPattern
instanceKlass com/google/common/base/Splitter
instanceKlass  @bci net/serenitybdd/model/environment/EnvironmentSpecificConfiguration <init> (Lnet/thucydides/model/util/EnvironmentVariables;)V 35 <appendix> member <vmtarget> ; # net/serenitybdd/model/environment/EnvironmentSpecificConfiguration$$Lambda+0x000001c99d0b7940
instanceKlass  @bci net/serenitybdd/model/environment/EnvironmentSpecificConfiguration <init> (Lnet/thucydides/model/util/EnvironmentVariables;)V 25 <appendix> member <vmtarget> ; # net/serenitybdd/model/environment/EnvironmentSpecificConfiguration$$Lambda+0x000001c99d0b76f8
instanceKlass  @bci net/serenitybdd/model/environment/EnvironmentSpecificConfiguration <init> (Lnet/thucydides/model/util/EnvironmentVariables;)V 15 <appendix> member <vmtarget> ; # net/serenitybdd/model/environment/EnvironmentSpecificConfiguration$$Lambda+0x000001c99d0b74b0
instanceKlass net/serenitybdd/model/environment/EnvironmentSpecificConfiguration
instanceKlass  @bci org/apache/commons/text/lookup/FunctionStringLookup on (Ljava/util/Map;)Lorg/apache/commons/text/lookup/FunctionStringLookup; 9 <appendix> member <vmtarget> ; # org/apache/commons/text/lookup/FunctionStringLookup$$Lambda+0x000001c99d0b6fb0
instanceKlass org/apache/commons/text/StringSubstitutor$Result
instanceKlass org/apache/commons/text/StringTokenizer
instanceKlass org/apache/commons/text/TextStringBuilder
instanceKlass org/apache/commons/text/Builder
instanceKlass org/apache/commons/lang3/Validate
instanceKlass  @bci org/apache/commons/text/lookup/StringLookupFactory <clinit> ()V 54 <appendix> argL0 ; # org/apache/commons/text/lookup/StringLookupFactory$$Lambda+0x000001c99d0b5268
instanceKlass  @bci org/apache/commons/text/lookup/StringLookupFactory <clinit> ()V 43 <appendix> argL0 ; # org/apache/commons/text/lookup/StringLookupFactory$$Lambda+0x000001c99d0b5028
instanceKlass  @bci org/apache/commons/text/lookup/StringLookupFactory <clinit> ()V 32 <appendix> argL0 ; # org/apache/commons/text/lookup/StringLookupFactory$$Lambda+0x000001c99d0b4de8
instanceKlass  @bci org/apache/commons/text/lookup/StringLookupFactory <clinit> ()V 21 <appendix> argL0 ; # org/apache/commons/text/lookup/StringLookupFactory$$Lambda+0x000001c99d0b4ba8
instanceKlass org/apache/commons/text/lookup/AbstractStringLookup
instanceKlass  @bci org/apache/commons/text/lookup/StringLookupFactory <clinit> ()V 10 <appendix> argL0 ; # org/apache/commons/text/lookup/StringLookupFactory$$Lambda+0x000001c99d0b4400
instanceKlass org/apache/commons/text/lookup/BiStringLookup
instanceKlass org/apache/commons/text/lookup/StringLookup
instanceKlass java/util/function/UnaryOperator
instanceKlass org/apache/commons/text/lookup/StringLookupFactory
instanceKlass java/util/Random
instanceKlass java/util/random/RandomGenerator
instanceKlass org/apache/commons/lang3/ArrayUtils
instanceKlass java/util/DualPivotQuicksort
instanceKlass org/apache/commons/text/matcher/AbstractStringMatcher
instanceKlass org/apache/commons/text/matcher/StringMatcher
instanceKlass org/apache/commons/text/matcher/StringMatcherFactory
instanceKlass org/apache/commons/text/StringSubstitutor
instanceKlass net/thucydides/model/util/PropertiesUtil
instanceKlass com/typesafe/config/impl/ConfigImpl$2
instanceKlass com/typesafe/config/impl/ConfigImpl$LoaderCache
instanceKlass com/typesafe/config/impl/ConfigImpl$LoaderCacheHolder
instanceKlass com/typesafe/config/impl/ConfigImpl$1
instanceKlass java/text/DontCareFieldPosition$1
instanceKlass java/text/Format$FieldDelegate
instanceKlass java/text/DigitList
instanceKlass java/text/FieldPosition
instanceKlass  @bci sun/util/locale/provider/JRELocaleProviderAdapter getDecimalFormatSymbolsProvider ()Ljava/text/spi/DecimalFormatSymbolsProvider; 8 <appendix> member <vmtarget> ; # sun/util/locale/provider/JRELocaleProviderAdapter$$Lambda+0x000001c99d0e23f0
instanceKlass java/text/DecimalFormatSymbols
instanceKlass  @bci sun/util/locale/provider/JRELocaleProviderAdapter getNumberFormatProvider ()Ljava/text/spi/NumberFormatProvider; 8 <appendix> member <vmtarget> ; # sun/util/locale/provider/JRELocaleProviderAdapter$$Lambda+0x000001c99d0e1c08
instanceKlass  @bci sun/util/locale/provider/JRELocaleProviderAdapter getDateFormatSymbolsProvider ()Ljava/text/spi/DateFormatSymbolsProvider; 8 <appendix> member <vmtarget> ; # sun/util/locale/provider/JRELocaleProviderAdapter$$Lambda+0x000001c99d0e0ff8
instanceKlass java/text/DateFormatSymbols
instanceKlass sun/util/calendar/CalendarUtils
instanceKlass sun/util/calendar/CalendarDate
instanceKlass sun/util/resources/Bundles$CacheKeyReference
instanceKlass  @bci java/util/ResourceBundle$ResourceBundleProviderHelper newResourceBundle (Ljava/lang/Class;)Ljava/util/ResourceBundle; 22 <appendix> member <vmtarget> ; # java/util/ResourceBundle$ResourceBundleProviderHelper$$Lambda+0x000001c99d0df838
instanceKlass java/util/ResourceBundle$ResourceBundleProviderHelper
instanceKlass  @bci sun/util/cldr/CLDRLocaleProviderAdapter applyAliases (Ljava/util/Locale;)Ljava/util/Locale; 4 <appendix> argL0 ; # sun/util/cldr/CLDRLocaleProviderAdapter$$Lambda+0x000001c99d0def40
instanceKlass sun/util/resources/Bundles$CacheKey
instanceKlass java/util/ResourceBundle$1
instanceKlass jdk/internal/access/JavaUtilResourceBundleAccess
instanceKlass sun/util/resources/Bundles
instanceKlass sun/util/resources/LocaleData$LocaleDataStrategy
instanceKlass sun/util/resources/Bundles$Strategy
instanceKlass sun/util/resources/LocaleData$1
instanceKlass sun/util/resources/LocaleData
instanceKlass java/util/regex/ASCII
instanceKlass sun/util/locale/provider/LocaleResources
instanceKlass java/util/stream/Node$Builder
instanceKlass java/util/stream/Nodes$ArrayNode
instanceKlass java/util/stream/Node$OfDouble
instanceKlass java/util/stream/Node$OfLong
instanceKlass java/util/stream/Node$OfInt
instanceKlass java/util/stream/Node$OfPrimitive
instanceKlass java/util/stream/Nodes$EmptyNode
instanceKlass java/util/stream/Node
instanceKlass java/util/stream/Nodes
instanceKlass  @bci sun/util/locale/provider/LocaleProviderAdapter toLocaleArray (Ljava/util/Set;)[Ljava/util/Locale; 16 <appendix> argL0 ; # sun/util/locale/provider/LocaleProviderAdapter$$Lambda+0x000001c99d0dace8
instanceKlass java/util/function/IntFunction
instanceKlass  @bci sun/util/locale/provider/LocaleProviderAdapter toLocaleArray (Ljava/util/Set;)[Ljava/util/Locale; 6 <appendix> argL0 ; # sun/util/locale/provider/LocaleProviderAdapter$$Lambda+0x000001c99d0da6b0
instanceKlass  @bci sun/util/cldr/CLDRLocaleProviderAdapter getCalendarDataProvider ()Ljava/util/spi/CalendarDataProvider; 8 <appendix> member <vmtarget> ; # sun/util/cldr/CLDRLocaleProviderAdapter$$Lambda+0x000001c99d0d9fe8
instanceKlass java/util/ResourceBundle
instanceKlass java/util/ResourceBundle$Control
instanceKlass sun/util/locale/provider/CalendarDataUtility$CalendarWeekParameterGetter
instanceKlass sun/util/locale/provider/LocaleServiceProviderPool$LocalizedObjectGetter
instanceKlass sun/util/locale/provider/LocaleServiceProviderPool
instanceKlass java/util/Locale$Builder
instanceKlass sun/util/locale/provider/CalendarDataUtility
instanceKlass java/util/Calendar$Builder
instanceKlass sun/util/locale/provider/AvailableLanguageTags
instanceKlass  @bci sun/util/locale/provider/JRELocaleProviderAdapter getCalendarProvider ()Lsun/util/spi/CalendarProvider; 8 <appendix> member <vmtarget> ; # sun/util/locale/provider/JRELocaleProviderAdapter$$Lambda+0x000001c99d0d6800
instanceKlass sun/util/resources/cldr/provider/CLDRLocaleDataMetaInfo
instanceKlass jdk/internal/module/ModulePatcher$PatchedModuleReader
instanceKlass  @bci sun/util/cldr/CLDRLocaleProviderAdapter <init> ()V 4 <appendix> argL0 ; # sun/util/cldr/CLDRLocaleProviderAdapter$$Lambda+0x000001c99d0d60c0
instanceKlass sun/util/locale/LocaleObjectCache
instanceKlass sun/util/locale/BaseLocale$Key
instanceKlass sun/util/locale/InternalLocaleBuilder$CaseInsensitiveChar
instanceKlass sun/util/locale/InternalLocaleBuilder
instanceKlass sun/util/locale/StringTokenIterator
instanceKlass sun/util/locale/ParseStatus
instanceKlass sun/util/locale/LanguageTag
instanceKlass sun/util/cldr/CLDRBaseLocaleDataMetaInfo
instanceKlass sun/util/locale/provider/LocaleDataMetaInfo
instanceKlass sun/util/locale/provider/ResourceBundleBasedAdapter
instanceKlass sun/util/locale/provider/LocaleProviderAdapter
instanceKlass java/util/spi/LocaleServiceProvider
instanceKlass sun/util/calendar/ZoneInfoFile$ZoneOffsetTransitionRule
instanceKlass jdk/internal/util/ByteArray
instanceKlass sun/util/calendar/ZoneInfoFile$1
instanceKlass sun/util/calendar/ZoneInfoFile
instanceKlass java/util/TimeZone
instanceKlass java/util/Calendar
instanceKlass java/text/AttributedCharacterIterator$Attribute
instanceKlass java/text/Format
instanceKlass sun/util/calendar/CalendarSystem$GregorianHolder
instanceKlass sun/util/calendar/CalendarSystem
instanceKlass java/util/Date
instanceKlass sun/net/www/MimeEntry
instanceKlass  @bci jdk/internal/module/SystemModuleFinders$SystemModuleReader open (Ljava/lang/String;)Ljava/util/Optional; 6 <appendix> member <vmtarget> ; # jdk/internal/module/SystemModuleFinders$SystemModuleReader$$Lambda+0x000001c99d0cd0c0
instanceKlass sun/net/www/MimeTable$DefaultInstanceHolder$1
instanceKlass sun/net/www/MimeTable$DefaultInstanceHolder
instanceKlass sun/net/www/MimeTable$2
instanceKlass sun/net/www/MimeTable$1
instanceKlass sun/net/www/MimeTable
instanceKlass java/net/URLConnection$1
instanceKlass java/net/FileNameMap
instanceKlass com/typesafe/config/impl/Parseable$3
instanceKlass sun/net/www/MessageHeader
instanceKlass java/net/URLConnection
instanceKlass com/typesafe/config/impl/ConfigImpl$ClasspathNameSource
instanceKlass  @bci net/thucydides/model/util/PropertiesLocalPreferences typesafeConfig ()Lcom/typesafe/config/Config; 13 <appendix> member <vmtarget> ; # net/thucydides/model/util/PropertiesLocalPreferences$$Lambda+0x000001c99d0ad2a8
instanceKlass  @bci net/thucydides/model/util/PropertiesLocalPreferences typesafeConfig ()Lcom/typesafe/config/Config; 4 <appendix> argL0 ; # net/thucydides/model/util/PropertiesLocalPreferences$$Lambda+0x000001c99d0ad058
instanceKlass com/typesafe/config/ConfigRenderOptions
instanceKlass java/util/ComparableTimSort
instanceKlass java/util/AbstractMap$SimpleImmutableEntry
instanceKlass com/typesafe/config/impl/ResolveResult
instanceKlass com/typesafe/config/impl/MemoKey
instanceKlass com/typesafe/config/impl/BadMap$Entry
instanceKlass com/typesafe/config/impl/BadMap
instanceKlass com/typesafe/config/impl/ResolveMemos
instanceKlass com/typesafe/config/impl/ResolveSource
instanceKlass com/typesafe/config/impl/ResolveContext
instanceKlass com/typesafe/config/ConfigResolveOptions$1
instanceKlass com/typesafe/config/ConfigResolver
instanceKlass com/typesafe/config/ConfigResolveOptions
instanceKlass com/typesafe/config/impl/PropertiesParser$1
instanceKlass com/typesafe/config/impl/PropertiesParser
instanceKlass com/typesafe/config/impl/ConfigImpl$SystemPropertiesHolder
instanceKlass com/typesafe/config/impl/ConfigParser$ParseContext
instanceKlass com/typesafe/config/impl/ConfigParser
instanceKlass com/typesafe/config/impl/Path
instanceKlass com/typesafe/config/impl/PathBuilder
instanceKlass com/typesafe/config/impl/PathParser$Element
instanceKlass com/typesafe/config/impl/PathParser
instanceKlass com/typesafe/config/impl/AbstractConfigNode
instanceKlass com/typesafe/config/parser/ConfigNode
instanceKlass com/typesafe/config/impl/ConfigDocumentParser$ParseContext
instanceKlass com/typesafe/config/impl/ConfigDocumentParser
instanceKlass com/typesafe/config/impl/Tokenizer$TokenIterator$WhitespaceSaver
instanceKlass java/util/LinkedList$Node
instanceKlass com/typesafe/config/impl/Token
instanceKlass com/typesafe/config/impl/Tokens
instanceKlass com/typesafe/config/impl/Tokenizer$TokenIterator
instanceKlass com/typesafe/config/impl/Tokenizer
instanceKlass com/typesafe/config/impl/ConfigImpl$DebugHolder
instanceKlass com/typesafe/config/impl/SimpleIncludeContext
instanceKlass com/typesafe/config/impl/SimpleIncluder
instanceKlass com/typesafe/config/impl/FullIncluder
instanceKlass com/typesafe/config/ConfigIncluderClasspath
instanceKlass com/typesafe/config/ConfigIncluderURL
instanceKlass com/typesafe/config/ConfigIncluderFile
instanceKlass com/typesafe/config/impl/ConfigImpl$DefaultIncluderHolder
instanceKlass java/time/temporal/TemporalAmount
instanceKlass com/typesafe/config/impl/SimpleConfig
instanceKlass com/typesafe/config/impl/AbstractConfigValue$NoExceptionsModifier
instanceKlass com/typesafe/config/impl/AbstractConfigValue$Modifier
instanceKlass com/typesafe/config/impl/ReplaceableMergeStack
instanceKlass com/typesafe/config/impl/Unmergeable
instanceKlass com/typesafe/config/impl/SimpleConfigOrigin
instanceKlass com/typesafe/config/impl/SimpleIncluder$NameSource
instanceKlass com/typesafe/config/ConfigList
instanceKlass com/typesafe/config/impl/ConfigImpl
instanceKlass java/io/ObjectStreamConstants
instanceKlass java/io/ObjectOutput
instanceKlass com/typesafe/config/impl/ConfigImplUtil
instanceKlass com/typesafe/config/impl/Parseable$Relativizer
instanceKlass com/typesafe/config/ConfigIncludeContext
instanceKlass com/typesafe/config/ConfigIncluder
instanceKlass com/typesafe/config/parser/ConfigDocument
instanceKlass com/typesafe/config/impl/Container
instanceKlass com/typesafe/config/impl/AbstractConfigValue
instanceKlass com/typesafe/config/impl/MergeableValue
instanceKlass com/typesafe/config/ConfigOrigin
instanceKlass com/typesafe/config/ConfigObject
instanceKlass com/typesafe/config/ConfigValue
instanceKlass com/typesafe/config/impl/Parseable
instanceKlass com/typesafe/config/ConfigParseable
instanceKlass com/typesafe/config/ConfigParseOptions
instanceKlass com/typesafe/config/ConfigLoadingStrategy
instanceKlass java/util/concurrent/Callable
instanceKlass com/typesafe/config/ConfigFactory
instanceKlass  @bci net/thucydides/model/util/ConfigCache getConfig (Ljava/io/File;)Lcom/typesafe/config/Config; 6 <appendix> member <vmtarget> ; # net/thucydides/model/util/ConfigCache$$Lambda+0x000001c99d091588
instanceKlass com/typesafe/config/Config
instanceKlass com/typesafe/config/ConfigMergeable
instanceKlass net/thucydides/model/util/ConfigCache
instanceKlass  @bci net/thucydides/model/util/PropertiesLocalPreferences defaultPropertiesConfFile ()Ljava/util/Optional; 87 <appendix> argL0 ; # net/thucydides/model/util/PropertiesLocalPreferences$$Lambda+0x000001c99d090ab0
instanceKlass  @cpi org/openqa/selenium/json/JsonTypeCoercer 399 form vmentry <vmtarget> ; # java/lang/invoke/LambdaForm$DMH+0x000001c99d098c00
instanceKlass  @bci net/thucydides/model/util/PropertiesLocalPreferences defaultPropertiesConfFile ()Ljava/util/Optional; 77 <appendix> argL0 ; # net/thucydides/model/util/PropertiesLocalPreferences$$Lambda+0x000001c99d090870
instanceKlass  @bci net/thucydides/model/util/PropertiesLocalPreferences defaultPropertiesConfFile ()Ljava/util/Optional; 63 <appendix> member <vmtarget> ; # net/thucydides/model/util/PropertiesLocalPreferences$$Lambda+0x000001c99d090638
instanceKlass  @bci net/thucydides/model/util/PropertiesLocalPreferences defaultPropertiesConfFile ()Ljava/util/Optional; 45 <appendix> member <vmtarget> ; # net/thucydides/model/util/PropertiesLocalPreferences$$Lambda+0x000001c99d090400
instanceKlass  @bci java/util/regex/CharPredicates forUnicodeBlock (Ljava/lang/String;)Ljava/util/regex/Pattern$CharPredicate; 6 <appendix> member <vmtarget> ; # java/util/regex/CharPredicates$$Lambda+0x000001c99d0c72e0
instanceKlass java/lang/Character$Subset
instanceKlass org/apache/commons/lang3/StringUtils
instanceKlass  @bci net/serenitybdd/cucumber/core/plugin/SerenityReporter stepTitleFrom (Lio/cucumber/messages/types/Step;Lio/cucumber/plugin/event/TestStep;)Ljava/lang/String; 37 <appendix> form vmentry <vmtarget> ; # java/lang/invoke/LambdaForm$MH+0x000001c99d098800
instanceKlass java/lang/invoke/LambdaFormEditor$1
# instanceKlass java/lang/invoke/LambdaForm$MH+0x000001c99d098400
instanceKlass  @bci net/serenitybdd/cucumber/core/plugin/SerenityReporter stepTitleFrom (Lio/cucumber/messages/types/Step;Lio/cucumber/plugin/event/TestStep;)Ljava/lang/String; 37 <appendix> argL3 form vmentry <vmtarget> ; # java/lang/invoke/LambdaForm$MH+0x000001c99d098000
instanceKlass java/lang/invoke/MethodHandles$1
# instanceKlass java/lang/invoke/LambdaForm$MH+0x000001c99d097c00
# instanceKlass java/lang/invoke/LambdaForm$MH+0x000001c99d097800
instanceKlass  @bci net/thucydides/model/logging/ConsoleHeading bannerFor (Lnet/thucydides/model/logging/ConsoleEvent;Ljava/lang/String;)Ljava/lang/String; 25 <appendix> argL3 argL2 form vmentry <vmtarget> ; # java/lang/invoke/LambdaForm$MH+0x000001c99d097400
# instanceKlass java/lang/invoke/LambdaForm$MH+0x000001c99d097000
# instanceKlass java/lang/invoke/LambdaForm$MH+0x000001c99d096c00
instanceKlass  @bci jdk/internal/net/http/RawChannelTube <init> (Ljdk/internal/net/http/HttpConnection;Ljava/util/function/Supplier;)V 98 <appendix> argL2 form vmentry <vmtarget> ; # java/lang/invoke/LambdaForm$MH+0x000001c99d096800
# instanceKlass java/lang/invoke/LambdaForm$MH+0x000001c99d096400
instanceKlass  @bci net/serenitybdd/cucumber/core/plugin/SerenityReporter stepTitleFrom (Lio/cucumber/messages/types/Step;Lio/cucumber/plugin/event/TestStep;)Ljava/lang/String; 37 <appendix> argL1 form vmentry <vmtarget> ; # java/lang/invoke/LambdaForm$MH+0x000001c99d096000
# instanceKlass java/lang/invoke/LambdaForm$MH+0x000001c99d095c00
instanceKlass  @bci jdk/internal/net/http/Http2Connection keyString (ZLjava/net/InetSocketAddress;Ljava/lang/String;I)Ljava/lang/String; 79 <appendix> argL1 argL0 form vmentry <vmtarget> ; # java/lang/invoke/LambdaForm$MH+0x000001c99d095800
# instanceKlass java/lang/invoke/LambdaForm$MH+0x000001c99d095400
instanceKlass  @bci jdk/internal/net/http/RawChannelTube <init> (Ljdk/internal/net/http/HttpConnection;Ljava/util/function/Supplier;)V 98 <appendix> argL1 form vmentry <vmtarget> ; # java/lang/invoke/LambdaForm$MH+0x000001c99d095000
# instanceKlass java/lang/invoke/LambdaForm$MH+0x000001c99d094c00
# instanceKlass java/lang/invoke/LambdaForm$MH+0x000001c99d094800
# instanceKlass java/lang/invoke/LambdaForm$MH+0x000001c99d094400
instanceKlass java/lang/Long$LongCache
# instanceKlass java/lang/invoke/LambdaForm$MH+0x000001c99d094000
instanceKlass net/thucydides/model/util/PropertiesLocalPreferences
instanceKlass  @bci net/thucydides/model/environment/TestLocalEnvironmentVariables <clinit> ()V 11 <appendix> argL0 ; # net/thucydides/model/environment/TestLocalEnvironmentVariables$$Lambda+0x000001c99d089c38
instanceKlass  @bci net/thucydides/model/environment/TestLocalEnvironmentVariables <clinit> ()V 0 <appendix> argL0 ; # net/thucydides/model/environment/TestLocalEnvironmentVariables$$Lambda+0x000001c99d089a18
instanceKlass net/thucydides/model/environment/TestLocalEnvironmentVariables
instanceKlass net/thucydides/model/util/LocalPreferences
instanceKlass net/thucydides/model/environment/SystemEnvironmentVariables
instanceKlass net/thucydides/model/util/EnvironmentVariables
instanceKlass  @bci io/cucumber/core/options/CucumberProperties$CucumberPropertiesMap create (Ljava/util/Properties;)Lio/cucumber/core/options/CucumberProperties$CucumberPropertiesMap; 14 <appendix> member <vmtarget> ; # io/cucumber/core/options/CucumberProperties$CucumberPropertiesMap$$Lambda+0x000001c99d08bd90
instanceKlass  @cpi jdk/internal/net/http/ResponseSubscribers 235 form vmentry <vmtarget> ; # java/lang/invoke/LambdaForm$DMH+0x000001c99d088800
instanceKlass java/util/Collections$UnmodifiableMap$UnmodifiableEntrySet$UnmodifiableEntry
instanceKlass java/util/Collections$UnmodifiableMap$UnmodifiableEntrySet$1
instanceKlass java/lang/ProcessEnvironment$CheckedEntry
instanceKlass java/lang/ProcessEnvironment$CheckedEntrySet$1
instanceKlass java/lang/ProcessEnvironment$EntryComparator
instanceKlass java/lang/ProcessEnvironment$NameComparator
instanceKlass  @bci io/cucumber/core/options/CucumberOptionsAnnotationParser addFeatures (Lio/cucumber/core/options/CucumberOptionsAnnotationParser$CucumberOptions;Lio/cucumber/core/options/RuntimeOptionsBuilder;)V 78 <appendix> member <vmtarget> ; # io/cucumber/core/options/CucumberOptionsAnnotationParser$$Lambda+0x000001c99d08b7b0
instanceKlass  @bci io/cucumber/core/options/CucumberOptionsAnnotationParser addFeatures (Lio/cucumber/core/options/CucumberOptionsAnnotationParser$CucumberOptions;Lio/cucumber/core/options/RuntimeOptionsBuilder;)V 59 <appendix> member <vmtarget> ; # io/cucumber/core/options/CucumberOptionsAnnotationParser$$Lambda+0x000001c99d08b578
instanceKlass sun/nio/fs/WindowsUriSupport
instanceKlass  @bci java/util/regex/Pattern Range (II)Ljava/util/regex/Pattern$CharPredicate; 23 <appendix> member <vmtarget> ; # java/util/regex/Pattern$$Lambda+0x000001c99d0c2958
instanceKlass io/cucumber/core/feature/FeaturePath
instanceKlass  @bci java/util/regex/Pattern union (Ljava/util/regex/Pattern$CharPredicate;Ljava/util/regex/Pattern$CharPredicate;Z)Ljava/util/regex/Pattern$CharPredicate; 6 <appendix> member <vmtarget> ; # java/util/regex/Pattern$$Lambda+0x000001c99d0c24a0
instanceKlass  @bci java/util/regex/CharPredicates ASCII_DIGIT ()Ljava/util/regex/Pattern$BmpCharPredicate; 0 <appendix> argL0 ; # java/util/regex/CharPredicates$$Lambda+0x000001c99d0c1958
instanceKlass java/util/regex/CharPredicates
instanceKlass io/cucumber/core/resource/ClasspathSupport
instanceKlass io/cucumber/junit/JUnitCucumberOptionsProvider$1
instanceKlass java/util/regex/IntHashSet
instanceKlass java/util/regex/Matcher
instanceKlass java/util/regex/MatchResult
instanceKlass io/cucumber/core/plugin/TeamCityPlugin
instanceKlass io/cucumber/core/plugin/UsageJsonFormatter
instanceKlass io/cucumber/core/plugin/UsageFormatter
instanceKlass io/cucumber/core/plugin/UnusedStepsSummaryPrinter
instanceKlass io/cucumber/core/plugin/TimelineFormatter
instanceKlass io/cucumber/core/plugin/TestNGFormatter
instanceKlass io/cucumber/plugin/EventListener
instanceKlass io/cucumber/core/plugin/DefaultSummaryPrinter
instanceKlass io/cucumber/core/plugin/RerunFormatter
instanceKlass io/cucumber/core/plugin/MessageFormatter
instanceKlass io/cucumber/core/plugin/ProgressFormatter
instanceKlass io/cucumber/core/plugin/PrettyFormatter
instanceKlass io/cucumber/plugin/ColorAware
instanceKlass io/cucumber/core/plugin/JUnitFormatter
instanceKlass io/cucumber/core/plugin/JsonFormatter
instanceKlass io/cucumber/core/plugin/HtmlFormatter
instanceKlass io/cucumber/plugin/ConcurrentEventListener
instanceKlass java/util/regex/Pattern$TreeInfo
instanceKlass  @bci java/util/regex/Pattern DOT ()Ljava/util/regex/Pattern$CharPredicate; 0 <appendix> argL0 ; # java/util/regex/Pattern$$Lambda+0x000001c99d03e658
instanceKlass  @bci java/util/regex/Pattern Single (I)Ljava/util/regex/Pattern$BmpCharPredicate; 1 <appendix> member <vmtarget> ; # java/util/regex/Pattern$$Lambda+0x000001c99d03e3c8
instanceKlass  @bci java/util/regex/Pattern negate (Ljava/util/regex/Pattern$CharPredicate;)Ljava/util/regex/Pattern$CharPredicate; 1 <appendix> member <vmtarget> ; # java/util/regex/Pattern$$Lambda+0x000001c99d03d680
instanceKlass java/util/regex/Pattern$BitClass
instanceKlass java/util/regex/Pattern$BmpCharPredicate
instanceKlass java/util/regex/Pattern$CharPredicate
instanceKlass java/util/regex/Pattern$Node
instanceKlass io/cucumber/core/options/PluginOption
instanceKlass io/cucumber/core/plugin/Options$Plugin
instanceKlass io/cucumber/tagexpressions/TagExpressionParser$Literal
instanceKlass io/cucumber/junit/JUnitCucumberOptionsProvider$JunitCucumberOptions
instanceKlass io/cucumber/core/options/CucumberOptionsAnnotationParser$CucumberOptions
instanceKlass io/cucumber/junit/JUnitCucumberOptionsProvider
instanceKlass io/cucumber/core/options/CucumberOptionsAnnotationParser
instanceKlass  @bci java/util/stream/MatchOps makeRef (Ljava/util/function/Predicate;Ljava/util/stream/MatchOps$MatchKind;)Ljava/util/stream/TerminalOp; 20 <appendix> member <vmtarget> ; # java/util/stream/MatchOps$$Lambda+0x000001c99d03be80
instanceKlass java/util/stream/MatchOps$BooleanTerminalSink
instanceKlass java/util/stream/MatchOps$MatchOp
instanceKlass java/util/stream/MatchOps
instanceKlass  @bci io/cucumber/core/options/RuntimeOptionsBuilder hasFeaturesWithLineFilters ()Z 26 <appendix> argL0 ; # io/cucumber/core/options/RuntimeOptionsBuilder$$Lambda+0x000001c99d08c680
instanceKlass  @cpi io/cucumber/core/runner/CachingGlue 851 form vmentry <vmtarget> ; # java/lang/invoke/LambdaForm$DMH+0x000001c99d088400
instanceKlass  @bci io/cucumber/core/options/RuntimeOptionsBuilder hasFeaturesWithLineFilters ()Z 16 <appendix> argL0 ; # io/cucumber/core/options/RuntimeOptionsBuilder$$Lambda+0x000001c99d08c440
instanceKlass io/cucumber/core/feature/FeatureWithLines
instanceKlass  @bci io/cucumber/core/order/StandardPickleOrders lexicalUriOrder ()Lio/cucumber/core/order/PickleOrder; 0 <appendix> argL0 ; # io/cucumber/core/order/StandardPickleOrders$$Lambda+0x000001c99d08c000
instanceKlass  @bci java/util/Comparator thenComparing (Ljava/util/Comparator;)Ljava/util/Comparator; 7 <appendix> member <vmtarget> ; # java/util/Comparator$$Lambda+0x000001c99d03b0a0
instanceKlass  @cpi java/util/function/BiPredicate 54 form vmentry <vmtarget> ; # java/lang/invoke/LambdaForm$DMH+0x000001c99d088000
instanceKlass  @bci io/cucumber/core/order/StandardPickleOrders <clinit> ()V 8 <appendix> argL0 ; # io/cucumber/core/order/StandardPickleOrders$$Lambda+0x000001c99d081cb0
instanceKlass io/cucumber/plugin/event/Location
instanceKlass  @bci java/util/Comparator comparing (Ljava/util/function/Function;)Ljava/util/Comparator; 6 <appendix> member <vmtarget> ; # java/util/Comparator$$Lambda+0x000001c99d03ae00
instanceKlass  @bci java/lang/invoke/BootstrapMethodInvoker invoke (Ljava/lang/Class;Ljava/lang/invoke/MethodHandle;Ljava/lang/String;Ljava/lang/Object;Ljava/lang/Object;Ljava/lang/Class;)Ljava/lang/Object; 462 <adapter> ; # java/lang/invoke/LambdaForm$MH+0x000001c99d080c00
instanceKlass  @cpi jdk/internal/net/http/Http1Request 489 form vmentry <vmtarget> ; # java/lang/invoke/LambdaForm$DMH+0x000001c99d080800
instanceKlass  @bci io/cucumber/core/order/StandardPickleOrders <clinit> ()V 0 <appendix> argL0 ; # io/cucumber/core/order/StandardPickleOrders$$Lambda+0x000001c99d081850
instanceKlass io/cucumber/core/gherkin/Pickle
instanceKlass io/cucumber/core/order/StandardPickleOrders
instanceKlass io/cucumber/core/snippets/CamelCaseJoiner
instanceKlass io/cucumber/core/snippets/SnakeCaseJoiner
instanceKlass io/cucumber/core/snippets/Joiner
instanceKlass io/cucumber/core/options/RuntimeOptions
instanceKlass io/cucumber/core/eventbus/Options
instanceKlass  @bci io/cucumber/core/options/CucumberPropertiesParser parse (Lio/cucumber/core/options/CucumberPropertiesProvider;)Lio/cucumber/core/options/RuntimeOptionsBuilder; 381 <appendix> member <vmtarget> ; # io/cucumber/core/options/CucumberPropertiesParser$$Lambda+0x000001c99d083630
instanceKlass  @bci io/cucumber/core/options/CucumberPropertiesParser parse (Lio/cucumber/core/options/CucumberPropertiesProvider;)Lio/cucumber/core/options/RuntimeOptionsBuilder; 370 <appendix> argL0 ; # io/cucumber/core/options/CucumberPropertiesParser$$Lambda+0x000001c99d0833f0
instanceKlass  @bci io/cucumber/core/options/CucumberPropertiesParser parse (Lio/cucumber/core/options/CucumberPropertiesProvider;)Lio/cucumber/core/options/RuntimeOptionsBuilder; 358 <appendix> member <vmtarget> ; # io/cucumber/core/options/CucumberPropertiesParser$$Lambda+0x000001c99d0831b8
instanceKlass  @bci io/cucumber/core/options/CucumberPropertiesParser parse (Lio/cucumber/core/options/CucumberPropertiesProvider;)Lio/cucumber/core/options/RuntimeOptionsBuilder; 347 <appendix> argL0 ; # io/cucumber/core/options/CucumberPropertiesParser$$Lambda+0x000001c99d082f78
instanceKlass io/cucumber/core/options/SnippetTypeParser
instanceKlass  @bci io/cucumber/core/options/CucumberPropertiesParser parse (Lio/cucumber/core/options/CucumberPropertiesProvider;)Lio/cucumber/core/options/RuntimeOptionsBuilder; 335 <appendix> member <vmtarget> ; # io/cucumber/core/options/CucumberPropertiesParser$$Lambda+0x000001c99d0828f0
instanceKlass  @bci io/cucumber/core/options/CucumberPropertiesParser parse (Lio/cucumber/core/options/CucumberPropertiesProvider;)Lio/cucumber/core/options/RuntimeOptionsBuilder; 324 <appendix> argL0 ; # io/cucumber/core/options/CucumberPropertiesParser$$Lambda+0x000001c99d0826b0
instanceKlass  @bci io/cucumber/core/options/CucumberPropertiesParser parse (Lio/cucumber/core/options/CucumberPropertiesProvider;)Lio/cucumber/core/options/RuntimeOptionsBuilder; 312 <appendix> member <vmtarget> ; # io/cucumber/core/options/CucumberPropertiesParser$$Lambda+0x000001c99d082478
instanceKlass  @bci io/cucumber/core/options/CucumberPropertiesParser parse (Lio/cucumber/core/options/CucumberPropertiesProvider;)Lio/cucumber/core/options/RuntimeOptionsBuilder; 301 <appendix> argL0 ; # io/cucumber/core/options/CucumberPropertiesParser$$Lambda+0x000001c99d082238
instanceKlass  @bci io/cucumber/core/options/CucumberPropertiesParser parse (Lio/cucumber/core/options/CucumberPropertiesProvider;)Lio/cucumber/core/options/RuntimeOptionsBuilder; 289 <appendix> member <vmtarget> ; # io/cucumber/core/options/CucumberPropertiesParser$$Lambda+0x000001c99d082000
instanceKlass  @bci io/cucumber/core/options/CucumberPropertiesParser parse (Lio/cucumber/core/options/CucumberPropertiesProvider;)Lio/cucumber/core/options/RuntimeOptionsBuilder; 268 <appendix> member <vmtarget> ; # io/cucumber/core/options/CucumberPropertiesParser$$Lambda+0x000001c99d087d60
instanceKlass  @bci io/cucumber/core/options/CucumberPropertiesParser warnWhenCucumberOptionsIsUsed ()Ljava/util/function/Consumer; 0 <appendix> argL0 ; # io/cucumber/core/options/CucumberPropertiesParser$$Lambda+0x000001c99d087b30
instanceKlass  @bci java/util/function/Function identity ()Ljava/util/function/Function; 0 <appendix> argL0 ; # java/util/function/Function$$Lambda+0x000001c99d03abc0
instanceKlass  @bci io/cucumber/core/options/CucumberPropertiesParser parse (Lio/cucumber/core/options/CucumberPropertiesProvider;)Lio/cucumber/core/options/RuntimeOptionsBuilder; 231 <appendix> member <vmtarget> ; # io/cucumber/core/options/CucumberPropertiesParser$$Lambda+0x000001c99d0878f8
instanceKlass  @bci io/cucumber/core/options/CucumberPropertiesParser parse (Lio/cucumber/core/options/CucumberPropertiesProvider;)Lio/cucumber/core/options/RuntimeOptionsBuilder; 220 <appendix> argL0 ; # io/cucumber/core/options/CucumberPropertiesParser$$Lambda+0x000001c99d0876b8
instanceKlass io/cucumber/core/options/UuidGeneratorParser
instanceKlass  @bci io/cucumber/core/options/CucumberPropertiesParser parse (Lio/cucumber/core/options/CucumberPropertiesProvider;)Lio/cucumber/core/options/RuntimeOptionsBuilder; 208 <appendix> member <vmtarget> ; # io/cucumber/core/options/CucumberPropertiesParser$$Lambda+0x000001c99d087278
instanceKlass  @bci io/cucumber/core/options/CucumberPropertiesParser parse (Lio/cucumber/core/options/CucumberPropertiesProvider;)Lio/cucumber/core/options/RuntimeOptionsBuilder; 197 <appendix> argL0 ; # io/cucumber/core/options/CucumberPropertiesParser$$Lambda+0x000001c99d087038
instanceKlass io/cucumber/core/options/ObjectFactoryParser
instanceKlass  @bci io/cucumber/core/options/CucumberPropertiesParser parse (Lio/cucumber/core/options/CucumberPropertiesProvider;)Lio/cucumber/core/options/RuntimeOptionsBuilder; 185 <appendix> member <vmtarget> ; # io/cucumber/core/options/CucumberPropertiesParser$$Lambda+0x000001c99d086bf8
instanceKlass  @bci io/cucumber/core/options/CucumberPropertiesParser parse (Lio/cucumber/core/options/CucumberPropertiesProvider;)Lio/cucumber/core/options/RuntimeOptionsBuilder; 171 <appendix> argL0 ; # io/cucumber/core/options/CucumberPropertiesParser$$Lambda+0x000001c99d0869b8
instanceKlass io/cucumber/core/feature/GluePath
instanceKlass  @bci io/cucumber/core/options/CucumberPropertiesParser parse (Lio/cucumber/core/options/CucumberPropertiesProvider;)Lio/cucumber/core/options/RuntimeOptionsBuilder; 159 <appendix> member <vmtarget> ; # io/cucumber/core/options/CucumberPropertiesParser$$Lambda+0x000001c99d086578
instanceKlass  @bci io/cucumber/core/options/CucumberPropertiesParser parse (Lio/cucumber/core/options/CucumberPropertiesProvider;)Lio/cucumber/core/options/RuntimeOptionsBuilder; 148 <appendix> argL0 ; # io/cucumber/core/options/CucumberPropertiesParser$$Lambda+0x000001c99d086338
instanceKlass io/cucumber/tagexpressions/TagExpressionParser
instanceKlass  @bci io/cucumber/core/options/CucumberPropertiesParser parse (Lio/cucumber/core/options/CucumberPropertiesProvider;)Lio/cucumber/core/options/RuntimeOptionsBuilder; 136 <appendix> member <vmtarget> ; # io/cucumber/core/options/CucumberPropertiesParser$$Lambda+0x000001c99d085c90
instanceKlass  @bci io/cucumber/core/options/CucumberPropertiesParser parse (Lio/cucumber/core/options/CucumberPropertiesProvider;)Lio/cucumber/core/options/RuntimeOptionsBuilder; 125 <appendix> argL0 ; # io/cucumber/core/options/CucumberPropertiesParser$$Lambda+0x000001c99d085a50
instanceKlass java/util/regex/Pattern
instanceKlass  @bci io/cucumber/core/options/CucumberPropertiesParser parse (Lio/cucumber/core/options/CucumberPropertiesProvider;)Lio/cucumber/core/options/RuntimeOptionsBuilder; 113 <appendix> member <vmtarget> ; # io/cucumber/core/options/CucumberPropertiesParser$$Lambda+0x000001c99d085818
instanceKlass  @bci io/cucumber/core/options/CucumberPropertiesParser splitAndMap (Ljava/util/function/Function;)Ljava/util/function/Function; 1 <appendix> member <vmtarget> ; # io/cucumber/core/options/CucumberPropertiesParser$$Lambda+0x000001c99d0855d0
instanceKlass  @bci io/cucumber/core/options/CucumberPropertiesParser parse (Lio/cucumber/core/options/CucumberPropertiesProvider;)Lio/cucumber/core/options/RuntimeOptionsBuilder; 104 <appendix> argL0 ; # io/cucumber/core/options/CucumberPropertiesParser$$Lambda+0x000001c99d085390
instanceKlass io/cucumber/core/options/FeatureWithLinesOrRerunPath
instanceKlass  @bci io/cucumber/core/options/CucumberPropertiesParser parse (Lio/cucumber/core/options/CucumberPropertiesProvider;)Lio/cucumber/core/options/RuntimeOptionsBuilder; 92 <appendix> member <vmtarget> ; # io/cucumber/core/options/CucumberPropertiesParser$$Lambda+0x000001c99d084f38
instanceKlass  @bci io/cucumber/core/options/CucumberPropertiesParser parse (Lio/cucumber/core/options/CucumberPropertiesProvider;)Lio/cucumber/core/options/RuntimeOptionsBuilder; 81 <appendix> argL0 ; # io/cucumber/core/options/CucumberPropertiesParser$$Lambda+0x000001c99d084cf8
instanceKlass io/cucumber/core/order/PickleOrder
instanceKlass io/cucumber/core/options/PickleOrderParser
instanceKlass  @bci io/cucumber/core/options/CucumberPropertiesParser parse (Lio/cucumber/core/options/CucumberPropertiesProvider;)Lio/cucumber/core/options/RuntimeOptionsBuilder; 69 <appendix> member <vmtarget> ; # io/cucumber/core/options/CucumberPropertiesParser$$Lambda+0x000001c99d0846b8
instanceKlass  @bci io/cucumber/core/options/CucumberPropertiesParser parse (Lio/cucumber/core/options/CucumberPropertiesProvider;)Lio/cucumber/core/options/RuntimeOptionsBuilder; 58 <appendix> argL0 ; # io/cucumber/core/options/CucumberPropertiesParser$$Lambda+0x000001c99d084478
instanceKlass  @bci io/cucumber/core/options/CucumberPropertiesParser parse (Lio/cucumber/core/options/CucumberPropertiesProvider;)Lio/cucumber/core/options/RuntimeOptionsBuilder; 46 <appendix> member <vmtarget> ; # io/cucumber/core/options/CucumberPropertiesParser$$Lambda+0x000001c99d084240
instanceKlass  @bci io/cucumber/core/options/CucumberPropertiesParser parse (Lio/cucumber/core/options/CucumberPropertiesProvider;)Lio/cucumber/core/options/RuntimeOptionsBuilder; 35 <appendix> argL0 ; # io/cucumber/core/options/CucumberPropertiesParser$$Lambda+0x000001c99d084000
instanceKlass  @bci java/util/function/Function andThen (Ljava/util/function/Function;)Ljava/util/function/Function; 7 <appendix> member <vmtarget> ; # java/util/function/Function$$Lambda+0x000001c99d03a4e8
instanceKlass  @cpi org/openqa/selenium/remote/http/Filter 77 form vmentry <vmtarget> ; # java/lang/invoke/LambdaForm$DMH+0x000001c99d080400
instanceKlass  @bci io/cucumber/core/options/CucumberPropertiesParser parse (Lio/cucumber/core/options/CucumberPropertiesProvider;Ljava/lang/String;Ljava/util/function/Function;Ljava/util/function/Consumer;)V 4 <appendix> argL0 ; # io/cucumber/core/options/CucumberPropertiesParser$$Lambda+0x000001c99d01dcb8
instanceKlass  @bci io/cucumber/core/options/CucumberPropertiesParser parse (Lio/cucumber/core/options/CucumberPropertiesProvider;)Lio/cucumber/core/options/RuntimeOptionsBuilder; 23 <appendix> member <vmtarget> ; # io/cucumber/core/options/CucumberPropertiesParser$$Lambda+0x000001c99d01da80
instanceKlass  @bci io/cucumber/core/options/CucumberPropertiesParser parse (Lio/cucumber/core/options/CucumberPropertiesProvider;)Lio/cucumber/core/options/RuntimeOptionsBuilder; 12 <appendix> argL0 ; # io/cucumber/core/options/CucumberPropertiesParser$$Lambda+0x000001c99d01d840
instanceKlass  @cpi jdk/internal/net/http/common/Utils 1362 form vmentry <vmtarget> ; # java/lang/invoke/LambdaForm$DMH+0x000001c99d080000
instanceKlass io/cucumber/core/options/BooleanString
instanceKlass io/cucumber/core/options/RuntimeOptionsBuilder
instanceKlass  @bci io/cucumber/core/options/CucumberPropertiesParser parse (Ljava/util/Map;)Lio/cucumber/core/options/RuntimeOptionsBuilder; 7 <appendix> member <vmtarget> ; # io/cucumber/core/options/CucumberPropertiesParser$$Lambda+0x000001c99d01d200
instanceKlass  @cpi org/openqa/selenium/AcceptedW3CCapabilityKeys 113 form vmentry <vmtarget> ; # java/lang/invoke/LambdaForm$DMH+0x000001c99d01cc00
instanceKlass io/cucumber/core/options/CucumberPropertiesProvider
instanceKlass  @bci io/cucumber/core/options/CucumberProperties fromPropertiesFile ()Ljava/util/Map; 15 <appendix> argL0 ; # io/cucumber/core/options/CucumberProperties$$Lambda+0x000001c99d01fbe8
instanceKlass io/cucumber/core/options/CucumberProperties
instanceKlass jdk/internal/logger/DefaultLoggerFinder$1
instanceKlass java/util/logging/Logger$SystemLoggerHelper$1
instanceKlass java/util/logging/Logger$SystemLoggerHelper
instanceKlass java/util/logging/LogManager$4
instanceKlass jdk/internal/logger/BootstrapLogger$BootstrapExecutors
instanceKlass jdk/internal/logger/BootstrapLogger$RedirectedLoggers
instanceKlass java/util/ServiceLoader$ProviderImpl
instanceKlass java/util/ServiceLoader$Provider
instanceKlass java/util/ServiceLoader$1
instanceKlass java/util/concurrent/CopyOnWriteArrayList$COWIterator
instanceKlass jdk/internal/logger/BootstrapLogger$DetectBackend$1
instanceKlass jdk/internal/logger/BootstrapLogger$DetectBackend
instanceKlass jdk/internal/logger/BootstrapLogger
instanceKlass sun/util/logging/PlatformLogger$ConfigurableBridge
instanceKlass sun/util/logging/PlatformLogger$Bridge
instanceKlass java/lang/System$Logger
instanceKlass java/util/stream/Streams
instanceKlass java/util/stream/Stream$Builder
instanceKlass java/util/stream/Streams$AbstractStreamBuilderImpl
instanceKlass  @bci java/util/logging/Level$KnownLevel findByName (Ljava/lang/String;Ljava/util/function/Function;)Ljava/util/Optional; 29 <appendix> argL0 ; # java/util/logging/Level$KnownLevel$$Lambda+0x000001c99d036600
instanceKlass java/util/ArrayList$ArrayListSpliterator
instanceKlass  @bci java/util/logging/Level findLevel (Ljava/lang/String;)Ljava/util/logging/Level; 13 <appendix> argL0 ; # java/util/logging/Level$$Lambda+0x000001c99d036148
instanceKlass java/util/Hashtable$Enumerator
instanceKlass java/util/Collections$3
instanceKlass java/util/logging/LogManager$LoggerContext$1
instanceKlass java/util/logging/LogManager$VisitedLoggers
instanceKlass  @bci jdk/internal/net/http/websocket/OpeningHandshake handleResponse (Ljava/net/http/HttpResponse;)Ljdk/internal/net/http/websocket/OpeningHandshake$Result; 134 <appendix> form vmentry <vmtarget> ; # java/lang/invoke/LambdaForm$MH+0x000001c99d01c800
instanceKlass java/util/logging/LogManager$2
instanceKlass java/lang/System$LoggerFinder
instanceKlass java/security/Security$1
instanceKlass jdk/internal/access/JavaSecurityPropertiesAccess
instanceKlass  @bci java/security/Security <clinit> ()V 9 <appendix> argL0 ; # java/security/Security$$Lambda+0x000001c99d033a48
instanceKlass java/security/Security
instanceKlass sun/security/util/SecurityProperties
instanceKlass sun/security/util/FilePermCompat
instanceKlass java/util/logging/LogManager$LoggingProviderAccess
instanceKlass sun/util/logging/internal/LoggingProviderImpl$LogManagerAccess
instanceKlass java/lang/Shutdown$Lock
instanceKlass java/lang/Shutdown
instanceKlass java/lang/ApplicationShutdownHooks$1
instanceKlass java/lang/ApplicationShutdownHooks
instanceKlass java/util/Collections$SynchronizedMap
instanceKlass java/util/logging/LogManager$LogNode
instanceKlass java/util/logging/LogManager$LoggerContext
instanceKlass java/util/logging/LogManager$1
instanceKlass java/util/logging/LogManager
instanceKlass java/util/logging/Logger$ConfigurationData
instanceKlass java/util/logging/Logger$LoggerBundle
instanceKlass  @bci java/util/logging/Level$KnownLevel add (Ljava/util/logging/Level;)V 49 <appendix> argL0 ; # java/util/logging/Level$KnownLevel$$Lambda+0x000001c99d0304c0
instanceKlass  @bci java/util/logging/Level$KnownLevel add (Ljava/util/logging/Level;)V 19 <appendix> argL0 ; # java/util/logging/Level$KnownLevel$$Lambda+0x000001c99d030280
instanceKlass java/util/logging/Level
instanceKlass java/util/logging/Handler
instanceKlass java/util/logging/Logger
instanceKlass io/cucumber/core/logging/LoggerFactory$DelegatingLogger
instanceKlass java/util/concurrent/ConcurrentLinkedDeque$Node
instanceKlass io/cucumber/core/logging/Logger
instanceKlass io/cucumber/core/logging/LoggerFactory
instanceKlass io/cucumber/core/options/CucumberPropertiesParser
instanceKlass net/serenitybdd/cucumber/util/CucumberInternalUtils
instanceKlass  @bci jdk/internal/net/http/Http1Response lambda$readBody$3 (JLjava/net/http/HttpResponse$BodySubscriber;Ljava/util/concurrent/CompletableFuture;Ljdk/internal/net/http/Http1Response$ClientRefCountTracker;)V 164 <appendix> form vmentry <vmtarget> ; # java/lang/invoke/LambdaForm$DMH+0x000001c99d01c400
instanceKlass  @bci sun/reflect/annotation/AnnotationParser parseEnumArray (ILjava/lang/Class;Ljava/nio/ByteBuffer;Ljdk/internal/reflect/ConstantPool;Ljava/lang/Class;)Ljava/lang/Object; 16 <appendix> member <vmtarget> ; # sun/reflect/annotation/AnnotationParser$$Lambda+0x000001c99d02e5b8
instanceKlass org/junit/validator/ValidateWith
instanceKlass org/junit/internal/runners/rules/RuleMemberValidator$MethodMustBeARule
instanceKlass org/junit/internal/runners/rules/RuleMemberValidator$MethodMustBeATestRule
instanceKlass org/junit/internal/runners/rules/RuleMemberValidator$FieldMustBeARule
instanceKlass org/junit/internal/runners/rules/RuleMemberValidator$MemberMustBeNonStaticOrAlsoClassRule
instanceKlass org/junit/Rule
instanceKlass org/junit/internal/runners/rules/RuleMemberValidator$FieldMustBeATestRule
instanceKlass org/junit/internal/runners/rules/RuleMemberValidator$MemberMustBePublic
instanceKlass org/junit/internal/runners/rules/RuleMemberValidator$MemberMustBeStatic
instanceKlass org/junit/internal/runners/rules/RuleMemberValidator$DeclaringClassMustBePublic
instanceKlass org/junit/ClassRule
instanceKlass org/junit/internal/runners/rules/RuleMemberValidator$Builder
instanceKlass org/junit/internal/runners/rules/RuleMemberValidator$RuleValidator
instanceKlass org/junit/internal/runners/rules/RuleMemberValidator
instanceKlass org/junit/AfterClass
instanceKlass java/lang/annotation/Documented
instanceKlass org/junit/BeforeClass
instanceKlass org/junit/Before
instanceKlass jdk/internal/vm/annotation/IntrinsicCandidate
instanceKlass  @bci java/lang/reflect/Executable sharedToString (IZ[Ljava/lang/Class;[Ljava/lang/Class;)Ljava/lang/String; 73 <appendix> argL0 ; # java/lang/reflect/Executable$$Lambda+0x000001c99d02c2f8
instanceKlass  @bci java/util/stream/Collectors joining (Ljava/lang/CharSequence;Ljava/lang/CharSequence;Ljava/lang/CharSequence;)Ljava/util/stream/Collector; 22 <appendix> argL0 ; # java/util/stream/Collectors$$Lambda+0x000001c99d02c0b8
instanceKlass  @bci java/util/stream/Collectors joining (Ljava/lang/CharSequence;Ljava/lang/CharSequence;Ljava/lang/CharSequence;)Ljava/util/stream/Collector; 17 <appendix> argL0 ; # java/util/stream/Collectors$$Lambda+0x000001c99d02be70
instanceKlass  @bci java/util/stream/Collectors joining (Ljava/lang/CharSequence;Ljava/lang/CharSequence;Ljava/lang/CharSequence;)Ljava/util/stream/Collector; 12 <appendix> argL0 ; # java/util/stream/Collectors$$Lambda+0x000001c99d02bc40
instanceKlass  @bci java/util/stream/Collectors joining (Ljava/lang/CharSequence;Ljava/lang/CharSequence;Ljava/lang/CharSequence;)Ljava/util/stream/Collector; 7 <appendix> member <vmtarget> ; # java/util/stream/Collectors$$Lambda+0x800000046
instanceKlass  @bci java/lang/reflect/Executable sharedToString (IZ[Ljava/lang/Class;[Ljava/lang/Class;)Ljava/lang/String; 29 <appendix> argL0 ; # java/lang/reflect/Executable$$Lambda+0x000001c99d02ba00
instanceKlass  @cpi org/openqa/selenium/json/JsonOutput 812 form vmentry <vmtarget> ; # java/lang/invoke/LambdaForm$DMH+0x000001c99d01c000
instanceKlass java/util/TimSort
instanceKlass java/util/Arrays$LegacyMergeSort
instanceKlass org/junit/FixMethodOrder
instanceKlass org/junit/internal/MethodSorter$2
instanceKlass org/junit/internal/MethodSorter$1
instanceKlass org/junit/internal/MethodSorter
instanceKlass org/junit/runners/model/TestClass$MethodComparator
instanceKlass org/junit/runners/model/TestClass$FieldComparator
instanceKlass org/junit/runners/model/FrameworkMember
instanceKlass org/junit/runners/model/TestClass
instanceKlass org/junit/runners/model/Annotatable
instanceKlass org/junit/runners/ParentRunner$1
instanceKlass org/slf4j/spi/LoggingEventBuilder
instanceKlass org/slf4j/helpers/NamedLoggerBase
instanceKlass org/slf4j/helpers/Reporter
instanceKlass java/lang/CompoundEnumeration
instanceKlass java/util/Collections$EmptyEnumeration
instanceKlass jdk/internal/loader/BuiltinClassLoader$1
instanceKlass jdk/internal/loader/URLClassPath$1
instanceKlass jdk/internal/jimage/ImageLocation
instanceKlass jdk/internal/jimage/decompressor/Decompressor
instanceKlass jdk/internal/jimage/ImageStringsReader
instanceKlass jdk/internal/jimage/ImageStrings
instanceKlass jdk/internal/jimage/ImageHeader
instanceKlass jdk/internal/jimage/NativeImageBuffer$1
instanceKlass jdk/internal/jimage/NativeImageBuffer
instanceKlass jdk/internal/jimage/BasicImageReader$1
instanceKlass jdk/internal/jimage/BasicImageReader
instanceKlass jdk/internal/jimage/ImageReader
instanceKlass jdk/internal/jimage/ImageReaderFactory$1
instanceKlass java/nio/file/FileSystems$DefaultFileSystemHolder$1
instanceKlass java/nio/file/FileSystems$DefaultFileSystemHolder
instanceKlass java/nio/file/FileSystems
instanceKlass java/nio/file/Paths
instanceKlass jdk/internal/jimage/ImageReaderFactory
instanceKlass jdk/internal/module/SystemModuleFinders$SystemImage
instanceKlass jdk/internal/module/SystemModuleFinders$SystemModuleReader
instanceKlass java/lang/module/ModuleReader
instanceKlass jdk/internal/loader/BuiltinClassLoader$5
instanceKlass jdk/internal/loader/BuiltinClassLoader$2
instanceKlass jdk/internal/module/Resources
instanceKlass java/util/ServiceLoader$3
instanceKlass java/util/ServiceLoader$2
instanceKlass java/util/ServiceLoader$LazyClassPathLookupIterator
instanceKlass java/util/Spliterators$1Adapter
instanceKlass java/util/Spliterators$ArraySpliterator
instanceKlass java/util/ServiceLoader$ModuleServicesLookupIterator
instanceKlass java/util/ServiceLoader
instanceKlass org/slf4j/helpers/Util
instanceKlass org/slf4j/helpers/NOPMDCAdapter
instanceKlass org/slf4j/helpers/NOPLoggerFactory
instanceKlass org/slf4j/helpers/NOP_FallbackServiceProvider
instanceKlass org/slf4j/helpers/ThreadLocalMapOfStacks
instanceKlass org/slf4j/helpers/BasicMDCAdapter
instanceKlass org/slf4j/Marker
instanceKlass org/slf4j/helpers/BasicMarkerFactory
instanceKlass java/util/concurrent/LinkedBlockingQueue$Node
instanceKlass java/util/concurrent/BlockingQueue
instanceKlass org/slf4j/Logger
instanceKlass org/slf4j/helpers/SubstituteLoggerFactory
instanceKlass org/slf4j/ILoggerFactory
instanceKlass org/slf4j/spi/MDCAdapter
instanceKlass org/slf4j/IMarkerFactory
instanceKlass org/slf4j/helpers/SubstituteServiceProvider
instanceKlass org/slf4j/event/LoggingEvent
instanceKlass org/slf4j/spi/SLF4JServiceProvider
instanceKlass org/slf4j/LoggerFactory
instanceKlass org/junit/validator/AnnotationValidatorFactory
instanceKlass org/junit/validator/AnnotationsValidator$AnnotatableValidator
instanceKlass org/junit/validator/AnnotationsValidator
instanceKlass org/junit/validator/TestClassValidator
instanceKlass io/cucumber/core/runtime/FeatureSupplier
instanceKlass io/cucumber/plugin/Plugin
instanceKlass io/cucumber/core/filter/Options
instanceKlass io/cucumber/tagexpressions/Expression
instanceKlass io/cucumber/core/options/CucumberOptionsAnnotationParser$OptionsProvider
instanceKlass io/cucumber/core/plugin/Options
instanceKlass io/cucumber/core/runner/Options
instanceKlass io/cucumber/core/runtime/BackendSupplier
instanceKlass io/cucumber/core/runtime/ObjectFactorySupplier
instanceKlass io/cucumber/core/backend/Options
instanceKlass io/cucumber/core/runtime/RunnerSupplier
instanceKlass io/cucumber/core/eventbus/EventBus
instanceKlass io/cucumber/plugin/event/EventPublisher
instanceKlass io/cucumber/core/feature/Options
instanceKlass org/junit/runners/model/RunnerScheduler
instanceKlass org/junit/runners/model/MemberValueConsumer
instanceKlass org/hamcrest/SelfDescribing
instanceKlass org/junit/runners/model/Statement
instanceKlass java/util/Arrays$ArrayItr
instanceKlass org/junit/runners/model/RunnerBuilder
instanceKlass org/junit/runner/Request
instanceKlass java/util/Collections$EmptyIterator
instanceKlass java/lang/Class$AnnotationData
instanceKlass org/apiguardian/api/API
instanceKlass java/lang/Deprecated
instanceKlass io/cucumber/junit/NoUuidGenerator
instanceKlass io/cucumber/core/eventbus/UuidGenerator
instanceKlass io/cucumber/junit/NoObjectFactory
instanceKlass io/cucumber/core/backend/ObjectFactory
instanceKlass io/cucumber/core/backend/Lookup
instanceKlass io/cucumber/core/backend/Container
instanceKlass io/cucumber/junit/CucumberOptions
instanceKlass org/junit/runner/Runner
instanceKlass org/junit/runner/Describable
instanceKlass org/junit/runner/manipulation/Orderable
instanceKlass org/junit/runner/manipulation/Sortable
instanceKlass org/junit/runner/manipulation/Filterable
instanceKlass java/lang/annotation/Target
# instanceKlass java/lang/invoke/LambdaForm$MH+0x000001c99d008000
instanceKlass java/lang/reflect/Proxy$ProxyBuilder$1
instanceKlass jdk/internal/org/objectweb/asm/Edge
instanceKlass  @bci java/lang/reflect/ProxyGenerator addProxyMethod (Ljava/lang/reflect/Method;Ljava/lang/Class;)V 23 <appendix> argL0 ; # java/lang/reflect/ProxyGenerator$$Lambda+0x000001c99d021e80
instanceKlass  @bci java/lang/reflect/ProxyGenerator addProxyMethod (Ljava/lang/reflect/ProxyGenerator$ProxyMethod;)V 10 <appendix> argL0 ; # java/lang/reflect/ProxyGenerator$$Lambda+0x000001c99d021c40
instanceKlass java/util/StringJoiner
instanceKlass java/lang/reflect/ProxyGenerator$ProxyMethod
instanceKlass  @bci java/lang/reflect/Proxy getLoader (Ljava/lang/Module;)Ljava/lang/ClassLoader; 6 <appendix> member <vmtarget> ; # java/lang/reflect/Proxy$$Lambda+0x000001c99d0212d8
instanceKlass  @bci java/lang/WeakPairMap computeIfAbsent (Ljava/lang/Object;Ljava/lang/Object;Ljava/util/function/BiFunction;)Ljava/lang/Object; 18 <appendix> member <vmtarget> ; # java/lang/WeakPairMap$$Lambda+0x000001c99d020e80
instanceKlass  @bci java/lang/Module implAddExportsOrOpens (Ljava/lang/String;Ljava/lang/Module;ZZ)V 145 <appendix> argL0 ; # java/lang/Module$$Lambda+0x000001c99d020c50
instanceKlass  @bci java/lang/module/ModuleDescriptor$Builder packages (Ljava/util/Set;)Ljava/lang/module/ModuleDescriptor$Builder; 17 <appendix> argL0 ; # java/lang/module/ModuleDescriptor$Builder$$Lambda+0x000001c99d020a20
instanceKlass jdk/internal/module/Checks
instanceKlass java/lang/module/ModuleDescriptor$Builder
instanceKlass  @bci java/lang/reflect/Proxy$ProxyBuilder getDynamicModule (Ljava/lang/ClassLoader;)Ljava/lang/Module; 4 <appendix> argL0 ; # java/lang/reflect/Proxy$ProxyBuilder$$Lambda+0x000001c99d07fd98
instanceKlass java/util/Collections$1
instanceKlass java/lang/reflect/Proxy$ProxyBuilder
instanceKlass  @bci java/lang/reflect/Proxy getProxyConstructor (Ljava/lang/Class;Ljava/lang/ClassLoader;[Ljava/lang/Class;)Ljava/lang/reflect/Constructor; 35 <appendix> argL0 ; # java/lang/reflect/Proxy$$Lambda+0x000001c99d07f6f8
instanceKlass java/lang/ClassValue$Version
instanceKlass java/lang/ClassValue$Identity
instanceKlass java/lang/ClassValue
instanceKlass java/lang/reflect/Proxy
instanceKlass sun/reflect/annotation/AnnotationInvocationHandler
instanceKlass java/lang/reflect/InvocationHandler
instanceKlass sun/reflect/annotation/AnnotationParser$1
instanceKlass sun/reflect/annotation/ExceptionProxy
instanceKlass java/lang/annotation/Inherited
instanceKlass java/lang/annotation/Retention
instanceKlass sun/reflect/annotation/AnnotationType$1
instanceKlass sun/reflect/annotation/AnnotationType
instanceKlass java/lang/reflect/GenericArrayType
instanceKlass org/junit/runner/RunWith
instanceKlass sun/reflect/generics/visitor/Reifier
instanceKlass sun/reflect/generics/visitor/TypeTreeVisitor
instanceKlass sun/reflect/generics/factory/CoreReflectionFactory
instanceKlass sun/reflect/generics/factory/GenericsFactory
instanceKlass sun/reflect/generics/scope/AbstractScope
instanceKlass sun/reflect/generics/scope/Scope
instanceKlass sun/reflect/generics/tree/ClassTypeSignature
instanceKlass sun/reflect/generics/tree/SimpleClassTypeSignature
instanceKlass sun/reflect/generics/tree/FieldTypeSignature
instanceKlass sun/reflect/generics/tree/BaseType
instanceKlass sun/reflect/generics/tree/TypeSignature
instanceKlass sun/reflect/generics/tree/ReturnType
instanceKlass sun/reflect/generics/tree/TypeArgument
instanceKlass sun/reflect/generics/tree/TypeTree
instanceKlass sun/reflect/generics/tree/Tree
instanceKlass sun/reflect/generics/parser/SignatureParser
instanceKlass org/junit/Ignore
instanceKlass com/group14/qa/ui/runners/UiTestRunner
instanceKlass org/junit/runner/manipulation/Filter
instanceKlass com/intellij/junit4/JUnit4TestRunnerUtil
instanceKlass com/intellij/rt/execution/junit/TestsRepeater
instanceKlass com/intellij/rt/junit/IdeaTestRunner$Repeater$1
instanceKlass com/intellij/junit4/JUnitTestTreeNodeManager$1
instanceKlass com/intellij/junit4/JUnitTestTreeNodeManager
instanceKlass com/intellij/rt/execution/junit/TestsRepeater$TestRun
instanceKlass com/intellij/rt/junit/IdeaTestRunner$Repeater
instanceKlass junit/framework/TestResult
instanceKlass junit/framework/Test
instanceKlass junit/runner/BaseTestRunner
instanceKlass junit/framework/TestListener
instanceKlass org/junit/runner/notification/RunListener
instanceKlass com/intellij/junit4/JUnit4IdeaTestRunner
instanceKlass com/intellij/rt/junit/IdeaTestRunner
instanceKlass org/junit/Test
instanceKlass java/util/StringTokenizer
instanceKlass java/util/jar/JarVerifier
instanceKlass sun/nio/ch/Util$BufferCache
instanceKlass sun/nio/ch/Util
instanceKlass java/lang/invoke/VarHandle$AccessDescriptor
instanceKlass sun/nio/ch/NativeThread
instanceKlass sun/net/NetHooks
instanceKlass sun/net/spi/DefaultProxySelector$3
instanceKlass sun/net/spi/DefaultProxySelector$NonProxyInfo
instanceKlass sun/net/NetProperties$1
instanceKlass sun/net/NetProperties
instanceKlass sun/net/spi/DefaultProxySelector$1
instanceKlass java/net/Proxy
instanceKlass java/net/ProxySelector
instanceKlass java/net/SocksSocketImpl$3
instanceKlass  @bci sun/nio/ch/NioSocketImpl closerFor (Ljava/io/FileDescriptor;Z)Ljava/lang/Runnable; 5 <appendix> member <vmtarget> ; # sun/nio/ch/NioSocketImpl$$Lambda+0x000001c99d074340
instanceKlass  @cpi org/openqa/selenium/remote/NewSessionPayload 502 form vmentry <vmtarget> ; # java/lang/invoke/LambdaForm$DMH+0x000001c99d003800
instanceKlass jdk/net/ExtendedSocketOptions$2
instanceKlass jdk/net/ExtendedSocketOptions$PlatformSocketOptions
instanceKlass jdk/net/ExtendedSocketOptions$ExtSocketOption
instanceKlass java/net/SocketOption
instanceKlass java/util/TreeMap$PrivateEntryIterator
instanceKlass jdk/net/ExtendedSocketOptions
instanceKlass sun/net/ext/ExtendedSocketOptions
instanceKlass java/net/Inet6Address$Inet6AddressHolder
instanceKlass java/util/TreeMap$Entry
instanceKlass sun/nio/ch/Net$1
instanceKlass java/net/ProtocolFamily
instanceKlass sun/nio/ch/Net
instanceKlass java/net/SocksConsts
instanceKlass java/util/zip/ZipFile$InflaterCleanupAction
instanceKlass sun/nio/ch/IOUtil
instanceKlass java/util/zip/Inflater$InflaterZStreamRef
instanceKlass sun/nio/ch/NativeDispatcher
instanceKlass sun/net/PlatformSocketImpl
instanceKlass java/util/zip/Inflater
instanceKlass java/net/SocketImpl
instanceKlass java/net/SocketOptions
instanceKlass java/net/InetSocketAddress$InetSocketAddressHolder
instanceKlass java/net/InetAddress$PlatformResolver
instanceKlass java/net/spi/InetAddressResolver
instanceKlass java/net/spi/InetAddressResolver$LookupPolicy
instanceKlass java/net/Inet4AddressImpl
instanceKlass java/net/Inet6AddressImpl
instanceKlass java/net/InetAddressImpl
instanceKlass java/util/concurrent/ConcurrentSkipListMap$Node
instanceKlass java/util/concurrent/ConcurrentSkipListMap$Index
instanceKlass com/intellij/rt/execution/junit/RepeatCount
instanceKlass java/util/concurrent/ConcurrentNavigableMap
instanceKlass java/util/NavigableMap
instanceKlass java/util/SortedMap
instanceKlass jdk/internal/misc/PreviewFeatures
instanceKlass jdk/internal/misc/MainMethodFinder
instanceKlass java/util/NavigableSet
instanceKlass com/intellij/rt/junit/JUnitStarter
instanceKlass java/util/SortedSet
instanceKlass java/net/InetAddress$InetAddressHolder
instanceKlass java/net/InetAddress$1
instanceKlass jdk/internal/access/JavaNetInetAddressAccess
instanceKlass java/net/InetAddress
instanceKlass java/net/SocketAddress
instanceKlass java/lang/invoke/VarForm
instanceKlass java/lang/invoke/VarHandleGuards
instanceKlass sun/nio/cs/SingleByte
instanceKlass sun/nio/cs/MS1252$Holder
instanceKlass java/lang/invoke/VarHandles
instanceKlass sun/nio/cs/ArrayDecoder
instanceKlass sun/launcher/LauncherHelper
instanceKlass java/net/Socket
instanceKlass java/io/Reader
instanceKlass com/intellij/rt/execution/application/AppMainV2
instanceKlass com/intellij/rt/execution/application/AppMainV2$Agent
instanceKlass java/security/SecureClassLoader$DebugHolder
instanceKlass java/security/Permission
instanceKlass java/security/Guard
instanceKlass java/security/PermissionCollection
instanceKlass java/security/SecureClassLoader$1
instanceKlass java/util/zip/Checksum$1
instanceKlass java/util/zip/CRC32
instanceKlass java/util/zip/Checksum
instanceKlass sun/nio/ByteBuffered
instanceKlass java/lang/Package$VersionInfo
instanceKlass java/lang/NamedPackage
instanceKlass java/util/jar/Attributes$Name
instanceKlass java/util/jar/Attributes
instanceKlass jdk/internal/loader/Resource
instanceKlass sun/security/action/GetIntegerAction
instanceKlass sun/security/util/Debug
instanceKlass sun/security/util/SignatureFileVerifier
instanceKlass java/util/zip/ZipEntry
instanceKlass java/util/zip/ZipFile$2
instanceKlass java/nio/Bits$1
instanceKlass jdk/internal/misc/VM$BufferPool
instanceKlass java/nio/Bits
instanceKlass sun/nio/ch/DirectBuffer
instanceKlass jdk/internal/perf/PerfCounter$CoreCounters
instanceKlass jdk/internal/perf/Perf
instanceKlass jdk/internal/perf/Perf$GetPerfAction
instanceKlass jdk/internal/perf/PerfCounter
instanceKlass sun/util/locale/LocaleUtils
instanceKlass sun/util/locale/BaseLocale
instanceKlass java/util/Locale
instanceKlass java/nio/file/attribute/FileTime
instanceKlass java/util/zip/ZipUtils
instanceKlass java/util/zip/ZipFile$Source$End
instanceKlass java/io/RandomAccessFile$2
instanceKlass jdk/internal/access/JavaIORandomAccessFileAccess
instanceKlass java/io/RandomAccessFile
instanceKlass java/io/DataInput
instanceKlass java/io/DataOutput
instanceKlass sun/nio/fs/WindowsNativeDispatcher$CompletionStatus
instanceKlass sun/nio/fs/WindowsNativeDispatcher$AclInformation
instanceKlass sun/nio/fs/WindowsNativeDispatcher$Account
instanceKlass sun/nio/fs/WindowsNativeDispatcher$DiskFreeSpace
instanceKlass sun/nio/fs/WindowsNativeDispatcher$VolumeInformation
instanceKlass sun/nio/fs/WindowsNativeDispatcher$FirstStream
instanceKlass sun/nio/fs/WindowsNativeDispatcher$FirstFile
instanceKlass sun/nio/fs/WindowsNativeDispatcher
instanceKlass sun/nio/fs/NativeBuffer$Deallocator
instanceKlass sun/nio/fs/NativeBuffer
instanceKlass sun/nio/fs/NativeBuffers
instanceKlass sun/nio/fs/WindowsFileAttributes
instanceKlass java/nio/file/attribute/DosFileAttributes
instanceKlass sun/nio/fs/AbstractBasicFileAttributeView
instanceKlass sun/nio/fs/DynamicFileAttributeView
instanceKlass sun/nio/fs/WindowsFileAttributeViews
instanceKlass sun/nio/fs/Util
instanceKlass java/nio/file/attribute/BasicFileAttributeView
instanceKlass java/nio/file/attribute/FileAttributeView
instanceKlass java/nio/file/attribute/AttributeView
instanceKlass java/nio/file/Files
instanceKlass java/nio/file/CopyOption
instanceKlass java/nio/file/attribute/BasicFileAttributes
instanceKlass sun/nio/fs/WindowsPath
instanceKlass java/util/zip/ZipFile$Source$Key
instanceKlass sun/nio/fs/WindowsPathParser$Result
instanceKlass sun/nio/fs/WindowsPathParser
instanceKlass java/nio/file/FileSystem
instanceKlass java/nio/file/OpenOption
instanceKlass java/nio/file/spi/FileSystemProvider
instanceKlass sun/nio/fs/DefaultFileSystemProvider
instanceKlass java/util/zip/ZipFile$Source
instanceKlass java/util/zip/ZipCoder
instanceKlass java/util/zip/ZipFile$CleanableResource
instanceKlass java/lang/Runtime$Version
instanceKlass java/util/jar/JavaUtilJarAccessImpl
instanceKlass jdk/internal/access/JavaUtilJarAccess
instanceKlass java/nio/charset/CoderResult
instanceKlass java/lang/StringCoding
instanceKlass java/nio/charset/CharsetDecoder
instanceKlass java/lang/Readable
instanceKlass jdk/internal/loader/FileURLMapper
instanceKlass jdk/internal/loader/URLClassPath$JarLoader$1
instanceKlass java/util/zip/ZipFile$1
instanceKlass jdk/internal/access/JavaUtilZipFileAccess
instanceKlass java/util/zip/ZipFile
instanceKlass java/util/zip/ZipConstants
instanceKlass jdk/internal/loader/URLClassPath$Loader
instanceKlass jdk/internal/loader/URLClassPath$3
instanceKlass java/security/PrivilegedExceptionAction
instanceKlass sun/net/util/URLUtil
instanceKlass com/intellij/rt/debugger/agent/CaptureStorage$ConcurrentIdentityWeakHashMap$HardKey
instanceKlass com/intellij/rt/debugger/agent/CaptureStorage$ConcurrentIdentityWeakHashMap$Key
instanceKlass com/intellij/rt/debugger/agent/CaptureStorage$9
instanceKlass com/intellij/rt/debugger/agent/CaptureStorage$Callable
instanceKlass com/intellij/rt/debugger/agent/CaptureStorage$4
instanceKlass java/lang/ThreadLocal$ThreadLocalMap
instanceKlass com/intellij/rt/debugger/agent/SpilledVariablesTransformer$SpillingTransformer
instanceKlass com/intellij/rt/debugger/agent/SpilledVariablesTransformer
instanceKlass com/intellij/rt/debugger/agent/CollectionBreakpointInstrumentor$CollectionBreakpointTransformer
instanceKlass com/intellij/rt/debugger/agent/CollectionBreakpointInstrumentor$KnownMethod
instanceKlass com/intellij/rt/debugger/agent/CollectionBreakpointInstrumentor$KnownMethodsSet
instanceKlass com/intellij/rt/debugger/agent/CollectionBreakpointInstrumentor$ConcurrentIdentityHashMap
instanceKlass com/intellij/rt/debugger/agent/CollectionBreakpointInstrumentor
instanceKlass jdk/internal/event/Event
instanceKlass com/intellij/rt/debugger/agent/SuspendHelper$1
instanceKlass com/intellij/rt/debugger/agent/SuspendHelper
instanceKlass com/intellij/rt/debugger/agent/CaptureAgent$CaptureTransformer
instanceKlass java/lang/ThreadLocal
instanceKlass com/intellij/rt/debugger/agent/CaptureStorage$ConcurrentIdentityWeakHashMap
instanceKlass org/jetbrains/capture/org/objectweb/asm/AnnotationVisitor
instanceKlass org/jetbrains/capture/org/objectweb/asm/Handler
instanceKlass java/util/LinkedHashMap$LinkedHashIterator
instanceKlass java/lang/PublicMethods
instanceKlass com/intellij/rt/debugger/agent/CaptureStorage
instanceKlass org/jetbrains/capture/org/objectweb/asm/Edge
instanceKlass org/jetbrains/capture/org/objectweb/asm/Opcodes
instanceKlass org/jetbrains/capture/org/objectweb/asm/Frame
instanceKlass org/jetbrains/capture/org/objectweb/asm/MethodVisitor
instanceKlass org/jetbrains/capture/org/objectweb/asm/FieldVisitor
instanceKlass org/jetbrains/capture/org/objectweb/asm/Context
instanceKlass org/jetbrains/capture/org/objectweb/asm/Attribute
instanceKlass org/jetbrains/capture/org/objectweb/asm/Symbol
instanceKlass org/jetbrains/capture/org/objectweb/asm/ByteVector
instanceKlass org/jetbrains/capture/org/objectweb/asm/SymbolTable
instanceKlass org/jetbrains/capture/org/objectweb/asm/ClassVisitor
instanceKlass org/jetbrains/capture/org/objectweb/asm/Label
instanceKlass org/jetbrains/capture/org/objectweb/asm/ClassReader
instanceKlass com/intellij/rt/debugger/agent/ClassTransformer
instanceKlass org/jetbrains/capture/org/objectweb/asm/Type
instanceKlass com/intellij/rt/debugger/agent/ThrowableTransformer
instanceKlass java/util/concurrent/ConcurrentHashMap$MapEntry
instanceKlass java/util/Collections$SynchronizedCollection
instanceKlass java/util/Properties$EntrySet
instanceKlass com/intellij/rt/debugger/agent/CaptureAgent$CoroutineOwnerKeyProvider
instanceKlass com/intellij/rt/debugger/agent/CaptureAgent$FieldKeyProvider
instanceKlass com/intellij/rt/debugger/agent/CaptureAgent$InstrumentPoint
instanceKlass com/intellij/rt/debugger/agent/CaptureAgent$1
instanceKlass com/intellij/rt/debugger/agent/CaptureAgent$ParamKeyProvider
instanceKlass com/intellij/rt/debugger/agent/CaptureAgent$KeyProvider
instanceKlass com/intellij/rt/debugger/agent/CaptureAgent
instanceKlass com/intellij/rt/debugger/agent/StateFlowTransformer
instanceKlass java/util/Enumeration
instanceKlass java/util/concurrent/ConcurrentHashMap$Traverser
instanceKlass com/intellij/rt/debugger/agent/SharedFlowTransformer
instanceKlass java/lang/instrument/ClassFileTransformer
instanceKlass java/util/concurrent/ForkJoinPool$ManagedBlocker
instanceKlass java/util/concurrent/locks/AbstractQueuedSynchronizer$Node
instanceKlass java/io/FileInputStream$1
instanceKlass java/util/Properties$LineReader
instanceKlass jdk/internal/ref/CleanerImpl
instanceKlass java/lang/ref/Cleaner$1
instanceKlass java/lang/ref/Cleaner
instanceKlass jdk/internal/ref/CleanerFactory$1
instanceKlass java/util/concurrent/ThreadFactory
instanceKlass jdk/internal/ref/CleanerFactory
instanceKlass java/lang/ref/Cleaner$Cleanable
instanceKlass java/net/URI$Parser
instanceKlass  @bci jdk/internal/reflect/DirectMethodHandleAccessor invokeImpl (Ljava/lang/Object;[Ljava/lang/Object;)Ljava/lang/Object; 72 <adapter> ; # java/lang/invoke/LambdaForm$MH+0x000001c99d002400
# instanceKlass java/lang/invoke/LambdaForm$MH+0x000001c99d002000
# instanceKlass java/lang/invoke/LambdaForm$MH+0x000001c99d001c00
# instanceKlass java/lang/invoke/LambdaForm$MH+0x000001c99d001800
instanceKlass  @bci jdk/internal/net/http/websocket/OpeningHandshake createRequestURI (Ljava/net/URI;)Ljava/net/URI; 56 <appendix> form vmentry <vmtarget> ; # java/lang/invoke/LambdaForm$MH+0x000001c99d001400
# instanceKlass java/lang/invoke/LambdaForm$MH+0x000001c99d001000
instanceKlass  @cpi org/openqa/selenium/json/JsonOutput 696 form vmentry <vmtarget> ; # java/lang/invoke/LambdaForm$DMH+0x000001c99d000c00
instanceKlass com/intellij/rt/debugger/agent/DebuggerAgent
instanceKlass sun/instrument/TransformerManager$TransformerInfo
instanceKlass sun/instrument/TransformerManager
instanceKlass jdk/internal/loader/NativeLibraries$3
instanceKlass jdk/internal/loader/NativeLibrary
instanceKlass java/util/ArrayDeque$DeqIterator
instanceKlass jdk/internal/loader/NativeLibraries$NativeLibraryContext$1
instanceKlass jdk/internal/loader/NativeLibraries$NativeLibraryContext
instanceKlass jdk/internal/loader/NativeLibraries$2
instanceKlass jdk/internal/loader/NativeLibraries$1
instanceKlass jdk/internal/loader/NativeLibraries$LibraryPaths
instanceKlass  @bci sun/instrument/InstrumentationImpl <clinit> ()V 16 <appendix> argL0 ; # sun/instrument/InstrumentationImpl$$Lambda+0x000001c99d041968
instanceKlass sun/instrument/InstrumentationImpl
instanceKlass java/lang/instrument/Instrumentation
instanceKlass java/lang/invoke/StringConcatFactory
instanceKlass jdk/internal/module/ModuleBootstrap$SafeModuleFinder
instanceKlass java/lang/ModuleLayer$Controller
instanceKlass java/util/concurrent/CopyOnWriteArrayList
instanceKlass jdk/internal/module/ServicesCatalog$ServiceProvider
instanceKlass jdk/internal/loader/AbstractClassLoaderValue$Memoizer
instanceKlass jdk/internal/module/ModuleLoaderMap$Modules
instanceKlass jdk/internal/module/ModuleLoaderMap$Mapper
instanceKlass jdk/internal/module/ModuleLoaderMap
instanceKlass java/lang/module/ResolvedModule
instanceKlass java/util/Collections$UnmodifiableCollection$1
instanceKlass java/util/SequencedMap
instanceKlass java/util/SequencedSet
instanceKlass java/lang/ModuleLayer
instanceKlass java/util/ImmutableCollections$ListItr
instanceKlass java/util/ListIterator
instanceKlass java/lang/module/ModuleFinder$1
instanceKlass java/nio/file/Path
instanceKlass java/nio/file/Watchable
instanceKlass java/lang/module/Resolver
instanceKlass java/lang/module/Configuration
instanceKlass  @bci java/util/stream/FindOps$FindSink$OfRef <clinit> ()V 43 <appendix> argL0 ; # java/util/stream/FindOps$FindSink$OfRef$$Lambda+0x800000048
instanceKlass  @bci java/util/stream/FindOps$FindSink$OfRef <clinit> ()V 38 <appendix> argL0 ; # java/util/stream/FindOps$FindSink$OfRef$$Lambda+0x80000004a
instanceKlass  @bci java/util/stream/FindOps$FindSink$OfRef <clinit> ()V 16 <appendix> argL0 ; # java/util/stream/FindOps$FindSink$OfRef$$Lambda+0x800000049
instanceKlass  @bci java/util/stream/FindOps$FindSink$OfRef <clinit> ()V 11 <appendix> argL0 ; # java/util/stream/FindOps$FindSink$OfRef$$Lambda+0x80000004b
instanceKlass java/util/stream/FindOps$FindOp
instanceKlass java/util/stream/FindOps$FindSink
instanceKlass java/util/stream/FindOps
instanceKlass  @bci jdk/internal/module/DefaultRoots exportsAPI (Ljava/lang/module/ModuleDescriptor;)Z 9 <appendix> argL0 ; # jdk/internal/module/DefaultRoots$$Lambda+0x800000051
instanceKlass java/util/stream/Sink$ChainedReference
instanceKlass java/util/stream/ReduceOps$AccumulatingSink
instanceKlass java/util/stream/TerminalSink
instanceKlass java/util/stream/Sink
instanceKlass java/util/function/Consumer
instanceKlass java/util/stream/ReduceOps$Box
instanceKlass java/util/stream/ReduceOps$ReduceOp
instanceKlass java/util/stream/TerminalOp
instanceKlass java/util/stream/ReduceOps
instanceKlass  @bci java/util/stream/Collectors castingIdentity ()Ljava/util/function/Function; 0 <appendix> argL0 ; # java/util/stream/Collectors$$Lambda+0x800000042
instanceKlass  @bci java/util/stream/Collectors toSet ()Ljava/util/stream/Collector; 14 <appendix> argL0 ; # java/util/stream/Collectors$$Lambda+0x800000040
instanceKlass java/util/function/BinaryOperator
instanceKlass  @bci java/util/stream/Collectors toSet ()Ljava/util/stream/Collector; 9 <appendix> argL0 ; # java/util/stream/Collectors$$Lambda+0x800000039
instanceKlass java/util/function/BiConsumer
instanceKlass  @bci java/util/stream/Collectors toSet ()Ljava/util/stream/Collector; 4 <appendix> argL0 ; # java/util/stream/Collectors$$Lambda+0x800000045
instanceKlass java/util/stream/Collector
instanceKlass java/util/Collections$UnmodifiableCollection
instanceKlass java/util/stream/Collectors
instanceKlass  @bci jdk/internal/module/DefaultRoots compute (Ljava/lang/module/ModuleFinder;Ljava/lang/module/ModuleFinder;)Ljava/util/Set; 42 <appendix> argL0 ; # jdk/internal/module/DefaultRoots$$Lambda+0x80000004e
instanceKlass  @bci jdk/internal/module/DefaultRoots compute (Ljava/lang/module/ModuleFinder;Ljava/lang/module/ModuleFinder;)Ljava/util/Set; 32 <appendix> member <vmtarget> ; # jdk/internal/module/DefaultRoots$$Lambda+0x800000052
instanceKlass  @bci jdk/internal/module/DefaultRoots compute (Ljava/lang/module/ModuleFinder;Ljava/lang/module/ModuleFinder;)Ljava/util/Set; 21 <appendix> argL0 ; # jdk/internal/module/DefaultRoots$$Lambda+0x80000004f
instanceKlass  @bci org/openqa/selenium/devtools/Connection <clinit> ()V 21 <appendix> form vmentry <vmtarget> ; # java/lang/invoke/LambdaForm$MH+0x000001c99d000800
instanceKlass  @bci jdk/internal/module/DefaultRoots compute (Ljava/lang/module/ModuleFinder;Ljava/lang/module/ModuleFinder;)Ljava/util/Set; 11 <appendix> argL0 ; # jdk/internal/module/DefaultRoots$$Lambda+0x800000050
instanceKlass java/lang/invoke/LambdaProxyClassArchive
instanceKlass java/lang/invoke/InfoFromMemberName
instanceKlass java/lang/invoke/MethodHandleInfo
instanceKlass jdk/internal/org/objectweb/asm/ConstantDynamic
instanceKlass jdk/internal/org/objectweb/asm/Handle
instanceKlass sun/security/action/GetBooleanAction
instanceKlass java/lang/invoke/AbstractValidatingLambdaMetafactory
instanceKlass java/lang/invoke/BootstrapMethodInvoker
instanceKlass java/util/function/Predicate
instanceKlass java/lang/WeakPairMap$Pair$Lookup
instanceKlass java/lang/WeakPairMap$Pair
instanceKlass java/lang/WeakPairMap
instanceKlass java/lang/Module$ReflectionData
instanceKlass java/lang/invoke/LambdaMetafactory
# instanceKlass java/lang/invoke/LambdaForm$MH+0x000001c99d000400
instanceKlass java/lang/invoke/MethodHandles$Lookup$ClassDefiner
instanceKlass java/lang/invoke/MethodHandles$Lookup$ClassFile
instanceKlass jdk/internal/org/objectweb/asm/Handler
instanceKlass jdk/internal/org/objectweb/asm/Attribute
instanceKlass jdk/internal/org/objectweb/asm/FieldVisitor
instanceKlass java/util/ArrayList$Itr
instanceKlass sun/invoke/empty/Empty
instanceKlass sun/invoke/util/VerifyType
instanceKlass java/lang/invoke/InvokerBytecodeGenerator$ClassData
instanceKlass jdk/internal/org/objectweb/asm/AnnotationVisitor
instanceKlass jdk/internal/org/objectweb/asm/Frame
instanceKlass jdk/internal/org/objectweb/asm/Label
instanceKlass jdk/internal/org/objectweb/asm/Type
instanceKlass jdk/internal/org/objectweb/asm/MethodVisitor
instanceKlass sun/invoke/util/BytecodeDescriptor
instanceKlass jdk/internal/org/objectweb/asm/ByteVector
instanceKlass jdk/internal/org/objectweb/asm/Symbol
instanceKlass jdk/internal/org/objectweb/asm/SymbolTable
instanceKlass jdk/internal/org/objectweb/asm/ClassVisitor
instanceKlass java/lang/invoke/LambdaFormBuffer
instanceKlass java/lang/invoke/LambdaFormEditor$TransformKey
instanceKlass java/lang/invoke/LambdaFormEditor
instanceKlass java/lang/invoke/Invokers$Holder
instanceKlass java/lang/invoke/DelegatingMethodHandle$Holder
instanceKlass java/lang/invoke/DirectMethodHandle$2
instanceKlass java/lang/invoke/ClassSpecializer$Factory
instanceKlass java/lang/invoke/ClassSpecializer$SpeciesData
instanceKlass java/lang/invoke/ClassSpecializer$1
instanceKlass java/lang/invoke/ClassSpecializer
instanceKlass java/lang/invoke/InvokerBytecodeGenerator$1
instanceKlass java/lang/invoke/InvokerBytecodeGenerator
instanceKlass java/lang/invoke/LambdaForm$Holder
instanceKlass java/lang/invoke/LambdaForm$Name
instanceKlass java/lang/reflect/Array
instanceKlass java/lang/invoke/Invokers
instanceKlass sun/invoke/util/ValueConversions
instanceKlass java/lang/invoke/DirectMethodHandle$Holder
instanceKlass java/lang/Void
instanceKlass sun/invoke/util/Wrapper$Format
instanceKlass java/lang/invoke/MethodHandleImpl$1
instanceKlass jdk/internal/access/JavaLangInvokeAccess
instanceKlass java/lang/invoke/LambdaForm$NamedFunction
instanceKlass java/lang/invoke/MethodHandleImpl
instanceKlass jdk/internal/reflect/MethodHandleAccessorFactory$LazyStaticHolder
instanceKlass java/lang/invoke/MethodTypeForm
instanceKlass jdk/internal/util/StrongReferenceKey
instanceKlass jdk/internal/util/ReferenceKey
instanceKlass jdk/internal/util/ReferencedKeyMap
instanceKlass java/lang/invoke/MethodType$1
instanceKlass sun/reflect/annotation/AnnotationParser
instanceKlass java/lang/Class$3
instanceKlass java/lang/PublicMethods$Key
instanceKlass java/lang/PublicMethods$MethodList
instanceKlass java/util/EnumMap$1
instanceKlass java/util/stream/StreamOpFlag$MaskBuilder
instanceKlass java/util/stream/Stream
instanceKlass java/util/stream/BaseStream
instanceKlass java/util/stream/PipelineHelper
instanceKlass java/util/stream/StreamSupport
instanceKlass java/util/Spliterators$IteratorSpliterator
instanceKlass java/util/Spliterator$OfDouble
instanceKlass java/util/Spliterator$OfLong
instanceKlass java/util/Spliterator$OfInt
instanceKlass java/util/Spliterator$OfPrimitive
instanceKlass java/util/Spliterator
instanceKlass java/util/Spliterators$EmptySpliterator
instanceKlass java/util/Spliterators
instanceKlass jdk/internal/module/DefaultRoots
instanceKlass jdk/internal/loader/BuiltinClassLoader$LoadedModule
instanceKlass jdk/internal/loader/AbstractClassLoaderValue
instanceKlass jdk/internal/module/ServicesCatalog
instanceKlass java/security/Principal
instanceKlass java/security/ProtectionDomain$Key
instanceKlass java/security/ProtectionDomain$JavaSecurityAccessImpl
instanceKlass jdk/internal/access/JavaSecurityAccess
instanceKlass java/lang/ClassLoader$ParallelLoaders
instanceKlass java/security/cert/Certificate
instanceKlass java/util/Deque
instanceKlass java/util/Queue
instanceKlass sun/net/util/IPAddressUtil$MASKS
instanceKlass sun/net/util/IPAddressUtil
instanceKlass java/net/URLStreamHandler
instanceKlass java/lang/StringUTF16
instanceKlass sun/net/www/ParseUtil
instanceKlass java/net/URL$3
instanceKlass jdk/internal/access/JavaNetURLAccess
instanceKlass java/net/URL$DefaultFactory
instanceKlass java/net/URLStreamHandlerFactory
instanceKlass jdk/internal/loader/URLClassPath
instanceKlass jdk/internal/loader/ArchivedClassLoaders
instanceKlass java/util/concurrent/ConcurrentHashMap$CollectionView
instanceKlass jdk/internal/loader/ClassLoaderHelper
instanceKlass jdk/internal/loader/NativeLibraries
instanceKlass java/lang/Module$EnableNativeAccess
instanceKlass jdk/internal/loader/BootLoader
instanceKlass java/util/Optional
instanceKlass jdk/internal/module/SystemModuleFinders$SystemModuleFinder
instanceKlass java/lang/module/ModuleFinder
instanceKlass jdk/internal/module/SystemModuleFinders$3
instanceKlass jdk/internal/module/ModuleHashes$HashSupplier
instanceKlass jdk/internal/module/SystemModuleFinders$2
instanceKlass java/util/function/Supplier
instanceKlass java/lang/module/ModuleReference
instanceKlass jdk/internal/module/ModuleResolution
instanceKlass java/util/Collections$UnmodifiableMap
instanceKlass jdk/internal/module/ModuleHashes$Builder
instanceKlass jdk/internal/module/ModuleHashes
instanceKlass jdk/internal/module/ModuleTarget
instanceKlass java/util/ImmutableCollections$Set12$1
instanceKlass java/lang/reflect/AccessFlag$18
instanceKlass java/lang/reflect/AccessFlag$17
instanceKlass java/lang/reflect/AccessFlag$16
instanceKlass java/lang/reflect/AccessFlag$15
instanceKlass java/lang/reflect/AccessFlag$14
instanceKlass java/lang/reflect/AccessFlag$13
instanceKlass java/lang/reflect/AccessFlag$12
instanceKlass java/lang/reflect/AccessFlag$11
instanceKlass java/lang/reflect/AccessFlag$10
instanceKlass java/lang/reflect/AccessFlag$9
instanceKlass java/lang/reflect/AccessFlag$8
instanceKlass java/lang/reflect/AccessFlag$7
instanceKlass java/lang/reflect/AccessFlag$6
instanceKlass java/lang/reflect/AccessFlag$5
instanceKlass java/lang/reflect/AccessFlag$4
instanceKlass java/lang/reflect/AccessFlag$3
instanceKlass java/lang/reflect/AccessFlag$2
instanceKlass java/lang/reflect/AccessFlag$1
instanceKlass java/lang/module/ModuleDescriptor$Version
instanceKlass java/lang/module/ModuleDescriptor$Provides
instanceKlass java/lang/module/ModuleDescriptor$Opens
instanceKlass java/util/ImmutableCollections$SetN$SetNIterator
instanceKlass java/lang/module/ModuleDescriptor$Exports
instanceKlass java/lang/module/ModuleDescriptor$Requires
instanceKlass jdk/internal/module/Builder
instanceKlass jdk/internal/module/SystemModules$all
instanceKlass jdk/internal/module/SystemModules
instanceKlass jdk/internal/module/SystemModulesMap
instanceKlass java/net/URI$1
instanceKlass jdk/internal/access/JavaNetUriAccess
instanceKlass java/net/URI
instanceKlass jdk/internal/module/SystemModuleFinders
instanceKlass jdk/internal/module/ArchivedModuleGraph
instanceKlass jdk/internal/module/ArchivedBootLayer
instanceKlass jdk/internal/module/ModuleBootstrap$Counters
instanceKlass jdk/internal/module/ModulePatcher
instanceKlass java/io/FileSystem
instanceKlass java/io/DefaultFileSystem
instanceKlass java/io/File
instanceKlass java/lang/module/ModuleDescriptor$1
instanceKlass jdk/internal/access/JavaLangModuleAccess
instanceKlass sun/invoke/util/VerifyAccess
instanceKlass java/util/KeyValueHolder
instanceKlass java/util/ImmutableCollections$MapN$MapNIterator
instanceKlass java/lang/StrictMath
instanceKlass java/lang/invoke/MethodHandles$Lookup
instanceKlass java/lang/invoke/MemberName$Factory
instanceKlass java/lang/invoke/MethodHandles
instanceKlass java/lang/module/ModuleDescriptor
instanceKlass jdk/internal/module/ModuleBootstrap
instanceKlass java/lang/Character$CharacterCache
instanceKlass java/util/HexFormat
instanceKlass jdk/internal/util/ClassFileDumper
instanceKlass sun/security/action/GetPropertyAction
instanceKlass java/lang/invoke/MethodHandleStatics
instanceKlass jdk/internal/misc/Blocker
instanceKlass java/util/concurrent/locks/AbstractQueuedSynchronizer$ConditionObject
instanceKlass java/util/concurrent/locks/Condition
instanceKlass java/util/Collections
instanceKlass java/lang/Thread$ThreadIdentifiers
instanceKlass sun/io/Win32ErrorMode
instanceKlass jdk/internal/misc/OSEnvironment
instanceKlass java/lang/Integer$IntegerCache
instanceKlass jdk/internal/misc/Signal$NativeHandler
instanceKlass java/util/Hashtable$Entry
instanceKlass jdk/internal/misc/Signal
instanceKlass java/lang/Terminator$1
instanceKlass jdk/internal/misc/Signal$Handler
instanceKlass java/lang/Terminator
instanceKlass java/nio/ByteOrder
instanceKlass java/nio/Buffer$2
instanceKlass jdk/internal/access/JavaNioAccess
instanceKlass java/nio/Buffer$1
instanceKlass jdk/internal/misc/ScopedMemoryAccess
instanceKlass java/nio/charset/CodingErrorAction
instanceKlass java/nio/charset/CharsetEncoder
instanceKlass java/io/Writer
instanceKlass java/io/PrintStream$1
instanceKlass jdk/internal/access/JavaIOPrintStreamAccess
instanceKlass jdk/internal/misc/InternalLock
instanceKlass java/io/OutputStream
instanceKlass java/io/Flushable
instanceKlass java/io/FileDescriptor$1
instanceKlass jdk/internal/access/JavaIOFileDescriptorAccess
instanceKlass java/io/FileDescriptor
instanceKlass jdk/internal/util/StaticProperty
instanceKlass jdk/internal/reflect/MethodHandleAccessorFactory
instanceKlass java/lang/reflect/Modifier
instanceKlass java/lang/Class$1
instanceKlass java/lang/Class$Atomic
instanceKlass java/lang/Class$ReflectionData
instanceKlass java/nio/charset/StandardCharsets
instanceKlass sun/nio/cs/HistoricallyNamedCharset
instanceKlass java/nio/charset/spi/CharsetProvider
instanceKlass java/nio/charset/Charset
instanceKlass java/util/HashMap$HashIterator
instanceKlass java/util/concurrent/locks/LockSupport
instanceKlass java/util/concurrent/ConcurrentHashMap$Node
instanceKlass java/util/concurrent/ConcurrentHashMap$CounterCell
instanceKlass java/util/concurrent/locks/ReentrantLock
instanceKlass java/util/concurrent/locks/Lock
instanceKlass java/lang/CharacterData
instanceKlass java/util/Arrays
instanceKlass jdk/internal/util/Preconditions$3
instanceKlass jdk/internal/util/Preconditions$2
instanceKlass jdk/internal/util/Preconditions$4
instanceKlass java/util/function/BiFunction
instanceKlass jdk/internal/util/Preconditions$1
instanceKlass java/util/function/Function
instanceKlass jdk/internal/util/Preconditions
instanceKlass java/lang/Runtime
instanceKlass java/lang/VersionProps
instanceKlass java/lang/StringConcatHelper
instanceKlass java/util/HashMap$Node
instanceKlass java/util/Map$Entry
instanceKlass jdk/internal/util/ArraysSupport
instanceKlass jdk/internal/util/SystemProps$Raw
instanceKlass jdk/internal/util/SystemProps
instanceKlass java/lang/System$2
instanceKlass jdk/internal/access/JavaLangAccess
instanceKlass java/lang/ref/NativeReferenceQueue$Lock
instanceKlass java/lang/ref/ReferenceQueue
instanceKlass java/lang/ref/Reference$1
instanceKlass jdk/internal/access/JavaLangRefAccess
instanceKlass jdk/internal/reflect/ReflectionFactory
instanceKlass java/lang/Math
instanceKlass java/lang/StringLatin1
instanceKlass jdk/internal/reflect/Reflection
instanceKlass jdk/internal/reflect/ReflectionFactory$GetReflectionFactoryAction
instanceKlass java/security/PrivilegedAction
instanceKlass jdk/internal/access/SharedSecrets
instanceKlass java/lang/reflect/ReflectAccess
instanceKlass jdk/internal/access/JavaLangReflectAccess
instanceKlass java/util/ImmutableCollections
instanceKlass java/util/Objects
instanceKlass java/util/Set
instanceKlass jdk/internal/misc/CDS
instanceKlass java/lang/Module$ArchivedData
instanceKlass jdk/internal/misc/VM
instanceKlass java/lang/String$CaseInsensitiveComparator
instanceKlass java/util/Comparator
instanceKlass java/io/ObjectStreamField
instanceKlass jdk/internal/vm/FillerObject
instanceKlass jdk/internal/vm/vector/VectorSupport$VectorPayload
instanceKlass jdk/internal/vm/vector/VectorSupport
instanceKlass java/lang/reflect/RecordComponent
instanceKlass java/util/Iterator
instanceKlass java/lang/Number
instanceKlass java/lang/Character
instanceKlass java/lang/Boolean
instanceKlass java/util/concurrent/locks/AbstractOwnableSynchronizer
instanceKlass java/lang/LiveStackFrame
instanceKlass java/lang/StackFrameInfo
instanceKlass java/lang/StackWalker$StackFrame
instanceKlass java/lang/StackStreamFactory$AbstractStackWalker
instanceKlass java/lang/StackWalker
instanceKlass java/nio/Buffer
instanceKlass java/lang/StackTraceElement
instanceKlass java/util/RandomAccess
instanceKlass java/util/List
instanceKlass java/util/SequencedCollection
instanceKlass java/util/AbstractCollection
instanceKlass java/util/Collection
instanceKlass java/lang/Iterable
instanceKlass java/util/concurrent/ConcurrentMap
instanceKlass java/util/AbstractMap
instanceKlass java/security/CodeSource
instanceKlass jdk/internal/loader/ClassLoaders
instanceKlass java/util/jar/Manifest
instanceKlass java/lang/Enum
instanceKlass java/net/URL
instanceKlass java/io/InputStream
instanceKlass java/io/Closeable
instanceKlass java/lang/AutoCloseable
instanceKlass jdk/internal/module/Modules
instanceKlass jdk/internal/misc/Unsafe
instanceKlass jdk/internal/misc/UnsafeConstants
instanceKlass java/lang/AbstractStringBuilder
instanceKlass java/lang/Appendable
instanceKlass java/lang/AssertionStatusDirectives
instanceKlass jdk/internal/foreign/abi/ABIDescriptor
instanceKlass jdk/internal/foreign/abi/NativeEntryPoint
instanceKlass java/lang/invoke/CallSite
instanceKlass java/lang/invoke/MethodType
instanceKlass java/lang/invoke/TypeDescriptor$OfMethod
instanceKlass java/lang/invoke/LambdaForm
instanceKlass java/lang/invoke/MethodHandleNatives
instanceKlass java/lang/invoke/ResolvedMethodName
instanceKlass java/lang/invoke/MemberName
instanceKlass java/lang/invoke/VarHandle
instanceKlass java/lang/invoke/MethodHandle
instanceKlass jdk/internal/reflect/CallerSensitive
instanceKlass java/lang/annotation/Annotation
instanceKlass jdk/internal/reflect/FieldAccessor
instanceKlass jdk/internal/reflect/ConstantPool
instanceKlass jdk/internal/reflect/ConstructorAccessor
instanceKlass jdk/internal/reflect/MethodAccessor
instanceKlass jdk/internal/reflect/MagicAccessorImpl
instanceKlass jdk/internal/vm/StackChunk
instanceKlass jdk/internal/vm/Continuation
instanceKlass jdk/internal/vm/ContinuationScope
instanceKlass java/lang/reflect/Parameter
instanceKlass java/lang/reflect/Member
instanceKlass java/lang/reflect/AccessibleObject
instanceKlass java/lang/Module
instanceKlass java/util/Map
instanceKlass java/util/Dictionary
instanceKlass java/lang/ThreadGroup
instanceKlass java/lang/Thread$UncaughtExceptionHandler
instanceKlass java/lang/Thread$Constants
instanceKlass java/lang/Thread$FieldHolder
instanceKlass java/lang/Thread
instanceKlass java/lang/Runnable
instanceKlass java/lang/ref/Reference
instanceKlass java/lang/Record
instanceKlass java/security/AccessController
instanceKlass java/security/AccessControlContext
instanceKlass java/security/ProtectionDomain
instanceKlass java/lang/SecurityManager
instanceKlass java/lang/Throwable
instanceKlass java/lang/System
instanceKlass java/lang/ClassLoader
instanceKlass java/lang/Cloneable
instanceKlass java/lang/Class
instanceKlass java/lang/invoke/TypeDescriptor$OfField
instanceKlass java/lang/invoke/TypeDescriptor
instanceKlass java/lang/reflect/Type
instanceKlass java/lang/reflect/GenericDeclaration
instanceKlass java/lang/reflect/AnnotatedElement
instanceKlass java/lang/String
instanceKlass java/lang/constant/ConstantDesc
instanceKlass java/lang/constant/Constable
instanceKlass java/lang/CharSequence
instanceKlass java/lang/Comparable
instanceKlass java/io/Serializable
ciInstanceKlass java/lang/Object 1 1 124 7 1 10 12 1 1 10 7 12 1 1 1 10 7 12 1 1 1 10 12 1 1 8 1 10 12 1 1 10 7 12 1 1 1 10 12 1 10 12 1 1 10 7 12 1 1 1 10 12 1 10 12 1 7 1 10 7 12 1 1 1 10 12 1 1 10 12 1 100 1 8 1 10 12 1 3 8 1 7 1 5 0 1 1 1 1 1 1 1 1 1 1 1 1 1 1 1 1 7 1 1 1 1 1 1 1 1 1 1 7 1 1 1 1 1 1 1 1 1 1 3 1 1
ciInstanceKlass java/io/Serializable 1 0 7 100 1 100 1 1 1
ciInstanceKlass java/lang/System 1 1 834 10 7 12 1 1 1 9 7 12 1 1 1 10 12 1 10 12 1 1 10 12 1 1 10 12 1 9 12 1 1 10 7 12 1 1 1 11 100 12 1 1 1 10 100 12 1 1 1 10 12 1 1 10 12 1 1 100 1 8 1 10 12 1 10 7 12 1 1 1 10 7 12 1 1 1 18 12 1 1 10 7 12 1 1 1 7 1 10 12 1 1 10 7 12 1 1 1 10 12 1 10 7 12 1 1 1 9 100 12 1 1 1 10 7 12 1 1 1 11 7 12 1 1 1 10 12 1 1 10 7 12 1 1 1 7 1 10 10 12 1 1 8 1 10 12 1 8 1 10 12 1 9 12 1 1 8 1 10 7 12 1 1 1 10 12 1 1 100 1 8 1 10 9 12 1 1 8 1 10 12 1 1 10 100 12 1 1 1 8 1 10 12 1 7 1 10 12 1 8 1 10 12 1 10 12 1 1 100 1 10 12 10 12 1 9 12 1 1 9 12 1 1 10 7 12 1 1 1 10 7 12 1 1 1 10 12 1 1 10 12 1 10 12 1 10 7 12 1 1 1 10 12 1 100 1 100 1 8 1 10 12 1 10 12 1 1 7 1 10 12 1 100 1 8 1 10 10 12 1 100 1 8 1 10 8 1 10 7 12 1 1 8 1 10 12 100 1 8 1 10 10 12 1 1 10 7 12 1 1 1 100 1 18 12 1 100 1 9 100 12 1 1 1 10 12 1 100 1 10 12 1 1 10 12 1 1 10 7 12 1 1 1 10 12 1 1 10 12 1 10 12 1 10 12 1 1 10 12 1 7 1 10 12 1 9 7 12 1 1 1 10 7 12 1 1 1 10 12 1 10 12 1 10 7 12 1 1 1 7 1 8 1 10 9 12 1 9 12 1 10 12 1 10 7 12 1 1 10 12 1 10 12 1 1 8 1 10 12 1 1 8 1 11 12 1 10 12 11 12 1 1 11 7 12 1 1 1 11 7 12 1 1 11 12 1 1 7 1 11 12 1 10 12 1 8 1 10 12 1 1 8 1 8 1 8 1 8 1 11 12 1 10 12 1 10 12 1 10 12 1 8 1 10 12 1 1 8 1 9 12 1 8 1 10 7 12 1 1 8 1 7 1 9 7 12 1 1 1 10 12 1 7 1 9 12 10 9 12 7 1 10 12 9 12 1 1 8 1 10 12 1 1 8 1 10 7 12 1 1 10 12 1 10 12 1 1 11 7 12 1 1 10 12 10 7 12 1 1 1 9 12 1 1 7 1 8 1 10 12 1 1 10 7 12 1 1 1 7 1 10 12 1 1 10 12 1 8 1 8 1 10 8 1 8 1 8 1 8 1 10 10 7 12 1 1 10 12 1 10 12 1 1 10 12 1 1 10 12 1 10 100 12 1 1 1 10 7 1 8 1 10 10 10 12 1 1 10 12 1 1 8 1 10 12 1 8 1 8 1 10 12 1 10 7 12 1 1 1 10 12 1 1 7 1 10 10 12 1 10 12 1 9 12 1 1 3 1 3 1 1 1 1 1 1 1 1 1 1 1 1 100 1 1 7 1 1 1 1 1 1 1 1 1 1 1 100 1 7 1 1 1 1 1 1 1 1 1 1 1 1 1 1 1 1 1 1 1 1 1 1 1 1 1 1 1 1 1 1 1 1 1 1 1 1 1 1 1 1 1 1 1 1 1 1 1 1 1 1 1 1 1 1 1 1 1 1 100 1 1 1 1 1 1 1 1 1 1 1 1 1 1 1 1 1 1 1 1 1 1 1 1 1 1 1 1 1 1 1 1 1 100 1 1 16 15 10 12 1 1 16 15 10 12 16 1 15 10 100 12 1 1 1 1 1 1 1 1 1 100 1 100 1 1
staticfield java/lang/System in Ljava/io/InputStream; java/io/BufferedInputStream
staticfield java/lang/System out Ljava/io/PrintStream; java/io/PrintStream
staticfield java/lang/System err Ljava/io/PrintStream; java/io/PrintStream
ciInstanceKlass java/lang/SecurityManager 0 0 576 10 7 12 1 1 1 9 7 12 1 1 1 10 7 12 1 1 1 100 1 8 1 10 12 1 10 12 1 1 10 7 12 1 1 1 10 7 1 10 100 1 10 9 100 12 1 1 1 10 7 12 1 1 1 10 12 1 1 10 7 12 1 1 100 1 8 1 10 9 12 1 1 9 12 1 8 1 9 12 1 7 1 10 8 1 10 12 1 1 10 12 1 10 12 1 1 100 1 10 10 12 1 1 100 1 8 1 10 12 1 8 1 8 1 8 1 8 1 8 1 8 1 10 12 1 8 1 8 1 8 1 8 1 8 1 10 7 12 1 1 1 10 12 1 1 8 1 100 1 8 1 10 8 1 8 1 8 1 8 1 8 1 10 100 12 1 1 8 1 100 1 8 1 8 1 10 8 1 10 12 1 100 1 8 1 10 10 12 1 1 10 12 1 10 12 1 10 12 1 10 100 12 1 1 1 10 12 1 10 100 12 1 1 11 100 12 1 1 1 18 12 1 1 11 100 12 1 1 1 18 12 1 1 11 12 1 1 18 18 11 12 1 18 12 1 11 12 1 1 9 12 1 1 9 12 1 9 12 1 9 12 1 100 1 10 100 12 1 1 10 12 1 10 12 1 18 12 1 18 10 100 12 1 1 1 18 12 1 10 12 1 18 18 8 1 10 12 1 9 12 1 1 11 7 12 1 1 1 8 1 100 1 10 12 1 10 12 1 1 10 12 1 1 9 12 1 1 10 12 1 10 12 1 1 8 1 100 1 10 9 12 1 8 1 10 12 1 8 1 100 1 10 10 100 12 1 1 10 100 1 9 7 12 1 1 1 11 12 1 1 10 12 1 11 12 1 10 12 1 7 1 10 10 12 1 1 10 12 1 1 1 1 1 1 1 1 1 1 1 7 1 1 1 1 1 1 1 1 1 1 1 1 1 1 1 1 1 1 1 1 1 1 1 1 1 1 1 1 1 1 1 1 1 1 1 1 1 1 1 1 1 1 1 1 1 1 1 1 1 1 1 1 1 1 1 1 3 1 1 1 1 1 1 1 1 1 1 100 1 1 1 1 1 1 1 1 1 1 1 1 1 1 1 1 1 1 1 1 1 1 1 1 1 1 1 1 1 1 1 1 1 1 1 1 1 1 16 15 10 7 12 1 1 1 16 1 16 15 10 12 16 1 15 10 12 16 15 11 7 1 16 1 16 1 15 10 12 16 15 10 12 16 15 10 12 1 16 1 15 11 12 1 15 10 12 16 15 10 16 1 15 10 100 12 1 1 1 1 1 1 100 1 100 1 1
ciInstanceKlass java/security/AccessController 1 1 295 10 7 12 1 1 1 10 7 12 1 1 1 10 7 12 1 1 1 10 12 1 1 10 12 1 1 10 7 12 1 1 1 10 12 1 1 10 12 1 10 12 1 1 10 12 1 100 1 8 1 10 12 1 10 12 1 10 12 1 1 10 12 1 7 1 7 1 10 12 1 1 10 12 1 10 12 1 10 12 1 1 10 7 12 1 1 1 10 12 1 1 9 100 12 1 1 1 10 7 12 1 1 1 10 12 1 10 12 1 9 100 12 1 1 1 10 12 1 10 12 1 1 9 12 1 1 10 100 1 10 11 7 12 1 1 1 10 7 12 1 1 11 7 1 7 1 10 12 1 10 12 1 10 12 1 8 1 10 12 1 1 8 1 10 100 12 1 1 1 8 1 7 1 10 10 12 1 1 10 12 1 10 7 12 1 1 1 10 12 1 8 1 10 7 12 1 1 8 1 8 1 10 12 1 8 1 10 12 1 10 12 1 1 10 12 1 1 1 1 1 1 1 1 1 1 1 1 1 1 1 1 1 1 1 1 1 1 1 1 1 1 1 1 100 1 1 1 1 1 1 1 1 1 1 1 1 1 1 1 1 1 1 1 1 1 1 1 1 1 1 1 1 1 1 1 1 1 1 100 1 7 1 1 1 1 1 1 1 1 1 3 1 1 1
staticfield java/security/AccessController $assertionsDisabled Z 1
ciInstanceKlass java/security/ProtectionDomain 1 1 348 10 7 12 1 1 1 9 7 12 1 1 1 7 1 10 9 12 1 1 9 12 1 1 9 12 1 1 10 7 12 1 1 7 1 9 12 1 9 12 1 1 7 1 9 12 1 1 9 12 1 10 100 12 1 1 10 100 12 1 1 1 10 12 1 1 10 12 1 9 12 1 9 100 12 1 1 10 12 1 1 10 100 1 10 12 1 1 8 1 7 1 8 1 10 12 1 10 11 10 7 12 1 1 1 10 12 1 1 8 1 11 8 1 10 12 1 8 1 8 1 10 12 1 1 10 12 1 10 12 1 1 10 12 1 8 1 10 12 1 8 1 8 1 10 7 12 1 1 1 9 100 12 1 1 1 10 12 1 1 9 100 12 1 1 1 10 7 12 1 1 1 100 1 18 12 1 1 10 7 12 1 1 1 10 7 1 10 12 1 10 12 1 1 11 100 12 1 1 11 12 1 100 1 11 7 12 1 1 1 10 12 1 10 11 12 1 1 11 12 1 1 10 12 1 10 7 12 1 1 10 100 12 1 1 11 12 1 10 12 10 12 1 8 1 8 1 10 7 12 1 1 1 7 1 10 10 7 12 1 1 1 1 1 1 1 1 1 1 7 1 1 7 1 1 1 1 1 1 1 1 1 1 1 1 1 1 1 1 1 1 1 1 1 1 1 1 1 1 1 1 1 1 1 1 1 1 1 1 1 1 1 1 1 1 1 1 7 1 1 1 1 1 1 100 1 1 16 15 10 12 16 15 10 100 12 1 1 1 1 1 1 1 100 1 100 1 1
staticfield java/security/ProtectionDomain filePermCompatInPD Z 0
ciInstanceKlass java/security/CodeSource 1 1 398 10 7 12 1 1 1 9 7 12 1 1 1 9 12 1 1 9 12 1 1 9 12 1 1 10 7 12 1 1 1 9 12 1 1 10 100 12 1 1 10 100 10 7 12 1 1 1 10 100 12 1 1 1 10 12 1 1 7 1 10 10 100 12 1 1 1 10 100 12 1 1 1 10 12 1 1 100 1 10 12 1 1 10 12 1 1 10 12 1 1 10 12 1 10 10 10 12 1 1 10 7 12 1 1 1 10 12 1 10 12 1 10 12 1 8 1 10 12 1 10 12 1 10 12 1 1 10 12 1 8 1 10 12 1 1 10 7 1 10 10 12 1 1 8 1 10 12 1 10 12 1 10 12 1 8 1 8 1 9 12 1 1 100 1 8 1 10 12 1 10 12 1 1 8 1 10 12 1 8 1 8 1 8 1 10 100 12 1 1 10 12 1 1 10 12 1 10 12 1 1 10 12 1 1 10 12 1 1 100 1 100 1 10 12 1 10 12 10 12 1 1 10 100 12 1 1 10 12 1 7 1 10 12 10 100 12 1 1 1 10 8 1 10 12 1 10 12 1 10 12 1 1 100 1 10 12 1 1 100 1 7 1 8 1 8 1 10 10 12 1 1 10 100 12 1 1 1 7 1 10 12 10 12 1 1 11 7 12 1 1 10 10 12 1 11 10 12 1 8 1 100 1 10 12 1 10 12 1 1 10 12 1 11 12 1 1 7 1 1 1 1 5 0 1 1 1 1 1 1 1 1 1 1 1 1 1 1 1 1 1 1 1 1 1 1 1 1 1 1 1 1 1 1 1 1 1 1 1 1 1 1 1 1 1 1 1 1 1 1 1 1 1 1 1 1 1 1 1 1 1 1 1 1 1 1 1 1 1 1 100 1 1 1 1 1 1 1
ciInstanceKlass java/lang/Boolean 1 1 152 10 7 12 1 1 1 9 7 12 1 1 1 10 12 1 1 10 12 1 8 1 10 7 12 1 1 9 12 1 1 9 12 1 10 12 1 1 10 12 1 1 10 12 1 1 10 7 12 1 1 1 100 1 100 1 10 12 1 1 9 100 12 1 1 9 12 10 100 12 1 1 1 10 12 1 1 8 1 10 7 12 1 1 1 9 12 1 1 7 1 7 1 7 1 1 1 1 1 1 5 0 1 1 1 1 1 1 1 1 1 1 3 1 1 1 1 1 1 1 1 1 1 1 1 1 1 1 1 1 1 7 1 1 1 1 1 1 1 1 1 1 100 1 1 1 1 1 1 1 1 1
staticfield java/lang/Boolean TRUE Ljava/lang/Boolean; java/lang/Boolean
staticfield java/lang/Boolean FALSE Ljava/lang/Boolean; java/lang/Boolean
staticfield java/lang/Boolean TYPE Ljava/lang/Class; java/lang/Class
ciInstanceKlass java/lang/Comparable 1 0 12 100 1 100 1 1 1 1 1 1 1 1
ciInstanceKlass java/lang/constant/Constable 1 0 11 100 1 100 1 1 1 1 1 1 1
ciInstanceKlass java/util/Map 1 1 263 11 7 12 1 1 1 11 12 1 1 10 7 12 1 1 11 12 1 1 11 7 12 1 1 1 11 7 12 1 1 1 11 12 1 1 7 1 11 12 1 11 12 1 100 1 100 1 10 12 1 1 11 7 12 1 1 1 11 100 12 1 1 1 11 12 1 11 12 1 10 12 1 1 11 12 1 11 7 12 1 9 7 12 1 1 1 7 1 10 12 7 1 7 1 10 12 1 7 1 10 7 1 11 12 1 11 12 1 1 11 12 1 1 7 1 11 12 1 1 1 1 1 1 1 1 1 1 1 1 1 1 1 1 1 1 1 1 1 1 1 1 1 1 1 1 1 1 1 1 1 1 1 1 1 1 1 1 1 1 1 1 1 1 1 1 1 1 1 1 1 1 1 1 1 1 1 1 1 1 1 1 1 1 1 1 1 1 1 1 1 1 1 1 1 1 1 1 1 1 1 1 1 1 1 1 1 1 1 1 1 1 1 1 1 1 1 1 1 1 1 1 1 1 1 1 1 1 1 1 1 1 1 1 1 1 1 1 1 1 1 1 1 1 100 1 1 1 1 1 1 1 1 1 1 1 1 1 1 1 1 1 1
ciInstanceKlass java/lang/Class 1 1 1687 10 7 12 1 1 1 9 7 12 1 1 1 9 12 1 1 10 12 1 1 8 1 10 12 1 8 1 8 1 10 12 1 1 10 7 12 1 1 1 10 12 1 7 1 10 10 12 1 10 12 1 1 10 12 1 1 10 12 1 1 10 7 12 1 1 10 12 1 10 12 1 10 12 1 8 1 10 12 1 8 1 10 12 1 8 1 8 1 10 12 1 1 10 7 12 1 1 1 18 12 1 1 11 7 12 1 1 1 8 1 8 1 8 1 10 7 12 1 1 1 11 12 1 1 8 1 10 12 1 10 11 100 12 1 1 1 11 7 12 1 1 1 11 8 1 18 8 1 10 12 1 10 7 12 1 1 10 12 1 1 10 7 12 1 1 1 10 12 1 1 10 12 1 1 10 7 12 1 1 1 10 12 9 100 12 1 1 1 10 7 12 1 1 1 10 12 1 10 7 12 1 1 1 10 12 1 1 18 12 1 1 10 7 12 1 1 1 10 7 12 1 10 12 1 1 10 7 1 7 1 10 12 1 1 9 12 1 1 7 1 8 1 10 12 1 10 12 1 1 10 12 1 1 10 7 12 1 1 1 7 1 10 12 1 7 1 7 1 10 10 12 1 1 10 12 1 1 100 1 10 7 12 1 1 1 10 12 1 1 10 12 1 1 9 12 1 1 10 12 1 10 12 1 1 9 12 1 1 9 12 1 1 10 12 1 1 10 7 1 10 12 1 10 12 1 10 12 1 1 10 9 12 1 10 12 1 8 1 10 12 1 1 10 12 1 1 10 12 1 10 12 1 1 10 12 1 1 10 12 1 1 9 7 12 1 1 1 10 7 12 1 1 10 12 10 12 1 10 12 1 10 12 1 10 12 1 9 100 12 1 1 1 9 12 1 10 12 1 10 100 12 1 1 1 10 12 1 1 10 100 12 1 1 10 12 1 10 12 1 1 10 100 12 1 1 1 10 12 1 10 12 1 1 10 12 1 10 12 1 10 12 1 1 10 7 1 10 10 10 12 1 1 10 12 1 1 10 12 10 10 12 1 1 7 1 8 1 10 10 12 1 1 10 12 1 100 1 11 12 1 10 100 12 1 1 10 12 1 10 12 1 10 100 12 1 1 10 10 12 1 1 8 1 10 12 1 10 12 1 1 8 1 10 12 1 9 12 1 10 12 1 10 12 1 10 12 1 10 12 7 1 9 12 1 10 12 1 9 12 1 10 12 1 10 12 1 10 12 1 10 10 12 1 10 12 1 10 7 12 1 1 10 12 1 10 12 1 10 12 1 1 10 12 1 10 12 1 10 12 1 100 1 10 12 1 10 12 1 1 10 12 1 1 10 12 1 1 10 12 1 1 10 12 1 1 10 12 1 1 7 1 10 10 12 1 1 10 12 1 1 10 12 1 1 10 10 12 1 10 12 1 1 10 12 1 1 10 12 1 1 10 12 1 1 7 1 10 10 12 11 7 12 1 1 10 12 1 10 12 1 10 7 12 1 1 1 10 12 1 1 10 10 12 1 1 7 1 10 10 12 1 1 10 7 12 1 1 1 100 1 7 1 10 12 1 1 10 12 1 10 10 12 1 1 10 12 1 10 12 1 10 12 1 10 100 12 1 1 1 11 7 12 1 1 10 12 1 10 12 1 9 12 1 10 12 1 1 10 12 1 9 7 12 1 1 1 9 12 1 10 100 12 1 1 1 10 12 1 10 12 1 10 100 12 1 1 1 10 12 1 10 12 10 12 1 1 100 1 10 8 1 10 12 1 11 11 12 1 1 11 7 12 1 1 11 12 1 8 1 10 12 1 10 12 1 1 9 12 1 9 12 1 1 10 7 12 1 1 9 12 1 10 12 1 1 10 10 12 1 10 7 12 1 1 1 10 7 12 1 1 10 7 12 1 1 9 12 1 1 10 12 1 9 12 1 10 12 1 10 12 1 1 9 12 1 1 9 12 1 10 12 1 10 12 1 1 9 12 1 7 1 10 10 12 1 1 7 1 10 12 1 1 7 11 7 1 9 12 1 1 9 12 1 7 1 10 12 1 9 12 1 1 9 12 1 10 12 1 10 12 1 1 9 12 1 7 1 10 10 12 1 1 10 10 12 1 10 12 10 10 12 1 9 12 1 10 12 1 1 10 7 12 1 1 1 10 12 1 1 10 12 1 8 10 7 8 1 18 8 1 8 1 10 12 1 9 12 1 9 12 1 1 10 12 1 7 1 7 1 10 12 1 9 12 1 1 7 1 10 10 12 1 10 7 1 9 12 1 8 1 10 12 1 7 1 10 12 1 10 12 1 1 100 1 7 1 9 12 1 100 1 8 1 10 10 7 12 1 1 1 10 12 11 7 12 1 1 1 10 12 1 10 12 1 1 10 8 1 8 1 10 12 1 1 9 7 12 1 1 11 12 7 1 11 7 12 1 1 9 12 1 10 100 12 1 1 1 10 7 12 1 1 10 12 1 1 9 12 1 9 10 12 1 1 10 12 1 1 10 12 1 1 10 12 1 1 10 12 1 1 11 12 1 7 1 11 12 1 10 7 12 1 1 1 10 12 1 11 12 1 10 100 12 1 1 1 10 12 1 10 100 12 1 1 1 11 12 1 11 12 1 1 10 12 1 10 12 1 1 9 12 1 1 9 100 12 1 1 10 12 1 10 100 12 1 1 1 10 12 1 1 10 12 1 10 12 1 10 12 1 10 7 12 1 1 1 10 12 1 8 1 10 12 1 10 12 1 10 12 1 100 1 10 12 10 100 12 1 1 1 11 100 12 1 1 1 10 12 1 1 10 12 1 18 12 1 1 11 12 1 1 18 11 12 1 18 12 1 11 12 1 10 12 1 1 10 12 1 10 12 1 10 12 1 10 12 1 10 12 10 12 1 8 1 10 12 1 7 1 9 12 1 1 7 1 7 1 7 1 7 1 1 1 3 1 3 1 3 1 1 1 1 1 1 1 5 0 1 1 1 1 1 1 1 1 1 1 1 1 1 1 1 1 1 1 1 1 1 1 1 1 100 1 1 1 1 1 1 1 100 1 1 1 1 1 7 1 1 1 1 1 1 1 1 1 1 1 1 1 1 1 1 1 1 1 1 1 1 1 1 1 1 1 1 1 1 1 1 1 1 1 1 1 1 1 1 1 1 100 1 1 1 1 1 1 1 1 1 1 1 1 1 1 1 1 1 1 1 1 1 1 1 1 1 1 1 1 1 1 1 100 1 1 1 1 1 1 1 1 1 1 1 1 1 1 1 1 1 1 1 1 3 1 1 1 1 1 1 1 1 1 1 1 1 1 1 1 1 1 1 1 1 1 1 1 1 1 1 1 1 1 1 1 1 1 1 1 7 1 7 1 1 1 1 1 1 1 7 1 1 1 1 1 1 1 1 1 1 1 1 1 1 1 1 1 1 1 1 1 1 1 1 1 1 1 1 1 1 1 1 1 1 1 1 1 1 1 1 1 1 1 1 1 1 1 1 1 1 1 1 1 1 1 1 1 1 1 1 1 1 1 1 1 1 1 1 1 1 1 1 1 1 1 1 1 1 1 1 1 1 1 1 1 1 1 1 1 1 1 1 1 1 1 1 1 1 1 1 1 1 1 1 1 1 1 1 1 1 1 1 1 1 1 1 1 1 1 1 1 1 1 1 16 15 10 12 16 15 11 12 16 1 16 15 16 15 10 12 16 16 15 10 12 16 15 16 1 15 10 12 16 15 10 7 12 1 1 1 1 1 1 1 1 1 1 1 1 1 7 1 1 100 1 100 1 1 100 1 100 1 1 100 1 100 1 1
staticfield java/lang/Class EMPTY_CLASS_ARRAY [Ljava/lang/Class; 0 [Ljava/lang/Class;
staticfield java/lang/Class serialPersistentFields [Ljava/io/ObjectStreamField; 0 [Ljava/io/ObjectStreamField;
ciInstanceKlass java/lang/reflect/AnnotatedElement 1 1 164 11 7 12 1 1 1 11 12 1 1 7 1 10 100 12 1 1 1 10 12 1 1 10 12 1 1 10 12 1 10 100 12 1 1 1 11 12 1 1 11 7 12 1 1 10 7 12 1 1 1 10 12 1 10 100 12 1 1 1 18 12 1 1 11 100 12 1 1 18 12 1 18 12 1 1 10 100 12 1 1 1 11 100 12 1 1 1 7 1 10 100 12 1 1 1 1 1 1 1 1 1 1 1 1 1 1 1 1 1 1 1 1 1 1 1 1 1 100 1 1 1 1 1 1 1 1 1 1 1 16 15 16 1 16 1 15 11 12 16 16 1 15 10 100 12 1 1 1 16 1 15 10 100 12 1 1 1 1 100 1 100 1 1
ciInstanceKlass java/lang/invoke/TypeDescriptor 1 0 17 100 1 100 1 1 1 1 1 1 100 1 100 1 1 1 1
ciInstanceKlass java/lang/reflect/GenericDeclaration 1 0 30 7 1 7 1 7 1 1 1 1 1 1 1 1 100 1 8 1 1 12 10 1 1 1 8 1 1 1 8 1
ciInstanceKlass java/lang/reflect/Type 1 1 17 11 100 12 1 1 1 100 1 1 1 1 1 1 1 1 1
ciInstanceKlass java/lang/invoke/TypeDescriptor$OfField 1 0 21 100 1 100 1 100 1 1 1 1 1 1 1 1 1 1 1 1 1 1 1
ciInstanceKlass java/lang/StringBuilder 1 1 422 10 7 12 1 1 1 10 12 1 10 12 1 10 12 1 1 10 7 12 1 1 1 10 7 12 1 1 1 10 12 1 10 12 1 10 12 1 10 12 1 10 12 1 10 12 1 10 12 1 10 12 1 10 12 1 10 12 1 10 12 1 10 12 1 10 12 1 10 12 1 1 10 12 1 10 12 1 1 10 12 1 1 10 12 1 10 12 1 10 12 1 10 12 1 10 12 1 10 12 1 10 12 1 10 12 10 12 1 10 12 1 10 12 1 10 12 1 1 10 12 1 10 12 1 10 12 10 12 1 1 10 12 1 10 12 1 10 12 1 10 100 12 1 1 1 9 12 1 1 10 12 1 10 12 1 1 10 12 1 1 9 12 1 1 10 100 12 1 1 1 10 100 1 10 12 1 1 10 100 12 1 1 10 12 1 10 12 1 1 100 1 100 1 8 1 10 10 12 1 1 10 12 1 10 12 1 10 12 1 1 10 12 1 10 12 1 10 12 1 10 12 1 10 12 1 10 12 10 12 1 10 12 1 10 12 1 10 12 1 10 12 1 10 12 1 10 12 1 10 12 1 10 12 1 1 10 12 1 1 10 12 1 10 12 1 10 12 1 10 12 10 12 10 12 1 10 12 1 10 12 1 10 12 10 12 1 10 12 1 10 12 1 10 12 1 10 12 1 10 12 1 10 12 1 10 12 1 10 12 1 1 10 12 1 10 12 1 1 10 12 1 10 12 1 1 10 12 1 10 12 1 1 10 12 1 10 12 1 10 12 1 10 10 12 1 10 12 1 7 1 7 1 7 1 7 1 1 1 1 5 0 1 1 1 1 1 1 1 1 1 1 1 1 1 1 1 1 1 1 1 1 1 1 1 1 1 1 1 1 1 1 1 1 1 1 1 1 1 1 1 1 1 1 1 1 100 1 1 1 7 1 1 1 1 1 1 1 1 1 1 1
instanceKlass java/lang/StringBuilder
instanceKlass java/lang/StringBuffer
ciInstanceKlass java/lang/AbstractStringBuilder 1 1 599 7 1 10 7 12 1 1 1 9 7 12 1 1 1 9 12 1 9 12 1 1 9 12 1 1 10 7 12 1 1 1 10 12 1 1 7 1 3 3 10 12 1 10 12 1 1 11 7 1 100 1 7 1 10 8 1 10 12 1 10 12 1 10 12 1 1 10 12 1 10 12 1 9 12 1 10 12 1 9 12 1 1 10 12 1 1 10 7 12 1 1 1 10 10 12 1 10 12 1 10 12 1 1 10 12 1 1 10 7 12 1 1 1 10 7 12 1 1 1 7 1 8 1 10 10 12 1 1 100 1 10 12 10 12 1 1 10 10 12 1 1 10 12 1 1 10 12 1 1 10 12 1 1 10 10 7 12 1 1 1 10 12 1 100 1 10 10 7 12 1 1 1 9 12 1 1 9 12 1 10 12 1 1 10 10 12 1 1 10 12 10 12 1 10 12 1 1 10 12 1 1 10 12 1 1 10 12 1 10 12 1 1 10 12 1 1 10 12 1 10 12 1 1 8 1 10 12 1 1 10 12 1 10 12 1 10 12 1 10 12 1 10 12 1 10 12 1 10 7 12 1 1 10 12 1 10 12 1 10 100 12 1 1 1 100 1 100 1 10 12 1 10 100 12 1 1 10 12 1 10 12 1 10 12 1 10 12 1 1 10 12 1 10 12 1 1 10 12 1 1 10 10 7 12 1 1 1 10 12 1 10 12 1 10 12 1 1 10 12 1 10 12 1 10 12 1 10 12 1 10 12 1 10 12 1 10 12 1 10 12 1 1 10 12 1 10 12 1 10 12 10 12 1 1 18 12 1 1 100 1 10 100 12 1 1 1 18 10 12 1 1 10 12 1 10 12 1 1 11 12 1 1 10 12 1 10 12 10 10 10 12 1 10 5 0 10 10 12 1 1 100 1 8 1 10 10 12 1 1 10 100 12 1 1 1 10 12 1 10 12 1 1 100 1 10 12 100 1 10 100 1 10 7 1 1 1 1 1 1 1 1 1 1 1 100 1 1 1 1 1 1 1 1 1 1 1 1 1 1 1 1 1 1 1 1 1 1 1 1 1 1 1 1 1 1 1 1 1 1 1 1 1 1 1 1 1 1 1 1 1 1 1 1 1 1 1 1 1 1 1 1 1 1 1 1 1 1 1 1 1 1 1 1 1 1 1 1 1 1 1 1 1 1 1 1 1 1 1 1 1 1 1 1 1 1 1 1 1 1 1 1 1 1 1 1 100 1 1 1 1 1 1 1 1 1 1 1 1 1 1 1 1 1 100 1 1 1 1 1 1 7 1 1 16 1 15 10 12 16 15 10 12 15 10 100 12 1 1 1 1 1 1 1 100 1 100 1 1
staticfield java/lang/AbstractStringBuilder EMPTYVALUE [B 0
ciMethod java/lang/StringBuilder toString ()Ljava/lang/String; 14 0 38124 0 1424
ciInstanceKlass java/lang/Appendable 1 0 14 100 1 100 1 1 1 1 100 1 1 1 1 1
ciInstanceKlass java/lang/CharSequence 1 1 131 11 7 12 1 1 1 18 12 1 1 100 1 10 100 12 1 1 1 18 10 100 12 1 1 1 11 12 1 1 11 7 1 11 12 1 1 10 100 12 1 1 1 11 12 1 1 100 1 10 12 1 1 10 100 12 1 1 1 100 1 10 10 12 1 1 7 1 1 1 1 1 1 1 1 1 1 1 1 1 1 1 1 1 1 1 1 1 1 1 1 1 1 1 1 1 1 1 1 1 16 1 15 11 12 16 15 11 12 15 10 100 12 1 1 1 1 1 100 1 100 1 1 100 1 1 100 1 100 1 1
ciInstanceKlass java/lang/AutoCloseable 1 0 12 100 1 100 1 1 1 1 100 1 1 1
ciInstanceKlass java/io/Closeable 1 0 14 100 1 100 1 100 1 1 1 1 100 1 1 1
instanceKlass com/google/common/collect/RegularImmutableMap$BucketOverflowException
instanceKlass sun/security/ec/ECOperations$IntermediateValueException
instanceKlass sun/security/pkcs11/wrapper/PKCS11Exception
instanceKlass java/security/GeneralSecurityException
instanceKlass org/openqa/selenium/net/UrlChecker$TimeoutException
instanceKlass org/junit/runner/manipulation/InvalidOrderingException
instanceKlass java/util/concurrent/TimeoutException
instanceKlass java/util/concurrent/ExecutionException
instanceKlass io/cucumber/core/runner/AmbiguousStepDefinitionsException
instanceKlass freemarker/cache/TemplateConfigurationFactoryException
instanceKlass freemarker/template/MethodCallAwareTemplateHashModel$ShouldNotBeGetAsMethodException
instanceKlass java/beans/IntrospectionException
instanceKlass freemarker/template/utility/ClassUtil$MaybeZipFileClosedException
instanceKlass freemarker/core/UnregisteredOutputFormatException
instanceKlass freemarker/template/TemplateException
instanceKlass java/text/ParseException
instanceKlass sun/nio/fs/WindowsException
instanceKlass com/typesafe/config/impl/Tokenizer$ProblemException
instanceKlass com/typesafe/config/impl/AbstractConfigValue$NotPossibleToResolve
instanceKlass java/net/URISyntaxException
instanceKlass java/lang/CloneNotSupportedException
instanceKlass org/junit/runner/manipulation/NoTestsRemainException
instanceKlass org/junit/runners/model/InitializationError
instanceKlass java/security/PrivilegedActionException
instanceKlass java/lang/InterruptedException
instanceKlass java/io/IOException
instanceKlass java/lang/ReflectiveOperationException
instanceKlass java/lang/RuntimeException
ciInstanceKlass java/lang/Exception 1 1 40 10 7 12 1 1 1 10 12 1 10 12 1 10 12 1 10 12 1 100 1 1 1 1 5 0 1 1 1 1 1 1 1 1 1 1 1 1 1 1
instanceKlass io/cucumber/junit/SkippedThrowable
instanceKlass java/lang/Exception
instanceKlass java/lang/Error
ciInstanceKlass java/lang/Throwable 1 1 413 10 7 12 1 1 1 9 7 12 1 1 1 9 12 1 1 9 12 1 9 12 1 1 9 12 1 10 12 1 1 9 12 1 1 10 12 1 1 10 12 1 100 1 100 1 10 8 1 10 12 1 1 8 1 10 100 12 1 1 10 10 12 1 100 1 8 1 10 10 12 1 1 10 100 12 1 1 10 12 1 8 1 9 100 12 1 1 1 10 12 1 1 100 1 10 12 10 12 1 10 100 12 1 1 1 100 1 10 12 10 12 1 10 12 1 100 1 10 10 100 12 1 1 1 11 100 12 1 1 1 10 12 1 1 10 12 1 1 8 1 10 12 1 10 12 1 1 8 1 8 1 10 12 1 1 10 12 1 8 1 8 1 9 12 1 1 10 12 1 1 100 1 10 11 12 1 8 1 8 1 10 7 12 1 1 8 1 10 12 1 8 1 100 1 10 12 1 9 12 1 1 10 12 1 10 7 12 1 9 12 1 1 10 12 1 1 100 1 8 1 10 12 1 10 100 12 1 1 10 12 1 1 100 1 10 100 12 1 1 1 10 12 1 11 100 12 1 1 1 11 100 12 1 1 11 12 1 8 1 10 12 1 1 8 1 10 10 9 100 12 1 1 1 8 1 10 12 1 1 11 10 100 1 8 1 10 11 12 1 1 8 1 9 12 1 10 100 12 1 1 11 9 12 1 1 11 12 1 1 100 10 12 1 10 12 1 1 100 1 1 1 1 5 0 1 1 1 1 1 1 1 1 1 1 1 1 1 100 1 1 1 1 1 1 1 1 1 1 1 1 1 1 1 1 1 1 1 1 1 1 1 1 1 1 1 1 1 1 1 1 1 1 1 1 1 1 1 1 1 1 1 1 100 1 100 1 1 1 1 1 1 1 1 1 1 1 1 1 1 1 1 1 1 1 7 1 12 10 1 1 12 10
staticfield java/lang/Throwable UNASSIGNED_STACK [Ljava/lang/StackTraceElement; 0 [Ljava/lang/StackTraceElement;
staticfield java/lang/Throwable SUPPRESSED_SENTINEL Ljava/util/List; java/util/Collections$EmptyList
staticfield java/lang/Throwable EMPTY_THROWABLE_ARRAY [Ljava/lang/Throwable; 0 [Ljava/lang/Throwable;
staticfield java/lang/Throwable $assertionsDisabled Z 1
instanceKlass java/security/Provider
ciInstanceKlass java/util/Properties 1 1 690 10 7 12 1 1 1 100 1 10 7 12 1 1 7 1 10 12 1 9 12 1 1 9 12 1 1 9 12 1 1 10 7 12 1 1 1 10 12 1 1 8 1 10 7 12 1 1 1 7 1 10 12 1 10 12 1 1 8 1 10 12 1 7 1 10 12 10 12 1 1 9 12 1 1 10 12 1 1 7 1 10 12 1 10 12 1 10 12 1 1 100 1 8 1 10 12 1 10 12 1 10 12 1 1 10 12 1 7 1 3 10 10 7 12 1 1 1 10 12 1 10 12 1 1 8 1 10 12 1 10 12 1 1 8 1 10 7 12 1 1 10 12 1 1 10 12 1 10 12 1 1 100 1 10 12 1 10 12 1 1 100 1 9 100 12 1 1 1 10 12 1 10 12 1 1 10 12 1 1 10 12 1 1 7 1 9 12 1 1 7 1 7 1 10 12 1 7 1 11 7 12 1 1 1 11 12 1 1 11 7 12 1 1 1 11 7 12 1 1 1 11 12 1 1 11 12 1 11 12 1 10 12 1 1 8 1 10 12 1 10 7 12 1 1 10 12 1 7 1 10 10 12 1 10 12 1 100 1 10 10 12 1 1 10 7 12 1 1 9 100 12 1 1 10 12 1 1 10 100 12 1 1 1 100 1 100 1 100 1 10 8 1 8 1 10 12 1 10 12 1 10 12 1 1 10 10 12 1 1 10 12 1 1 7 1 10 10 12 1 11 7 12 1 1 10 7 12 1 1 1 8 1 10 100 12 1 1 11 11 7 1 8 1 10 100 1 11 10 12 1 10 10 12 1 10 12 1 1 10 12 1 1 10 12 1 1 10 12 1 10 12 1 10 10 12 1 10 12 1 10 12 1 10 10 12 1 1 10 12 1 1 10 10 12 1 10 12 1 10 12 1 10 12 1 10 12 1 1 10 12 1 1 10 12 1 10 12 1 10 12 1 1 10 12 10 12 1 1 10 12 1 1 10 12 1 10 12 1 1 10 12 1 1 10 12 10 11 12 1 4 11 10 12 1 1 10 100 12 1 1 11 12 1 10 12 1 1 10 100 12 1 1 10 12 1 100 1 8 1 10 12 1 10 10 100 12 1 1 1 100 1 6 0 10 12 1 1 11 100 12 1 1 1 10 12 1 10 12 1 1 1 1 1 5 0 1 1 1 1 1 1 1 1 1 1 1 1 1 1 1 1 1 1 1 1 1 1 1 1 1 1 1 1 1 1 1 1 1 1 1 1 1 1 1 100 1 1 1 1 1 1 1 1 1 1 1 1 1 1 1 1 1 1 1 1 100 1 1 1 1 1 1 1 1 1 1 1 1 7 1 7 1 1 1 1 1 100 1 1 1 1 1 1 1 1 1 1 1 1 1 1 1 1 1 1 1 1 1 1 1 1 1 1 1 1 1 1 1 1 1 1 1 1 1 1 1 1 1 1 1 1 1 1 1 1 1 1 1 1 1 1 1 1 1 1 1 1 1 1 1 1 1 1 1 1 1 1 1 1 1 1 1 1 1 7 1 1 1 1 1 1 1 1 1 1 1 100 1 1
staticfield java/util/Properties UNSAFE Ljdk/internal/misc/Unsafe; jdk/internal/misc/Unsafe
instanceKlass java/util/Hashtable
ciInstanceKlass java/util/Dictionary 1 1 36 10 7 12 1 1 1 100 1 1 1 1 1 1 1 1 1 1 1 1 1 1 1 1 1 1 1 1 1 1 1 1 1 1 1 1
instanceKlass java/util/Properties
ciInstanceKlass java/util/Hashtable 1 1 516 7 1 10 7 12 1 1 1 9 7 12 1 1 1 100 1 7 1 10 8 1 10 12 1 1 10 12 1 10 12 1 1 10 12 1 10 7 12 1 1 1 8 1 10 12 1 9 12 1 1 7 1 9 12 1 1 4 10 7 12 1 1 1 9 12 1 4 10 12 1 11 7 12 1 1 1 10 12 1 1 10 12 1 1 9 12 1 10 12 1 1 100 1 10 9 12 1 1 10 7 12 1 1 1 9 12 1 1 10 12 1 10 12 1 3 9 12 1 9 12 1 3 10 12 1 10 12 1 10 12 1 1 11 12 1 1 11 100 12 1 1 1 11 7 12 1 1 1 11 12 1 100 1 11 12 1 11 12 1 10 12 1 1 10 12 1 1 10 12 1 9 12 1 1 9 12 9 12 1 1 10 100 1 7 1 10 12 1 10 8 1 10 10 12 1 8 1 10 8 1 10 7 12 1 1 1 7 1 10 12 1 10 12 1 100 1 10 12 1 10 12 1 1 100 1 10 100 1 10 10 12 1 1 11 12 1 1 11 12 1 7 1 10 10 10 100 12 1 1 11 100 12 1 1 1 100 1 10 11 100 12 1 1 11 100 12 1 10 12 1 10 12 1 1 10 100 12 1 1 10 12 1 1 10 12 1 1 10 12 1 1 10 100 12 1 1 1 8 10 100 12 1 1 100 1 8 1 10 4 4 10 12 1 1 10 12 1 8 1 4 10 12 10 100 12 1 1 1 100 1 11 100 12 1 1 1 10 100 12 1 1 1 10 12 1 10 12 1 1 10 7 1 7 1 1 1 1 1 1 5 0 1 1 1 1 1 3 1 3 1 3 1 1 1 1 1 1 1 1 1 1 1 1 1 1 1 1 1 1 1 1 1 1 1 1 1 100 1 1 1 1 1 1 1 1 1 1 1 1 1 1 1 1 1 1 1 1 1 1 1 1 1 1 1 1 1 7 1 1 1 1 1 1 1 1 1 1 1 1 1 1 7 1 1 1 1 1 1 1 1 1 1 1 1 1 1 1 1 1 1 1 1 1 1 1 1 1 1 1 1 1 1 1 1 1 1 1 1 1 1 1 1 1 1 1 1 100 1 1 1 7 1 1 1 1 1 7 1 1 1 1 1 1 1 1 1 1 1 1 1 1 1 1 1 1
ciInstanceKlass java/lang/String 1 1 1443 10 7 12 1 1 1 8 1 9 7 12 1 1 1 9 12 1 1 9 12 1 1 9 12 1 1 10 12 1 10 12 1 1 10 12 1 1 9 12 1 10 7 12 1 1 1 10 7 1 10 7 12 1 1 1 10 12 1 1 10 12 1 1 10 12 1 10 12 1 1 10 12 1 10 7 12 1 1 1 7 1 9 7 12 1 1 1 10 7 12 1 1 1 10 7 12 1 1 1 10 12 1 1 10 12 1 1 10 12 1 1 10 12 1 1 9 7 12 1 1 10 12 9 7 12 1 1 10 12 1 1 3 10 12 1 1 7 1 11 12 1 1 11 12 1 11 12 1 1 10 7 12 1 1 1 10 12 1 1 9 100 12 1 1 1 10 12 1 1 10 12 1 11 12 1 1 10 12 1 1 10 12 10 12 1 1 10 7 12 1 1 1 10 12 1 1 10 12 1 1 100 1 7 1 10 12 1 10 12 1 10 12 1 1 100 1 10 12 1 1 100 1 10 12 1 1 10 12 1 1 10 12 1 10 10 12 1 100 1 100 1 100 1 10 12 1 10 12 1 1 10 12 1 1 10 12 1 10 12 1 1 10 12 1 1 10 100 12 1 1 100 1 11 10 7 12 1 1 11 12 1 11 12 1 10 12 1 1 10 12 1 10 12 10 12 1 1 10 10 7 12 1 1 1 10 7 12 1 1 10 12 1 1 10 7 12 1 1 10 12 1 10 12 1 1 10 12 1 1 10 12 1 10 12 1 10 12 1 1 100 1 10 12 1 1 10 12 10 12 1 10 12 1 1 10 12 1 1 10 7 12 1 1 1 10 12 1 10 12 1 1 10 12 1 10 12 1 3 3 10 12 1 1 10 12 1 10 12 1 1 10 12 1 1 10 12 1 1 10 12 1 10 12 1 1 10 12 1 1 10 12 1 10 12 1 10 12 1 10 12 1 1 10 12 1 10 12 1 10 12 1 10 12 1 10 12 1 10 12 1 10 7 1 10 8 1 10 12 1 1 10 12 1 8 1 10 12 1 1 10 12 10 12 1 8 1 10 10 12 1 1 10 12 1 1 10 12 1 1 10 7 1 10 10 12 1 10 12 1 10 12 1 10 10 12 1 10 12 1 10 12 1 10 12 1 10 12 1 10 12 1 10 12 1 1 10 12 1 1 10 12 1 1 10 10 12 1 1 10 10 12 1 100 1 10 10 12 1 1 10 12 1 1 10 7 1 10 12 1 10 12 1 10 7 12 1 1 1 10 12 1 10 12 1 1 10 12 1 11 7 1 11 12 10 12 1 10 12 1 1 10 12 1 1 10 10 12 1 10 12 1 9 12 1 1 11 7 12 1 1 1 10 12 10 10 12 1 10 12 1 1 10 10 12 1 10 12 1 10 12 1 1 10 12 1 1 10 10 12 1 1 10 12 1 10 10 12 1 10 12 10 10 12 10 10 12 1 10 12 1 10 10 12 10 7 12 1 1 1 10 12 10 10 12 10 12 1 10 12 10 12 10 10 12 1 10 12 1 1 10 12 1 1 10 10 12 1 10 7 12 1 1 1 10 12 1 1 10 10 7 12 1 1 1 11 10 12 1 10 12 1 1 10 12 1 1 10 7 12 1 1 1 10 12 1 10 12 1 10 12 1 10 12 1 10 12 1 10 12 1 100 1 7 1 8 1 10 10 10 12 1 10 12 1 1 8 1 10 12 1 3 3 10 12 1 10 12 1 1 10 12 7 1 10 10 12 1 1 10 12 1 10 12 1 10 12 1 1 10 12 1 1 11 7 12 1 1 1 7 1 10 12 1 10 12 1 1 8 1 10 12 1 1 10 12 1 11 7 12 1 1 1 11 7 12 1 1 11 12 1 10 12 1 10 12 1 1 10 10 7 12 1 1 1 10 12 1 10 12 1 10 10 12 10 12 1 1 10 10 12 1 10 10 12 1 10 10 12 1 10 10 12 1 10 12 1 1 10 10 12 1 8 1 10 12 1 1 18 12 1 1 11 100 12 1 1 1 7 1 3 18 12 1 18 12 1 8 1 10 100 12 1 1 1 11 12 1 1 10 12 10 10 12 1 10 11 12 1 1 10 12 1 1 11 12 1 18 3 11 10 12 1 11 11 10 12 1 10 12 1 1 8 1 10 12 1 10 12 1 10 12 1 1 10 10 12 1 11 100 12 1 7 1 100 1 10 12 100 1 10 10 7 12 1 1 1 100 1 10 7 1 10 10 12 1 10 10 12 1 8 1 10 10 12 1 8 1 8 1 10 12 1 10 12 1 10 10 12 10 7 12 1 1 10 7 12 1 1 10 7 12 1 1 8 1 10 12 1 10 12 1 10 9 12 1 10 12 9 7 12 1 1 1 10 12 1 10 12 1 10 12 1 10 12 1 10 12 1 8 1 10 100 12 1 1 1 10 12 10 12 1 1 10 12 10 10 12 10 12 7 1 9 12 1 1 7 1 10 7 1 7 1 7 1 7 1 1 1 1 1 1 5 0 1 1 1 1 1 3 1 3 1 1 1 1 1 1 1 1 1 1 1 1 1 1 1 100 1 1 1 1 1 1 1 1 1 1 1 1 1 1 1 1 1 1 1 1 1 1 1 1 1 1 1 1 1 1 1 100 1 1 1 1 1 1 1 1 1 1 7 1 1 1 1 1 1 1 1 1 1 1 1 1 1 1 1 1 1 1 1 1 1 1 1 1 1 1 1 1 1 1 1 1 1 1 1 1 1 1 1 1 1 1 1 1 1 1 1 1 1 1 1 1 1 1 1 1 1 1 1 1 1 1 1 1 1 1 1 1 1 1 1 1 1 1 1 1 1 1 1 1 1 1 1 1 1 1 1 1 1 1 1 1 1 1 1 1 1 1 1 1 1 1 1 1 1 1 1 1 1 1 1 1 1 1 1 1 1 1 1 1 1 1 1 1 1 1 1 1 1 1 1 1 1 1 1 1 1 1 1 1 1 1 1 1 1 1 1 1 1 1 1 1 1 1 1 1 1 1 1 1 1 1 1 1 1 1 1 1 1 1 1 1 1 1 100 1 1 1 1 1 1 1 1 1 1 1 1 1 1 1 1 1 1 1 1 1 1 1 100 1 1 1 1 1 1 1 1 1 1 1 1 1 1 1 7 1 1 1 1 1 1 1 1 1 1 1 1 1 1 1 16 15 10 12 16 15 10 12 15 10 12 15 10 12 15 10 100 12 1 1 1 1 1 1 1 100 1 100 1 1 1
staticfield java/lang/String COMPACT_STRINGS Z 1
staticfield java/lang/String serialPersistentFields [Ljava/io/ObjectStreamField; 0 [Ljava/io/ObjectStreamField;
staticfield java/lang/String CASE_INSENSITIVE_ORDER Ljava/util/Comparator; java/lang/String$CaseInsensitiveComparator
ciInstanceKlass java/lang/constant/ConstantDesc 1 0 37 100 1 100 1 1 1 1 100 1 1 1 1 100 1 100 1 100 1 100 1 100 1 100 1 100 1 100 1 100 1 1 100 1 100 1 1
ciInstanceKlass java/lang/InternalError 1 1 34 10 7 12 1 1 1 10 12 1 10 12 1 10 12 1 100 1 1 1 1 5 0 1 1 1 1 1 1 1 1 1 1 1
instanceKlass net/thucydides/core/webdriver/exceptions/ElementNotVisibleAfterTimeoutError
instanceKlass com/google/common/util/concurrent/ExecutionError
instanceKlass java/util/ServiceConfigurationError
instanceKlass java/lang/AssertionError
instanceKlass java/lang/VirtualMachineError
instanceKlass java/lang/LinkageError
ciInstanceKlass java/lang/Error 1 1 40 10 7 12 1 1 1 10 12 1 10 12 1 10 12 1 10 12 1 100 1 1 1 1 5 0 1 1 1 1 1 1 1 1 1 1 1 1 1 1
instanceKlass java/lang/StackOverflowError
instanceKlass java/lang/OutOfMemoryError
instanceKlass java/lang/InternalError
ciInstanceKlass java/lang/VirtualMachineError 1 1 34 10 7 12 1 1 1 10 12 1 10 12 1 10 12 1 100 1 1 1 1 5 0 1 1 1 1 1 1 1 1 1 1 1
ciInstanceKlass java/util/Iterator 1 1 53 100 1 8 1 10 12 1 1 10 7 12 1 1 1 11 7 12 1 1 1 11 12 1 1 11 7 12 1 1 1 7 1 1 1 1 1 1 1 1 1 1 1 1 1 1 1 1 1 1 1 1 1
instanceKlass jdk/internal/net/http/ResponseSubscribers$HttpResponseInputStream
instanceKlass sun/security/ssl/SSLSocketImpl$AppInputStream
instanceKlass java/lang/ProcessBuilder$NullInputStream
instanceKlass java/io/ObjectInputStream
instanceKlass sun/nio/ch/ChannelInputStream
instanceKlass sun/nio/ch/NioSocketImpl$1
instanceKlass java/net/Socket$SocketInputStream
instanceKlass java/util/zip/ZipFile$ZipFileInputStream
instanceKlass java/io/FilterInputStream
instanceKlass java/io/FileInputStream
instanceKlass java/io/ByteArrayInputStream
ciInstanceKlass java/io/InputStream 1 1 195 7 1 10 7 12 1 1 1 100 1 10 10 7 12 1 1 1 10 7 12 1 1 1 10 12 1 100 1 3 10 12 1 1 100 1 8 1 10 12 1 10 7 12 1 1 1 3 7 1 8 1 10 10 7 12 1 1 1 7 1 10 11 7 12 1 1 1 10 12 1 1 11 12 1 1 11 7 12 1 1 1 11 12 1 1 7 1 10 7 12 1 1 1 5 0 10 12 1 10 12 1 1 100 1 10 8 1 10 8 1 8 1 10 12 1 1 10 7 12 1 1 1 7 1 5 0 10 12 1 100 1 7 1 1 1 1 3 1 3 1 1 1 1 1 1 1 1 1 1 1 1 1 1 1 1 1 1 1 1 1 1 1 1 1 1 1 1 1 1 1 1 1 1 1 1 1 1 1 1 1 1 1 1 1 1 1 1 1 1 1 1 1 1 1
ciInstanceKlass jdk/internal/misc/Unsafe 1 1 1287 10 7 12 1 1 1 9 7 12 1 1 1 9 12 1 1 10 12 1 1 10 7 12 1 1 1 10 12 1 1 10 12 1 1 10 12 1 1 10 12 1 1 10 12 1 1 10 12 1 1 10 12 1 1 10 12 1 1 10 12 1 1 10 12 1 1 10 12 1 1 10 12 1 1 10 12 1 1 10 12 1 10 12 1 100 1 10 10 12 1 1 10 12 1 1 5 0 10 12 1 1 10 12 1 1 10 7 12 1 1 1 10 12 1 1 10 12 1 10 12 1 10 12 1 1 10 12 1 1 10 12 1 10 12 1 7 1 7 1 10 8 1 10 12 1 1 10 12 1 8 1 10 12 1 1 10 12 1 10 12 1 10 12 1 1 10 12 1 10 12 1 1 10 12 1 1 10 12 1 10 12 1 10 12 1 10 12 1 1 10 12 1 10 12 1 10 12 1 1 10 12 1 5 0 5 0 5 0 10 12 1 10 12 1 10 12 1 10 12 1 10 12 1 10 12 1 10 12 1 10 12 1 10 12 1 1 10 12 1 10 12 1 7 1 8 1 10 100 1 10 10 12 1 1 10 12 1 1 10 12 1 10 12 1 1 10 12 1 1 10 12 1 10 12 1 1 10 12 1 9 7 12 1 1 9 12 1 100 1 10 10 12 1 1 8 1 10 8 1 8 1 10 12 1 1 9 7 12 1 1 1 9 7 1 9 7 1 9 7 1 9 9 7 1 9 7 1 9 7 1 10 12 1 1 10 12 1 1 10 12 1 1 10 12 1 1 5 0 5 0 9 12 1 1 10 12 1 10 12 1 10 12 1 1 10 12 1 1 10 12 1 8 1 3 10 12 1 1 10 12 1 1 10 12 1 10 12 1 1 10 12 1 1 10 12 1 10 12 1 10 12 1 10 12 1 10 12 1 10 12 1 1 10 12 1 1 10 12 1 10 12 1 10 12 1 10 12 1 10 12 1 10 12 1 1 10 12 1 1 10 12 1 10 12 1 10 12 1 10 12 1 10 12 1 10 12 1 1 10 12 1 1 10 12 1 1 10 12 1 1 10 12 1 10 12 1 10 12 1 10 12 1 10 12 1 10 12 1 10 12 1 1 10 12 1 1 10 12 1 10 12 1 10 12 1 10 12 1 10 12 1 10 12 1 10 12 1 1 10 12 1 1 10 12 1 10 12 1 10 12 1 10 12 1 10 12 1 10 12 1 10 12 1 10 12 1 1 10 12 1 10 12 1 10 12 1 10 12 1 10 12 1 1 10 12 1 10 12 1 10 12 1 10 12 1 10 12 1 10 12 1 10 12 1 10 12 1 1 10 12 1 10 12 1 10 12 1 10 12 1 10 12 1 10 12 1 1 10 12 1 10 12 1 10 12 1 1 10 12 1 10 12 1 10 12 1 10 12 1 10 12 1 10 12 1 10 12 1 10 12 1 10 12 1 10 12 1 10 12 1 10 12 1 10 12 1 10 12 1 10 12 1 10 12 1 10 12 1 10 12 1 10 12 1 10 12 1 10 12 1 10 12 1 10 12 1 100 1 10 100 1 10 9 12 1 5 0 10 12 1 1 5 0 10 12 1 5 0 10 12 1 10 12 1 10 12 1 1 10 12 1 1 10 12 1 10 12 1 10 12 1 10 12 1 1 10 12 1 10 12 1 10 12 1 10 12 1 10 12 1 1 10 12 1 10 12 1 10 12 1 10 12 1 1 10 12 1 10 12 1 10 12 1 1 10 12 1 10 12 1 10 12 1 10 12 1 1 10 12 1 10 10 12 1 1 10 12 1 10 12 1 1 10 12 1 10 12 5 0 5 0 5 0 10 12 1 1 10 12 1 10 12 1 10 12 10 100 12 1 1 8 1 100 1 11 12 1 1 8 1 11 12 1 1 10 100 12 1 1 10 12 1 10 12 1 10 12 1 10 12 1 10 12 1 1 10 12 1 10 12 1 10 12 1 10 12 1 10 12 1 10 12 1 10 7 1 10 12 1 9 12 1 7 1 9 12 1 7 1 9 12 1 7 1 9 12 1 7 1 9 12 1 7 1 9 12 1 7 1 9 12 1 7 1 9 12 1 7 1 9 12 1 10 12 1 9 12 1 9 12 1 9 12 1 9 12 1 9 12 1 9 12 1 9 12 1 9 12 1 9 12 1 9 12 1 1 1 3 1 1 1 1 1 1 1 1 1 1 1 1 1 1 1 1 1 1 1 1 1 1 1 1 1 1 1 1 1 1 1 1 1 1 1 1 1 1 1 1 1 1 1 1 1 1 1 1 1 1 1 1 1 1 1 1 1 1 1 1 1 1 1 1 1 1 1 1 1 1 1 1 1 1 1 1 1 1 1 1 1 1 1 1 1 1 1 1 1 100 1 1 1 1 1 1 1 1 1 1 1 1 1 1 1 1 1 1 1 1 1 1 1 1 1 1 1 1 1 1 1 1 1 1 1 1 1 1 1 1 1 1 1 1 1 1 1 1 1 1 1 1 1 1 1 1 1 1 1 1 1 1 1 1 1 1 1 1 1 1 1 1 1 1 1 1 1 1 1 1 1 1 1 1 1 1 1 1 1 1 1 1 1 1 1 1 1 1 1 1 1 1 1 1 1 1 1 1 1 1 1 1 1 1 1 1 1 1 1 1 1 1 1 1 1 1 1 1 1 1 1 1 1 1 1 1 1 1 1 1 1 1 1 1 1 1 1 1 1 1 1 1 1 1 1 1 1 1 1 1 1 1 1 1 1 1 1 1 1 1 1 1 1 1 1 1 1 1 1 1 1 1 1 1 1 1 1 1 1 1 1 1 1 1 1 1 1 1 1 1 1 1 1 1 1 1 3 1 1 1 1 1 1 1 1 1 1 1 1 1 1 1 1 1 1 1 1 1
staticfield jdk/internal/misc/Unsafe theUnsafe Ljdk/internal/misc/Unsafe; jdk/internal/misc/Unsafe
staticfield jdk/internal/misc/Unsafe ARRAY_BOOLEAN_BASE_OFFSET I 16
staticfield jdk/internal/misc/Unsafe ARRAY_BYTE_BASE_OFFSET I 16
staticfield jdk/internal/misc/Unsafe ARRAY_SHORT_BASE_OFFSET I 16
staticfield jdk/internal/misc/Unsafe ARRAY_CHAR_BASE_OFFSET I 16
staticfield jdk/internal/misc/Unsafe ARRAY_INT_BASE_OFFSET I 16
staticfield jdk/internal/misc/Unsafe ARRAY_LONG_BASE_OFFSET I 16
staticfield jdk/internal/misc/Unsafe ARRAY_FLOAT_BASE_OFFSET I 16
staticfield jdk/internal/misc/Unsafe ARRAY_DOUBLE_BASE_OFFSET I 16
staticfield jdk/internal/misc/Unsafe ARRAY_OBJECT_BASE_OFFSET I 16
staticfield jdk/internal/misc/Unsafe ARRAY_BOOLEAN_INDEX_SCALE I 1
staticfield jdk/internal/misc/Unsafe ARRAY_BYTE_INDEX_SCALE I 1
staticfield jdk/internal/misc/Unsafe ARRAY_SHORT_INDEX_SCALE I 2
staticfield jdk/internal/misc/Unsafe ARRAY_CHAR_INDEX_SCALE I 2
staticfield jdk/internal/misc/Unsafe ARRAY_INT_INDEX_SCALE I 4
staticfield jdk/internal/misc/Unsafe ARRAY_LONG_INDEX_SCALE I 8
staticfield jdk/internal/misc/Unsafe ARRAY_FLOAT_INDEX_SCALE I 4
staticfield jdk/internal/misc/Unsafe ARRAY_DOUBLE_INDEX_SCALE I 8
staticfield jdk/internal/misc/Unsafe ARRAY_OBJECT_INDEX_SCALE I 4
staticfield jdk/internal/misc/Unsafe ADDRESS_SIZE I 8
instanceKlass net/bytebuddy/dynamic/loading/InjectionClassLoader
instanceKlass net/bytebuddy/utility/dispatcher/JavaDispatcher$DynamicClassLoader
instanceKlass jdk/internal/reflect/DelegatingClassLoader
instanceKlass java/security/SecureClassLoader
ciInstanceKlass java/lang/ClassLoader 1 1 1108 9 7 12 1 1 1 10 7 12 1 1 1 9 12 1 1 10 7 12 1 1 1 7 1 10 12 1 1 10 12 1 1 9 12 1 1 10 12 1 1 100 1 10 12 1 10 12 1 1 10 7 12 1 1 1 100 1 8 1 10 12 1 10 7 12 1 1 1 10 7 12 1 10 7 1 10 7 1 7 1 7 1 10 12 1 10 12 1 9 12 1 1 10 10 7 12 1 1 1 9 12 1 1 9 12 1 9 12 1 1 9 12 1 9 12 1 1 9 12 1 1 7 1 10 12 1 9 12 1 1 10 12 1 1 10 7 12 1 1 1 9 12 1 9 12 1 1 9 12 1 10 12 1 1 9 12 10 12 1 1 7 1 10 8 1 10 12 1 1 10 12 1 10 7 1 7 1 10 12 1 1 10 7 12 1 1 1 8 1 10 12 1 10 12 1 10 12 1 1 10 12 1 1 10 12 1 1 10 12 1 1 10 12 1 1 10 12 1 7 1 10 12 1 10 100 12 1 1 1 10 12 1 1 10 12 1 10 12 1 10 12 1 10 12 1 10 12 1 1 10 10 12 1 10 12 1 10 100 12 1 1 10 12 1 1 10 12 1 1 10 12 1 100 1 10 12 1 7 1 10 12 1 10 7 12 1 1 1 10 10 12 1 1 10 12 1 1 7 1 8 1 10 8 1 10 12 1 10 12 1 100 1 8 1 10 12 1 1 10 12 1 1 10 10 12 1 1 10 12 1 1 10 12 1 1 10 7 1 10 12 1 1 10 12 1 1 10 12 1 1 10 12 1 1 10 12 1 1 10 12 1 1 10 12 1 10 7 12 1 1 1 10 12 1 10 12 1 10 12 1 1 10 12 1 10 12 1 10 12 1 10 12 1 1 10 12 1 10 12 1 1 8 1 9 12 1 10 12 1 1 8 1 8 1 10 7 12 1 1 100 1 10 10 12 10 12 1 10 12 1 10 12 1 10 12 1 1 10 7 12 1 1 10 12 1 10 7 1 7 1 10 12 1 1 10 12 1 10 7 1 10 12 1 100 1 18 12 1 10 100 12 1 1 1 10 100 12 1 1 1 10 7 12 1 1 10 12 1 10 12 1 100 1 10 12 1 8 1 10 10 12 1 1 10 12 1 10 12 1 1 7 1 10 12 1 10 12 1 1 10 7 12 1 1 10 12 1 8 1 100 1 10 10 12 1 9 12 1 10 7 12 1 1 10 12 1 7 1 8 1 10 12 1 10 8 1 8 1 10 12 1 1 10 12 1 1 10 12 1 1 10 7 12 1 1 7 1 100 1 10 12 1 1 7 1 7 1 10 7 12 1 1 10 12 1 10 12 1 1 10 12 1 10 12 1 1 10 12 1 1 9 100 12 1 1 1 10 12 1 1 10 12 1 10 12 1 10 12 1 1 10 12 1 8 1 7 1 18 12 1 1 10 12 1 1 10 12 1 10 12 1 10 12 1 8 1 10 12 1 10 12 1 18 12 1 11 100 12 1 1 1 100 1 10 12 1 1 10 12 1 10 11 12 1 1 10 18 10 12 1 1 11 7 12 1 18 12 1 11 12 1 1 10 12 10 12 1 1 10 12 1 1 100 1 8 1 10 10 12 1 8 1 8 1 10 100 12 1 1 10 12 1 100 1 10 10 12 1 8 1 8 1 8 1 10 12 1 10 12 1 1 10 12 1 10 7 12 1 1 1 11 7 12 1 1 100 1 10 11 10 12 1 10 12 1 10 12 1 1 9 7 12 1 1 9 12 1 1 9 12 9 12 1 9 12 1 9 12 1 8 10 12 1 1 10 7 12 1 1 1 10 12 1 1 10 12 1 1 10 12 1 10 10 12 1 11 12 1 1 10 100 12 1 1 1 100 1 10 12 1 10 12 1 10 12 1 1 1 1 1 1 1 1 1 1 1 1 1 1 1 1 1 1 1 1 1 1 1 1 1 1 1 1 100 1 1 1 1 1 1 1 1 1 1 1 1 1 1 1 1 1 1 1 1 1 100 1 1 1 1 1 1 1 1 1 1 100 1 1 1 1 1 1 1 1 1 1 1 1 1 1 1 1 1 1 1 1 1 1 1 1 1 1 1 1 1 1 1 1 1 1 1 1 1 1 1 1 1 100 1 1 1 1 1 1 1 1 1 1 1 1 1 1 1 1 1 1 1 7 1 1 1 1 1 1 1 1 1 1 1 1 1 1 1 1 1 1 1 1 1 1 1 1 1 1 1 1 1 1 1 1 1 1 1 1 1 1 1 1 1 1 1 1 1 1 1 1 1 1 100 1 1 1 1 1 1 1 1 1 1 1 1 1 1 1 1 1 1 1 1 1 1 1 1 1 1 1 1 1 1 1 1 1 1 1 1 1 1 1 1 1 1 1 1 1 1 16 1 15 10 12 16 1 16 15 10 12 16 1 16 1 15 10 12 16 15 10 12 16 15 10 12 16 15 10 100 12 1 1 1 1 1 100 1 100 1 1
staticfield java/lang/ClassLoader nocerts [Ljava/security/cert/Certificate; 0 [Ljava/security/cert/Certificate;
staticfield java/lang/ClassLoader $assertionsDisabled Z 1
ciInstanceKlass java/lang/reflect/Constructor 1 1 439 10 7 12 1 1 1 10 7 12 1 1 9 7 12 1 1 1 10 12 1 1 10 12 1 1 10 7 12 1 1 9 12 1 1 10 7 12 1 1 1 9 12 1 1 9 12 1 1 9 12 1 9 12 1 1 9 12 1 9 12 1 1 9 12 1 1 9 12 1 7 1 8 1 10 12 1 10 12 1 9 12 1 1 10 7 12 1 1 10 7 12 1 1 1 10 12 1 1 10 12 1 1 10 12 1 7 1 100 1 8 1 10 10 12 1 10 12 1 10 12 1 1 10 12 1 1 9 7 12 1 1 1 10 7 12 1 1 10 12 1 1 10 12 1 10 12 1 1 10 7 12 1 1 1 10 100 12 1 1 10 12 1 1 10 12 1 10 7 12 1 1 1 8 1 10 10 12 1 100 1 8 1 10 12 1 10 12 1 1 10 12 1 1 10 12 1 10 12 1 10 12 1 1 10 12 1 1 9 12 1 1 10 12 1 1 10 12 1 1 10 12 1 1 11 7 12 1 1 1 10 12 1 1 10 12 1 10 12 1 10 12 1 8 1 9 12 1 1 10 7 12 1 1 1 10 7 12 1 1 10 12 1 1 10 12 1 1 10 12 1 1 10 12 1 1 10 12 1 9 7 12 1 1 10 12 1 10 12 1 10 12 1 100 1 8 1 10 10 12 1 1 10 12 1 10 10 12 1 1 10 12 1 1 10 100 12 1 1 1 11 100 12 1 1 1 10 12 1 1 9 100 12 1 1 1 10 100 12 1 1 1 10 12 1 1 1 1 1 1 1 1 1 1 1 1 1 1 1 1 1 1 1 1 1 1 1 1 1 1 1 1 1 1 1 1 1 1 1 1 1 1 1 1 1 1 1 1 1 1 1 1 1 1 1 1 100 1 7 1 7 1 7 1 1 1 1 1 1 1 1 1 1 1 1 1 1 1 1 1 1 1 1 1 1 1 1 1 1 1 1 1 1 1 1 1 100 1 1
instanceKlass java/lang/reflect/Executable
instanceKlass java/lang/reflect/Field
ciInstanceKlass java/lang/reflect/AccessibleObject 1 1 400 10 7 12 1 1 1 9 100 12 1 1 1 10 7 12 1 1 1 10 7 12 1 1 10 7 12 1 1 1 10 100 12 1 1 1 10 12 1 1 10 12 1 1 9 12 1 1 7 1 10 7 12 1 1 1 11 12 1 7 1 10 12 1 7 1 100 1 10 12 1 10 12 1 1 10 12 1 1 10 12 1 1 10 12 1 1 7 1 10 7 12 1 1 1 10 12 1 1 11 10 7 12 1 1 1 10 12 1 1 10 12 1 10 12 1 10 12 1 1 10 12 1 8 1 7 1 7 1 10 10 12 1 1 8 1 10 12 1 10 12 1 8 1 8 1 8 1 8 1 8 1 8 1 8 1 8 1 8 1 100 1 10 12 1 10 12 1 9 12 1 1 10 12 1 1 10 12 1 10 7 1 100 1 8 1 10 8 1 10 12 1 8 1 10 12 1 10 12 1 1 10 100 1 8 1 10 11 7 12 1 1 1 10 12 1 1 10 12 1 1 10 12 1 1 9 12 1 1 100 1 10 12 1 7 1 10 12 1 10 12 1 1 10 100 1 10 12 1 10 12 10 12 1 10 12 1 10 12 1 1 10 12 1 9 12 1 10 100 12 1 1 8 1 10 100 12 1 1 1 8 1 10 7 12 1 1 1 9 12 1 7 1 10 7 1 10 10 7 12 1 1 1 7 1 10 10 7 12 1 1 1 7 1 9 12 1 1 1 1 1 1 1 1 1 1 1 1 1 1 1 1 1 1 1 1 1 1 1 1 1 1 1 1 1 1 1 1 1 1 1 1 1 1 1 1 1 1 1 1 1 1 1 1 1 1 1 1 1 1 1 1 1 1 1 1 1 1 1 1 1 1 1 1 1 1 1 1 1 1 1 1 1 1 1 1 1 1 1 1
staticfield java/lang/reflect/AccessibleObject reflectionFactory Ljdk/internal/reflect/ReflectionFactory; jdk/internal/reflect/ReflectionFactory
instanceKlass java/lang/reflect/Constructor
instanceKlass java/lang/reflect/Method
ciInstanceKlass java/lang/reflect/Executable 1 1 581 10 7 12 1 1 1 10 7 12 1 1 1 10 7 12 1 1 1 11 7 12 1 1 1 10 7 12 1 1 1 10 12 1 1 10 7 12 1 1 1 10 7 12 1 1 1 10 12 1 8 1 10 10 12 1 1 10 12 1 1 10 7 12 1 1 1 18 12 1 1 11 7 12 1 1 1 8 1 8 1 8 1 10 7 12 1 1 1 11 12 1 1 7 1 8 1 8 1 10 12 1 7 1 8 1 10 12 1 8 1 11 100 12 1 1 1 7 1 11 7 12 1 1 1 11 12 1 8 1 18 8 1 10 12 1 10 12 1 1 18 8 1 10 12 1 7 1 10 12 1 10 12 1 11 12 1 10 12 1 1 8 1 8 1 10 12 1 1 10 12 1 1 10 10 12 1 9 100 12 1 1 1 10 100 12 1 1 1 10 12 1 10 12 1 1 10 7 12 1 1 10 12 1 10 12 1 10 12 1 10 7 12 1 1 7 1 10 100 12 1 1 1 10 12 1 1 10 7 12 1 1 10 12 1 10 12 1 1 9 7 12 1 1 1 10 7 10 12 1 8 1 10 12 1 10 12 1 3 100 1 8 1 10 12 1 10 12 1 10 10 12 1 10 12 1 1 8 1 8 1 8 1 9 12 1 1 9 12 1 10 12 1 100 1 8 1 10 12 1 10 12 1 10 12 1 1 10 12 1 1 10 12 1 10 12 10 12 1 7 1 10 12 1 10 12 1 1 100 1 10 7 12 1 1 1 7 1 10 7 12 1 1 1 10 12 1 1 11 7 12 1 1 10 12 1 10 100 12 1 1 1 10 12 1 1 9 12 1 10 12 1 1 10 12 1 10 12 1 1 9 100 12 1 1 1 10 100 12 1 1 1 10 12 1 10 12 1 1 9 12 1 10 10 10 10 100 12 1 1 1 10 12 1 9 12 1 10 12 1 1 9 12 1 7 1 7 1 1 1 1 1 1 1 1 1 1 1 1 1 1 1 1 1 1 1 1 1 1 1 1 1 1 1 1 1 1 1 1 1 1 1 1 100 1 1 1 1 1 1 1 1 1 1 1 1 1 1 1 1 1 1 1 100 1 1 1 1 1 1 1 1 1 1 1 1 1 1 1 1 1 1 1 1 1 1 1 1 1 1 1 1 1 1 1 1 1 1 1 1 1 1 1 1 1 1 1 7 1 1 1 1 1 1 1 1 1 1 1 1 1 1 1 1 1 1 1 1 1 1 7 1 1 16 15 16 1 16 1 15 10 12 16 15 10 7 12 1 1 1 1 1 1 100 1 1 100 1 100 1 1
ciInstanceKlass java/lang/reflect/Member 1 1 37 100 1 10 12 1 1 100 1 100 1 1 1 1 3 1 3 1 1 1 1 1 1 1 1 1 1 1 1 1 1 1 1 1 1 1 1
instanceKlass jdk/internal/net/http/HttpClientImpl$SelectorManager
instanceKlass java/util/logging/LogManager$Cleaner
instanceKlass com/intellij/rt/execution/application/AppMainV2$1
instanceKlass jdk/internal/misc/InnocuousThread
instanceKlass java/util/concurrent/ForkJoinWorkerThread
instanceKlass java/lang/ref/Finalizer$FinalizerThread
instanceKlass java/lang/ref/Reference$ReferenceHandler
instanceKlass java/lang/BaseVirtualThread
ciInstanceKlass java/lang/Thread 1 1 870 10 7 12 1 1 1 9 12 1 1 10 7 12 1 1 10 12 1 10 100 12 1 1 100 1 8 1 10 12 1 1 9 12 1 9 12 1 1 9 12 1 1 7 1 10 12 1 1 10 12 1 10 7 12 1 1 1 10 12 9 12 1 1 10 12 1 7 1 10 12 1 100 1 8 1 10 9 7 12 1 1 1 10 12 1 1 10 12 1 1 10 12 1 1 10 12 1 10 12 1 1 3 8 1 7 1 5 0 10 7 12 1 1 1 9 12 1 10 12 1 1 10 7 12 1 1 1 10 7 12 1 1 1 10 12 1 1 10 12 1 1 9 12 1 1 10 7 1 8 1 10 7 1 10 12 1 9 12 1 1 10 7 12 1 1 1 10 10 12 1 1 9 100 12 1 1 1 10 12 1 1 10 12 1 1 10 7 12 1 1 10 12 1 10 12 1 10 7 12 1 1 9 12 1 10 7 12 1 1 1 10 12 1 1 9 12 1 1 9 12 1 1 10 7 12 1 1 1 9 12 1 1 10 100 12 1 1 10 100 12 1 1 1 10 12 1 10 12 1 10 7 12 1 1 9 12 1 8 1 9 7 12 1 1 9 12 1 1 5 0 100 1 10 100 1 10 100 1 10 7 1 10 8 1 10 12 1 1 10 7 12 1 10 12 1 10 12 1 100 1 8 1 10 10 12 1 10 12 1 1 10 100 12 1 1 1 10 100 12 1 1 1 10 12 1 7 1 9 12 1 1 100 1 10 10 12 1 9 12 1 1 10 12 1 1 10 12 1 1 10 12 1 10 12 1 9 12 1 1 10 10 12 1 1 10 12 1 1 11 7 12 1 1 10 7 12 1 1 9 12 1 9 12 1 1 9 12 1 1 10 100 12 1 1 10 12 1 1 9 100 12 1 1 1 10 100 12 1 1 10 12 1 10 12 1 100 1 10 10 12 9 12 1 1 10 12 1 11 100 12 1 1 10 12 1 10 12 1 10 12 1 9 12 1 10 10 12 1 10 12 1 1 9 12 1 9 12 10 12 1 8 1 10 12 1 10 12 1 10 12 1 10 12 1 10 12 1 1 10 12 1 10 12 1 1 10 12 1 10 12 1 10 12 1 10 12 1 10 12 1 1 9 7 12 1 1 1 8 1 10 9 12 1 10 12 1 7 1 8 1 10 10 12 1 8 1 10 12 1 1 9 12 10 12 8 1 10 10 12 1 10 12 1 8 1 10 12 1 10 8 1 10 100 12 1 1 10 12 1 1 100 1 8 1 10 9 12 1 9 12 1 1 10 12 1 1 10 10 12 1 10 12 1 100 10 7 12 1 1 1 9 12 1 10 12 1 1 10 12 1 1 10 100 12 1 1 1 11 7 12 1 1 1 9 100 12 1 1 1 10 100 12 1 1 1 7 1 10 12 1 100 1 10 12 1 10 12 1 1 10 12 1 1 8 1 9 12 1 10 12 1 10 12 1 1 11 7 12 1 1 1 10 12 1 1 1 1 3 1 3 1 3 1 3 1 1 1 1 1 1 1 1 1 1 1 1 1 1 1 1 1 1 1 1 1 7 1 1 1 1 1 1 1 1 1 1 1 1 1 1 1 1 1 1 1 1 1 1 7 1 1 1 1 1 1 1 1 1 1 1 1 1 1 1 1 7 1 7 1 1 1 1 1 1 1 1 1 1 1 1 1 1 1 1 1 1 1 1 1 1 1 1 1 1 1 1 1 1 1 1 1 1 1 1 1 1 1 1 1 1 1 1 1 1 1 1 1 1 1 1 1 1 1 1 1 1 1 1 1 1 1 1 1 1 1 1 1 1 1 1 1 1 1 1 100 100 1 1 1 1 1 1 1 1 1 1 1 1 1 1 1 1 1 1 1 1 1 1 1 1 1 1 100 1 100 1 100 1 100 1 100 1 1 100 1 1 1 1 1 1 1 1 1 1 1 1 1 1 1
staticfield java/lang/Thread NEW_THREAD_BINDINGS Ljava/lang/Object; java/lang/Class
staticfield java/lang/Thread EMPTY_STACK_TRACE [Ljava/lang/StackTraceElement; 0 [Ljava/lang/StackTraceElement;
ciInstanceKlass java/lang/Runnable 1 0 11 100 1 100 1 1 1 1 1 1 1
ciInstanceKlass java/net/URL 1 1 771 10 7 12 1 1 1 10 12 1 10 7 12 1 1 9 12 1 1 9 12 1 10 7 12 1 1 1 10 12 1 1 10 12 1 1 9 12 1 1 10 7 12 1 1 1 8 1 10 12 1 1 7 1 10 10 12 1 1 8 1 10 12 1 1 9 12 1 7 1 8 1 10 12 1 10 12 1 8 1 9 12 1 10 12 1 1 9 12 1 10 12 1 10 12 1 9 12 1 9 12 1 8 1 9 12 1 10 12 1 1 8 1 9 12 1 1 10 12 1 1 10 7 12 1 1 1 8 1 10 12 1 7 1 10 12 1 10 12 1 10 12 1 10 12 1 1 10 12 1 1 8 1 10 12 1 1 10 12 1 8 1 9 12 1 8 1 10 12 1 10 7 12 1 1 1 7 1 10 12 1 10 12 1 1 10 7 12 1 1 1 100 1 8 1 10 10 12 1 8 1 10 12 1 1 10 12 1 10 12 1 10 12 1 10 12 1 10 12 1 10 12 1 8 1 10 12 1 8 1 10 10 7 1 10 10 12 1 8 1 10 7 12 1 1 1 10 12 1 9 100 12 1 1 1 10 7 12 1 1 1 9 12 1 1 10 12 1 10 100 12 1 1 1 100 1 100 1 10 12 1 10 12 1 10 12 1 10 12 1 10 12 1 10 12 10 10 12 1 10 12 1 10 12 1 1 8 1 9 100 12 1 1 1 10 100 12 1 1 1 10 12 1 1 9 100 12 1 1 1 10 12 1 1 100 1 10 12 1 10 12 1 10 10 12 1 1 10 12 1 1 10 12 1 10 12 1 10 12 1 10 7 12 1 1 1 10 12 1 1 10 12 1 9 12 1 1 9 12 1 1 7 1 8 1 10 10 12 1 9 12 1 1 10 7 12 1 1 8 1 10 7 12 1 1 8 1 10 12 1 1 10 12 1 8 1 8 1 10 7 12 1 1 1 7 1 10 7 12 1 1 1 10 12 1 10 12 1 7 1 10 9 7 12 1 1 1 10 7 12 1 1 10 12 1 1 10 12 1 8 1 7 1 10 10 7 12 1 1 1 10 12 1 8 9 100 12 1 1 1 10 12 1 1 10 12 1 10 12 1 1 10 7 12 1 1 11 7 12 1 1 10 12 1 10 12 1 9 12 1 10 12 1 1 10 100 12 1 1 10 100 12 1 1 1 8 10 100 12 1 1 7 1 10 8 8 10 12 1 8 8 8 100 1 10 12 1 9 12 1 1 10 12 1 10 12 1 1 10 12 1 10 12 10 12 1 1 10 12 1 1 10 10 10 12 1 10 12 1 10 12 1 10 12 1 10 12 1 10 10 12 1 100 1 8 1 10 10 10 12 1 1 10 12 1 10 12 1 1 8 1 7 1 10 10 7 1 10 12 1 9 7 12 1 1 1 9 12 1 1 7 1 10 10 7 12 1 1 1 7 1 1 1 1 1 5 0 1 1 1 1 1 1 1 1 1 1 1 1 1 1 1 1 1 1 1 1 1 1 1 1 1 1 1 1 1 1 1 1 1 1 1 1 1 1 1 1 1 1 1 1 1 1 1 1 7 1 1 1 1 1 1 1 1 1 1 1 1 1 1 1 1 1 1 1 1 1 1 1 1 1 1 1 1 1 1 1 1 1 1 1 1 1 100 1 1 1 1 1 1 1 1 1 1 1 1 1 1 1 1 1 100 1 1 1 1 1 1 1 1 1 1 1 1 1 1 1 1 1 1 1
staticfield java/net/URL defaultFactory Ljava/net/URLStreamHandlerFactory; java/net/URL$DefaultFactory
staticfield java/net/URL streamHandlerLock Ljava/lang/Object; java/lang/Object
staticfield java/net/URL serialPersistentFields [Ljava/io/ObjectStreamField; 7 [Ljava/io/ObjectStreamField;
ciInstanceKlass java/lang/Module 1 1 1070 10 7 12 1 1 1 9 7 12 1 1 1 10 7 12 1 1 1 9 12 1 9 12 1 1 9 12 1 1 10 12 1 1 10 12 1 10 12 1 1 10 7 12 1 1 1 7 1 10 7 12 1 1 1 10 12 1 1 11 7 12 1 1 1 10 12 1 1 10 7 12 1 1 1 10 12 1 1 10 7 12 1 1 1 9 100 12 1 1 1 10 7 12 1 1 1 10 12 1 8 1 10 7 12 1 1 1 10 7 12 1 1 1 10 7 12 1 1 1 10 12 1 10 12 1 9 12 1 1 10 100 12 1 1 100 1 7 1 10 8 1 10 12 1 1 10 12 1 10 12 10 12 1 10 7 12 1 1 8 1 8 1 10 8 1 8 1 9 12 1 1 8 1 10 100 12 1 1 1 10 12 1 9 12 1 1 11 12 1 9 7 12 1 1 10 7 12 1 1 1 10 100 12 1 1 1 10 12 1 1 8 1 10 12 1 1 10 12 1 10 12 1 1 9 7 12 1 1 1 10 12 1 1 10 12 1 1 9 12 1 10 12 1 10 12 1 9 12 1 1 11 7 12 1 1 10 12 1 1 9 12 1 9 12 1 10 12 1 10 12 1 100 1 8 1 10 10 12 1 1 10 12 1 8 1 10 12 1 1 8 1 8 1 10 12 1 1 10 12 1 10 12 1 1 18 12 1 1 10 12 1 1 11 12 1 9 12 1 11 12 10 100 12 1 1 100 1 8 1 10 11 12 1 1 10 7 12 1 1 1 10 12 1 10 12 1 1 11 12 1 1 11 7 12 1 1 11 12 1 1 9 12 1 11 12 1 10 12 1 1 10 12 1 1 9 12 1 10 12 10 7 12 1 1 10 7 1 18 12 1 1 11 100 12 1 1 1 18 12 1 11 12 1 1 10 100 12 1 1 1 11 12 1 1 10 7 12 1 1 7 1 11 12 1 7 1 7 1 10 12 1 10 7 12 1 1 1 10 11 7 12 1 8 1 10 10 12 1 1 10 7 12 1 1 10 12 1 10 12 1 7 1 10 12 1 10 11 12 1 1 10 12 10 12 1 1 9 12 1 1 100 1 10 10 12 1 1 11 7 1 10 12 1 1 11 12 1 10 10 12 1 11 10 12 1 1 10 12 1 1 10 12 1 1 10 7 12 1 1 10 12 1 10 12 1 1 10 10 12 1 1 10 12 1 18 12 1 11 12 1 18 12 1 10 12 1 10 12 1 10 12 7 1 10 12 1 10 12 1 10 12 1 9 12 1 7 1 10 10 10 10 12 1 10 12 1 10 12 1 10 12 1 1 10 12 1 1 10 12 1 9 12 1 18 12 1 1 10 7 12 1 1 1 100 1 8 1 10 12 1 1 10 12 1 1 10 7 12 1 1 7 1 10 12 1 1 7 1 8 1 10 12 1 1 100 1 11 12 1 1 10 100 12 1 1 1 18 12 1 1 11 100 12 1 1 1 100 1 10 12 1 10 12 1 1 7 1 7 1 10 12 8 1 10 12 1 1 10 12 1 1 10 100 12 1 1 10 12 1 1 10 12 1 10 12 10 12 1 1 7 1 10 10 12 1 1 10 7 12 1 1 1 100 1 10 12 1 1 10 7 12 1 1 8 1 18 12 1 1 100 1 100 1 9 12 1 1 9 12 1 9 12 1 11 100 12 1 1 1 100 1 11 12 1 1 100 1 10 12 1 8 1 10 12 1 10 12 10 12 1 8 1 10 10 100 12 1 1 7 1 10 10 12 1 10 7 12 1 1 9 12 1 9 12 1 9 12 1 9 12 1 10 12 11 12 1 10 12 1 7 1 1 1 1 1 1 1 1 1 1 1 1 1 1 1 1 1 1 1 100 1 1 1 1 1 1 1 1 1 1 1 1 1 1 1 1 1 1 1 1 1 1 1 1 1 1 1 1 1 1 1 1 1 1 1 1 1 1 1 1 1 1 1 1 1 1 1 1 1 1 1 1 1 1 1 1 1 1 1 1 1 1 1 1 1 1 1 1 1 1 1 1 1 1 1 1 1 1 1 1 1 1 1 1 1 1 1 1 1 1 1 1 1 1 1 100 100 1 1 1 1 1 1 1 1 1 1 1 1 1 1 1 1 1 1 1 1 1 1 1 1 1 1 1 100 1 7 1 1 1 1 1 1 1 1 1 1 1 1 1 1 1 1 1 1 1 1 100 1 1 1 1 1 1 1 1 1 1 1 1 1 1 1 1 1 1 1 1 1 1 1 16 15 10 12 16 16 15 10 12 16 16 15 10 16 1 15 10 12 16 1 15 10 12 16 1 16 15 10 12 16 16 1 15 10 12 16 15 10 7 12 1 1 1 15 10 100 12 1 1 1 1 1 1 1 1 1 1 1 100 1 100 1 1 100 1 100 1 1
staticfield java/lang/Module ALL_UNNAMED_MODULE Ljava/lang/Module; java/lang/Module
staticfield java/lang/Module ALL_UNNAMED_MODULE_SET Ljava/util/Set; java/util/ImmutableCollections$Set12
staticfield java/lang/Module EVERYONE_MODULE Ljava/lang/Module; java/lang/Module
staticfield java/lang/Module EVERYONE_SET Ljava/util/Set; java/util/ImmutableCollections$Set12
staticfield java/lang/Module $assertionsDisabled Z 1
ciInstanceKlass java/lang/Character 1 1 604 7 1 7 1 100 1 9 12 1 1 8 1 9 12 1 1 7 1 9 12 1 1 10 7 12 1 1 1 10 100 12 1 1 1 10 100 12 1 1 1 10 7 12 1 1 1 9 7 12 1 1 1 10 12 1 10 12 1 1 10 12 1 1 10 7 12 1 1 10 12 1 1 3 3 3 3 3 10 12 1 1 10 12 1 3 11 7 12 1 1 1 11 12 1 1 10 12 1 1 10 12 1 1 100 1 10 10 12 1 3 10 12 1 1 10 12 1 10 12 1 1 100 1 8 1 10 12 1 1 10 12 1 10 12 1 10 12 1 10 100 12 1 1 1 10 12 1 10 12 1 10 12 1 1 10 12 1 10 7 12 1 1 10 10 12 1 10 10 12 1 10 12 1 1 10 12 1 10 10 12 1 10 12 1 10 12 1 10 12 1 10 12 1 10 12 1 10 12 1 10 12 10 10 12 10 10 12 1 10 10 12 1 10 10 12 1 10 10 12 1 10 12 1 10 12 1 10 12 1 10 12 1 10 12 1 10 12 1 10 10 12 1 10 10 12 1 10 10 12 1 1 10 10 12 1 10 5 0 10 12 1 10 12 1 10 10 12 1 10 10 12 1 1 10 10 12 1 10 10 12 1 9 12 1 1 100 1 10 10 12 1 10 12 1 1 3 10 100 12 1 1 1 10 12 1 10 100 12 1 1 7 1 10 10 12 1 1 10 12 1 1 10 12 1 1 8 1 10 12 1 9 100 12 1 1 1 10 12 1 10 10 12 1 10 12 1 1 10 12 1 10 10 12 1 1 10 10 12 1 1 7 1 8 1 10 12 1 1 10 7 12 1 1 1 8 1 10 12 1 1 9 12 1 1 7 1 7 1 7 1 1 1 1 3 1 3 1 3 1 3 1 1 1 1 1 3 1 1 3 1 3 1 3 1 3 1 3 1 3 1 3 1 3 1 3 1 3 1 3 1 3 1 3 1 3 1 3 1 3 1 3 1 3 1 3 1 3 1 3 1 3 1 3 1 3 1 3 1 3 1 3 1 3 1 1 1 1 1 1 1 1 1 1 1 1 1 1 1 1 1 1 1 3 1 1 1 1 1 1 1 3 1 1 3 1 1 1 1 1 3 1 1 5 0 1 1 1 1 1 1 1 1 1 1 1 1 1 1 1 1 1 1 1 1 1 1 1 1 1 1 1 1 1 1 1 1 1 1 1 1 1 1 1 1 1 1 1 1 1 1 1 1 1 1 1 1 1 1 1 1 1 1 1 1 1 1 1 1 1 1 1 1 1 1 1 1 1 1 1 1 1 1 1 1 1 1 1 1 1 1 1 1 1 1 100 1 100 1 1 1 1 1 1
staticfield java/lang/Character TYPE Ljava/lang/Class; java/lang/Class
staticfield java/lang/Character $assertionsDisabled Z 1
ciInstanceKlass java/util/Arrays 1 1 1029 10 7 12 1 1 1 10 7 12 1 1 1 10 7 12 1 1 1 10 12 1 10 12 1 10 12 1 10 12 1 10 12 1 10 12 1 10 100 12 1 1 1 100 1 7 1 10 8 1 10 12 1 1 10 12 1 8 1 8 1 10 12 1 1 10 12 1 100 1 10 12 1 9 100 12 1 1 1 10 7 12 1 1 100 1 10 12 1 1 10 7 12 1 1 10 7 12 1 1 1 100 1 10 12 1 10 12 1 1 7 1 9 7 12 1 1 1 10 12 1 1 10 7 12 1 1 10 12 1 10 12 1 1 10 12 1 10 12 1 1 7 1 11 12 1 1 10 12 1 10 7 12 1 1 1 10 12 10 12 1 10 12 1 10 12 10 12 1 11 100 12 1 1 1 10 7 12 1 1 1 100 1 10 12 1 10 100 1 10 12 1 10 100 1 10 12 1 10 100 1 10 12 1 10 10 12 1 1 10 12 1 10 12 1 10 12 1 10 12 1 10 12 1 10 7 12 1 1 1 10 12 1 10 7 12 1 1 1 10 12 1 10 12 1 10 7 12 1 1 1 10 12 1 10 12 1 10 12 1 10 12 1 10 12 1 10 12 1 10 12 1 10 12 1 10 12 1 10 12 1 10 12 1 10 12 1 10 12 1 10 12 1 10 12 1 10 12 1 1 10 12 1 1 10 7 12 1 1 1 10 7 1 10 100 1 10 7 1 10 100 1 10 100 1 10 100 1 10 100 1 10 100 1 10 12 1 8 1 10 12 1 1 10 12 1 1 10 12 1 1 10 12 1 1 10 12 1 1 10 12 1 1 10 12 1 1 10 12 1 1 10 12 1 1 7 1 10 12 10 12 1 1 10 12 1 10 12 1 1 10 12 1 1 9 7 12 1 1 1 10 12 1 9 7 1 10 12 1 9 7 1 10 12 1 9 7 1 10 12 1 9 7 1 10 12 1 9 7 1 10 12 1 9 10 12 1 10 12 1 10 12 1 9 12 1 100 1 10 10 12 1 1 10 12 1 10 12 1 10 12 1 10 12 1 10 12 1 10 12 1 10 12 1 10 12 1 10 12 1 8 1 8 1 10 12 1 10 12 1 8 1 10 12 1 10 12 1 10 12 1 10 7 12 1 1 1 3 10 100 1 10 10 12 1 1 11 100 12 1 1 10 12 1 1 10 12 1 10 12 1 10 12 1 10 12 1 10 12 1 10 12 1 10 12 1 10 12 1 11 12 1 8 1 10 11 12 1 11 100 12 1 1 1 11 100 12 1 1 1 11 12 1 1 18 12 1 1 11 12 1 1 11 100 12 1 1 1 18 12 1 11 100 12 1 1 1 18 12 1 11 100 12 1 1 1 18 12 1 100 1 10 7 12 1 1 1 10 12 1 10 12 1 10 12 1 10 12 1 10 12 1 10 12 1 10 12 1 10 12 1 1 10 12 1 10 7 12 1 1 10 12 1 10 12 1 10 12 1 1 10 12 1 10 12 1 10 12 1 1 10 12 1 10 12 1 10 12 1 1 10 12 1 10 12 1 10 12 1 10 12 1 10 12 10 12 1 10 12 10 12 10 12 1 10 12 10 12 1 10 12 1 10 12 1 1 1 1 3 1 3 1 1 1 1 1 1 1 1 1 1 1 1 1 1 1 1 1 1 1 1 1 1 1 1 1 1 1 1 1 1 1 1 1 1 1 1 1 1 1 1 1 1 1 1 1 1 1 1 1 1 1 1 1 1 1 1 1 1 1 1 1 1 1 1 1 1 1 1 1 1 1 1 1 1 1 1 1 1 1 1 1 1 1 1 1 1 1 1 1 1 1 1 1 1 1 1 1 1 1 1 1 1 1 1 1 1 1 1 1 1 1 1 1 1 1 1 1 1 1 1 1 1 1 1 1 1 1 1 1 1 1 1 1 1 1 1 1 1 1 1 1 1 1 1 1 1 1 1 1 1 1 1 1 1 1 1 1 1 1 1 1 1 1 1 1 1 1 1 1 1 1 1 1 1 1 1 1 1 1 1 1 1 1 1 1 1 1 1 1 1 1 1 1 1 1 1 1 1 1 1 1 1 1 1 1 1 1 1 1 1 1 1 1 1 1 1 1 1 1 1 1 1 1 1 1 1 1 1 1 1 1 1 1 1 1 1 1 1 1 1 1 1 1 1 1 1 1 1 1 1 1 1 1 1 100 1 1 16 15 10 12 15 10 12 15 10 12 15 10 12 15 10 100 12 1 1 1 1 1 100 1 100 1 1 1 1 100 1 1 1 1 1 1 100 1 1 100 1 1 100 1 1 1 100 1 100 1 1
staticfield java/util/Arrays $assertionsDisabled Z 1
ciInstanceKlass java/lang/OutOfMemoryError 1 1 26 10 100 12 1 1 1 10 12 1 100 1 1 1 1 5 0 1 1 1 1 1 1 1 1 1
ciInstanceKlass java/lang/StringUTF16 1 1 604 7 1 7 1 10 7 12 1 1 1 100 1 10 7 1 3 7 1 7 1 10 8 1 10 12 1 1 10 12 1 8 1 10 12 1 1 10 12 1 9 12 1 1 10 12 1 1 100 1 8 1 10 12 1 9 12 1 1 9 12 1 10 10 12 1 1 10 12 1 1 10 7 12 1 1 1 10 12 1 10 12 1 1 10 12 1 1 10 12 1 1 10 12 1 1 10 12 1 10 12 1 1 10 12 1 1 10 12 1 1 10 12 1 1 10 12 1 10 12 1 10 12 1 1 10 12 1 100 1 10 12 1 10 10 12 1 1 10 12 1 10 12 1 1 10 12 1 10 100 12 1 1 1 10 100 12 1 1 1 10 12 10 12 1 1 10 12 1 10 12 1 1 10 12 1 1 10 12 1 10 12 1 10 12 1 7 1 10 12 1 1 10 12 1 3 10 12 1 1 10 12 1 10 12 1 10 12 1 10 12 1 10 12 1 10 12 1 1 9 12 1 10 12 1 10 12 1 10 12 1 10 12 1 10 12 1 10 10 12 10 12 10 10 12 1 1 10 100 12 1 1 1 10 12 1 10 12 1 100 1 8 1 8 1 10 12 1 1 100 1 10 10 7 12 1 1 1 10 100 12 1 1 8 1 8 1 8 1 10 12 1 1 10 12 1 1 10 12 10 12 1 10 100 12 1 1 10 12 1 1 10 12 1 1 10 12 1 10 12 10 12 10 12 1 10 12 10 12 1 10 12 1 10 12 1 10 12 1 10 12 1 10 100 12 1 1 1 10 100 12 1 1 1 10 12 1 1 10 12 1 1 11 7 12 1 1 10 12 1 10 12 1 10 12 1 1 9 12 1 1 9 12 1 5 0 5 0 10 12 1 10 12 10 12 10 7 12 1 1 1 10 12 1 1 1 1 1 1 1 1 1 1 1 1 1 1 1 1 1 1 1 1 1 1 1 1 1 1 1 1 1 1 1 100 1 1 1 1 1 1 1 1 1 1 1 1 1 1 1 1 1 1 1 1 1 1 1 1 1 1 1 1 1 1 1 1 1 1 1 1 1 1 1 1 1 1 1 1 1 1 1 1 1 1 1 1 1 1 1 1 1 1 1 1 1 1 1 1 1 1 1 1 1 1 1 1 1 1 1 1 1 1 1 1 1 100 1 1 1 1 1 1 1 1 1 1 1 1 1 1 1 1 1 100 1 1 1 1 1 1 1 1 1 1 1 1 1 1 1 1 1 1 1 1 1 1 1 1 1 1 1 1 1 1 1 1 1 1 1 1 1 1 1 1 1 1 1 1 1 1 1 1 1 1 1 1 1 1 1 1 1 1 1 1 1 100 1 100 1 1 1 1 1
staticfield java/lang/StringUTF16 HI_BYTE_SHIFT I 0
staticfield java/lang/StringUTF16 LO_BYTE_SHIFT I 8
staticfield java/lang/StringUTF16 $assertionsDisabled Z 1
ciInstanceKlass java/lang/Integer 1 1 453 7 1 7 1 7 1 7 1 10 12 1 1 9 12 1 1 9 12 1 1 10 100 12 1 1 1 10 12 1 1 10 100 12 1 1 1 10 10 12 1 1 10 7 12 1 1 1 10 12 1 10 12 1 1 10 7 12 1 1 1 10 12 1 1 10 12 1 1 10 12 1 10 12 1 10 12 1 1 10 10 12 1 9 12 1 1 9 12 1 7 1 8 1 10 12 1 7 1 10 12 1 8 1 10 12 1 1 10 12 1 8 1 10 12 1 8 1 10 12 1 1 3 10 12 1 1 3 10 12 1 1 10 12 1 1 10 7 12 1 1 1 11 7 1 10 12 1 1 11 10 12 1 1 8 1 10 12 1 1 8 1 7 1 10 12 1 1 10 12 1 1 5 0 8 1 10 12 1 10 12 1 10 12 1 10 12 1 1 7 1 9 12 1 1 9 12 1 1 10 12 1 10 7 1 9 12 1 10 12 1 10 12 1 10 12 1 1 10 7 12 1 1 1 100 1 100 1 10 12 1 1 10 12 1 1 8 1 8 1 10 12 1 1 8 1 8 1 8 1 8 1 8 1 8 1 10 12 1 10 12 1 5 0 3 3 3 3 10 12 1 10 12 1 3 10 12 1 10 100 12 1 1 1 10 12 1 1 10 12 1 1 8 1 10 7 12 1 1 1 9 12 1 1 7 1 7 1 7 1 1 1 1 3 1 1 1 3 1 3 1 1 5 0 1 1 1 1 1 1 1 1 1 100 1 1 1 1 1 1 1 1 1 1 1 1 1 1 1 1 1 1 1 1 1 1 1 1 1 1 1 1 1 1 1 1 1 1 1 1 1 1 1 1 3 1 1 1 1 1 1 1 1 1 1 1 1 1 1 1 1 7 1 1 1 1 1 1 1 1 1 1 1 1 1 1 1 1 1 1 1 1 1 1 1 1 1 1 1 1 1 1 1 1 1 1 1 1 1 1 1 1 1 1 1 1 1 1 7 1 1 1 1 1 1 1 1 1 100 1 100 1 1
staticfield java/lang/Integer TYPE Ljava/lang/Class; java/lang/Class
staticfield java/lang/Integer digits [C 36
staticfield java/lang/Integer DigitTens [B 100
staticfield java/lang/Integer DigitOnes [B 100
instanceKlass com/google/gson/internal/LazilyParsedNumber
instanceKlass java/math/BigDecimal
instanceKlass java/math/BigInteger
instanceKlass java/util/concurrent/atomic/Striped64
instanceKlass java/util/concurrent/atomic/AtomicLong
instanceKlass java/util/concurrent/atomic/AtomicInteger
instanceKlass java/lang/Long
instanceKlass java/lang/Integer
instanceKlass java/lang/Short
instanceKlass java/lang/Byte
instanceKlass java/lang/Double
instanceKlass java/lang/Float
ciInstanceKlass java/lang/Number 1 1 37 10 7 12 1 1 1 10 100 12 1 1 1 100 1 1 1 1 5 0 1 1 1 1 1 1 1 1 1 1 1 1 1 1 1 1 1
ciMethod java/lang/StringUTF16 newBytesFor (I)[B 0 0 539 0 -1
ciInstanceKlass java/lang/Thread$FieldHolder 1 1 48 10 7 12 1 1 1 9 7 12 1 1 1 9 12 1 1 9 12 1 1 9 12 1 1 9 12 1 1 1 1 1 1 1 1 1 1 100 1 100 1 1 1 1 100 1 1 1
ciInstanceKlass java/lang/Thread$Constants 0 0 59 7 1 10 7 12 1 1 1 100 1 10 10 7 12 1 1 1 7 1 8 1 10 12 1 9 7 12 1 1 1 7 1 7 1 10 12 1 10 12 1 9 12 1 1 1 1 1 1 1 1 1 1 1 1 1 1 1 1
ciInstanceKlass java/lang/ThreadGroup 1 1 411 10 7 12 1 1 1 9 7 12 1 1 1 8 1 9 12 1 1 7 1 9 12 1 1 9 12 1 1 10 7 12 1 1 1 10 12 1 1 10 12 1 10 12 1 10 12 1 10 12 1 1 10 12 1 1 10 12 1 10 12 1 1 10 12 1 10 12 1 10 100 12 1 1 1 10 12 1 1 18 12 1 1 11 7 12 1 1 1 10 7 12 1 1 1 10 7 12 1 10 12 1 1 10 12 1 1 10 12 1 1 10 100 12 1 1 1 10 12 1 11 12 1 1 11 7 12 1 1 11 12 1 1 10 12 1 1 10 12 1 10 12 1 11 12 1 11 12 1 1 100 1 10 10 12 1 100 1 10 18 12 1 1 11 7 12 1 1 1 11 12 1 1 9 12 1 1 10 12 1 1 8 1 10 7 12 1 1 1 10 100 12 1 1 1 10 12 1 1 11 12 10 12 1 1 10 12 1 1 11 7 1 9 12 1 7 1 10 8 1 10 12 1 1 10 12 1 1 8 1 10 12 1 10 7 12 1 1 1 10 12 1 1 10 7 1 8 1 10 8 1 10 12 1 10 12 1 8 1 9 12 1 1 9 12 1 10 100 12 1 1 1 100 9 12 1 1 7 1 9 12 1 10 12 10 12 1 1 100 10 12 9 12 1 10 12 1 100 1 10 11 12 1 1 7 1 10 10 12 1 10 12 1 1 1 1 1 1 1 1 1 1 1 1 1 1 1 1 1 1 3 1 1 1 1 1 1 1 1 1 1 1 1 100 1 1 1 1 1 1 1 1 1 1 1 1 1 1 1 1 1 1 1 1 1 1 1 1 1 1 1 1 1 1 1 1 1 1 1 1 1 1 1 1 1 1 1 16 15 10 12 16 16 15 10 12 16 15 10 100 12 1 1 1 1 1 100 1 100 1 1
staticfield java/lang/ThreadGroup $assertionsDisabled Z 1
ciInstanceKlass java/lang/Thread$UncaughtExceptionHandler 1 0 16 100 1 100 1 1 1 1 1 1 1 1 100 1 1 1
ciInstanceKlass java/security/AccessControlContext 1 1 374 9 7 12 1 1 1 9 12 1 1 10 100 12 1 1 1 8 1 10 100 12 1 1 1 10 7 12 1 1 1 9 12 1 9 12 1 1 9 12 1 1 10 7 12 1 1 7 1 10 12 1 11 7 12 1 1 1 11 12 1 11 12 1 11 12 1 1 7 1 11 12 1 1 10 12 1 10 7 12 1 1 1 9 100 12 1 1 1 10 7 12 1 1 1 11 100 12 1 1 1 10 7 1 100 1 8 1 10 12 1 10 12 1 1 7 1 10 7 12 1 1 1 9 12 1 9 12 1 9 12 1 9 12 1 1 9 12 1 1 9 12 1 9 12 1 10 7 12 1 1 1 9 12 1 10 12 1 1 10 12 1 1 8 1 10 12 1 1 10 12 1 1 10 7 12 1 1 1 7 1 10 10 12 1 1 10 7 12 1 1 1 10 8 1 10 7 12 1 1 8 1 10 7 12 1 1 8 1 8 1 10 12 1 8 1 10 12 1 8 1 10 12 1 10 12 1 10 12 1 1 8 1 8 1 100 1 10 12 1 10 12 1 1 100 1 10 12 1 8 1 10 12 1 10 12 1 10 8 1 10 12 1 1 10 12 1 1 10 12 1 1 10 12 1 1 10 12 1 10 12 1 11 10 12 1 10 12 1 1 10 10 10 12 1 1 1 1 1 1 1 1 1 1 1 1 1 1 1 1 1 1 1 1 1 1 1 1 100 1 1 1 1 1 1 1 1 1 1 1 1 1 1 1 1 1 1 1 1 1 1 1 1 1 1 1 1 1 1 1 1 1 1 1 1 1 1 1 1 1 1 1 1 1 1 1 1 1 1 1 1 3 1 1
instanceKlass java/lang/ThreadBuilders$BoundVirtualThread
instanceKlass java/lang/VirtualThread
ciInstanceKlass java/lang/BaseVirtualThread 0 0 36 10 100 12 1 1 1 100 1 1 1 1 1 1 1 1 1 1 1 1 1 1 1 1 1 1 1 1 100 1 100 1 1 100 1 1
ciInstanceKlass java/lang/VirtualThread 0 0 907 9 7 12 1 1 1 10 7 12 1 1 1 10 100 12 1 1 1 10 7 12 1 1 1 9 12 1 1 9 12 1 1 100 1 10 12 1 9 12 1 1 18 12 1 1 9 12 1 1 10 12 1 1 100 1 10 12 1 10 12 1 1 10 12 1 1 10 12 1 1 10 12 1 10 7 12 1 10 12 1 10 12 1 10 12 1 10 12 1 11 100 12 1 1 1 100 1 10 12 1 1 10 100 12 1 1 1 10 100 12 1 1 1 10 12 1 100 1 10 10 12 1 10 12 1 1 9 12 1 1 10 12 1 1 9 12 1 1 10 12 1 9 12 1 1 9 12 1 100 1 10 10 12 1 10 100 12 1 1 10 9 10 10 12 1 1 10 12 1 1 10 100 12 1 1 10 100 1 10 9 10 10 12 1 7 1 10 12 1 1 10 12 1 10 12 1 10 12 1 1 9 12 1 10 12 1 10 12 1 9 12 1 1 10 12 1 10 12 1 9 12 1 1 10 12 1 10 12 1 10 12 1 11 100 12 1 1 10 12 1 1 10 12 1 1 10 12 1 1 9 12 1 10 100 1 10 12 1 1 10 12 1 1 10 12 1 10 12 1 10 12 1 10 12 9 12 1 1 10 100 12 1 1 10 12 1 10 12 1 1 10 100 12 1 1 10 12 1 100 1 8 1 10 12 1 10 12 1 1 10 12 1 10 12 1 10 100 12 1 1 10 12 1 10 12 1 1 10 12 1 10 12 1 1 10 7 12 1 1 10 12 1 1 10 12 1 1 100 1 10 10 12 1 7 1 9 12 1 1 10 7 12 1 1 10 9 12 1 1 18 9 100 12 1 1 1 11 100 12 1 1 1 11 100 1 11 12 10 12 1 10 12 1 1 10 12 1 100 1 10 10 12 1 10 12 1 1 10 12 1 1 10 12 1 10 12 1 10 12 1 9 12 1 1 11 100 12 1 1 10 12 9 100 12 1 1 1 9 12 1 10 12 1 1 9 12 1 9 12 1 9 12 1 7 1 10 10 12 1 1 10 12 1 10 12 7 1 7 1 10 8 1 10 12 1 1 10 12 1 10 12 1 10 10 12 1 8 1 10 10 12 1 10 12 1 10 7 12 1 1 8 1 8 1 10 9 100 12 1 1 1 10 12 1 1 10 12 1 10 10 10 12 9 12 1 10 12 1 1 9 12 1 10 12 1 1 9 12 1 10 12 1 1 18 12 1 1 18 12 1 10 7 12 1 1 1 8 1 10 100 12 1 1 1 10 7 12 1 1 1 18 12 1 10 100 12 1 1 1 100 1 10 12 1 8 1 10 12 1 8 1 10 12 1 1 8 1 8 1 10 100 12 1 1 8 1 10 12 1 8 1 8 1 10 100 12 1 1 1 10 12 1 10 12 1 1 10 12 1 18 12 1 1 18 12 1 1 5 0 9 12 1 10 12 1 18 12 1 100 1 10 12 10 7 12 1 1 10 12 1 1 7 1 8 1 10 10 12 1 10 12 1 1 10 12 1 9 12 1 8 10 12 1 1 8 8 9 12 1 8 10 12 1 1 3 1 3 1 3 1 3 1 3 1 3 1 3 1 3 1 3 1 3 1 3 1 3 3 1 3 1 1 1 1 1 1 1 1 1 1 1 1 1 1 7 1 1 1 1 1 1 1 1 1 1 1 1 1 1 7 1 1 1 1 1 1 1 1 1 1 1 7 1 1 1 1 1 1 1 1 1 1 1 1 1 1 1 1 1 1 1 1 1 1 1 1 1 1 1 1 1 1 1 1 1 1 1 1 1 1 1 100 1 1 1 1 1 1 1 1 1 1 1 1 1 1 1 1 1 1 1 1 1 1 1 1 1 1 1 1 1 1 1 1 1 1 1 100 1 1 1 1 1 1 1 1 1 1 1 1 1 1 100 1 1 16 15 10 12 15 16 15 10 12 16 15 10 12 16 16 15 10 12 16 15 10 12 16 15 10 12 16 15 10 12 16 1 15 10 100 12 1 1 1 1 1 1 1 7 1 1 100 1 100 1 1
ciInstanceKlass java/lang/ThreadBuilders$BoundVirtualThread 0 0 132 10 7 12 1 1 1 9 7 12 1 1 1 10 7 12 1 1 1 9 12 1 1 10 12 1 1 10 12 1 1 9 12 1 1 10 7 12 1 1 1 10 12 1 1 7 1 8 1 10 12 1 10 12 1 1 10 12 1 1 10 12 1 1 10 7 12 1 1 1 8 1 10 12 1 8 1 10 12 1 1 10 100 12 1 1 9 100 12 1 1 1 10 12 1 1 10 10 12 1 1 1 1 1 1 1 1 1 1 1 1 1 1 1 1 1 1 1 1 1 1 1 1 1 1 1 1 100 1 1 1 1
ciInstanceKlass jdk/internal/vm/ContinuationScope 0 0 50 10 100 12 1 1 1 10 100 12 1 1 1 100 1 9 100 12 1 1 1 10 12 1 1 10 100 12 1 1 1 10 12 1 1 10 12 1 1 1 1 1 1 1 1 1 1 1 1 1
ciInstanceKlass jdk/internal/vm/StackChunk 0 0 32 10 100 12 1 1 1 9 100 12 1 1 1 9 12 1 1 9 12 1 1 1 1 1 1 1 1 1 1 1 1 1
ciInstanceKlass java/lang/Float 1 1 279 7 1 7 1 10 100 12 1 1 1 10 100 12 1 1 1 4 7 1 10 12 1 1 10 12 1 1 8 1 8 1 10 7 12 1 1 1 10 12 1 1 10 12 1 1 10 100 1 4 10 7 12 1 1 9 12 1 1 10 12 1 1 10 12 1 10 10 12 1 1 10 12 1 10 12 1 3 3 100 1 4 4 4 3 10 12 1 1 9 12 1 1 100 1 10 3 3 4 4 10 12 1 3 3 3 10 12 1 1 10 12 1 1 10 12 1 10 100 12 1 1 1 10 12 1 1 10 12 1 1 10 7 12 1 1 1 8 1 10 12 1 1 9 12 1 1 7 1 7 1 7 1 1 1 1 4 1 4 1 1 1 4 1 1 3 1 3 1 3 1 3 1 3 1 1 1 1 5 0 1 1 1 1 1 1 1 1 1 1 100 1 1 1 1 1 1 1 1 1 1 1 1 1 3 1 1 1 1 1 1 1 1 1 1 1 1 1 1 1 1 1 1 1 1 1 1 1 1 1 1 1 1 1 1 1 1 1 1 1 1 1 1 1 1 1 1 1 1 1 1 1 1 1 1 1 1 1 1 1 1 1 1 1 1 1 7 1 1 1 1 1 1 1 100 1 100 1 1
staticfield java/lang/Float TYPE Ljava/lang/Class; java/lang/Class
staticfield java/lang/Float $assertionsDisabled Z 1
ciInstanceKlass java/lang/Double 1 1 290 7 1 7 1 10 100 12 1 1 1 10 12 1 1 10 7 1 10 12 1 1 10 100 12 1 1 1 6 0 8 1 10 12 1 1 8 1 10 12 1 1 8 1 6 0 10 12 1 1 100 1 5 0 5 0 8 1 8 1 10 7 12 1 1 1 10 7 12 1 1 1 8 1 10 12 1 1 8 1 8 1 8 1 10 12 1 1 10 12 1 10 12 1 1 10 12 1 10 12 1 10 12 1 1 10 12 1 10 7 1 6 0 10 7 12 1 1 9 12 1 1 10 12 1 10 12 1 10 12 1 10 12 1 10 12 1 5 0 10 12 1 1 10 12 1 10 12 1 10 100 12 1 1 1 10 12 1 1 10 12 1 1 8 1 10 7 12 1 1 1 9 12 1 1 7 1 7 1 7 1 1 1 6 0 1 6 0 1 6 0 1 1 1 6 0 1 1 3 1 3 1 3 1 3 1 3 1 1 1 1 5 0 1 1 1 1 1 1 1 1 1 1 1 1 1 1 1 1 100 1 1 1 1 1 1 1 1 1 1 1 1 3 1 1 1 1 1 1 1 1 1 1 1 1 1 1 1 1 1 1 1 1 1 1 1 1 1 1 1 1 1 1 1 1 1 1 7 1 1 1 1 1 1 1 100 1 100 1 1
staticfield java/lang/Double TYPE Ljava/lang/Class; java/lang/Class
ciInstanceKlass java/lang/Byte 1 1 213 7 1 100 1 10 7 12 1 1 1 9 12 1 1 8 1 9 12 1 1 7 1 10 12 1 1 10 12 1 1 10 100 12 1 1 1 10 100 12 1 1 1 9 100 12 1 1 1 10 12 1 1 100 1 7 1 10 12 1 1 8 1 10 12 1 1 8 1 10 12 1 10 12 1 10 12 1 10 12 1 1 10 12 1 10 12 1 10 12 1 1 10 8 1 8 1 10 7 1 9 12 1 1 10 12 1 1 10 12 1 1 10 12 1 1 10 12 1 5 0 10 12 1 1 8 1 10 7 12 1 1 1 9 12 1 1 7 1 7 1 1 1 3 1 3 1 1 1 1 3 1 3 1 1 5 0 1 1 1 1 1 1 1 1 1 1 1 1 1 1 1 1 1 1 1 1 1 1 1 1 1 1 1 1 1 1 1 1 1 1 1 1 1 1 1 1 1 1 1 1 1 1 1 1 1 1 1 1 1 1 1 1
staticfield java/lang/Byte TYPE Ljava/lang/Class; java/lang/Class
ciInstanceKlass java/lang/Short 1 1 222 7 1 7 1 100 1 10 7 12 1 1 1 10 12 1 1 100 1 7 1 10 12 1 1 8 1 10 12 1 1 8 1 10 12 1 10 12 1 10 12 1 10 12 1 1 10 12 1 1 10 12 1 9 12 1 1 8 1 9 12 1 1 7 1 10 12 1 1 10 12 1 10 100 12 1 1 1 10 100 12 1 1 1 9 100 12 1 1 1 10 12 1 10 12 1 1 10 8 1 8 1 10 7 1 9 12 1 1 10 12 1 1 10 12 1 1 10 12 1 1 10 12 1 3 3 5 0 10 12 1 1 8 1 10 7 12 1 1 1 9 12 1 1 7 1 7 1 1 1 3 1 3 1 1 1 1 3 1 3 1 1 5 0 1 1 1 1 1 1 1 1 1 1 1 1 1 1 1 1 1 1 1 1 1 1 1 1 1 1 1 3 1 1 1 1 1 1 1 1 1 1 1 1 1 1 1 1 1 1 1 1 1 1 1 1 1 1 1 1 1 1
staticfield java/lang/Short TYPE Ljava/lang/Class; java/lang/Class
ciInstanceKlass java/lang/Long 1 1 524 7 1 7 1 7 1 7 1 10 12 1 1 9 12 1 1 9 7 12 1 1 1 10 100 12 1 1 1 10 12 1 1 10 100 12 1 1 1 10 10 12 10 12 1 10 12 1 10 12 1 5 0 5 0 7 1 10 12 1 1 10 12 1 1 10 12 1 10 12 1 10 12 1 10 12 1 1 10 100 12 1 1 10 12 1 10 12 1 1 10 12 1 1 10 12 1 1 10 12 1 1 10 7 12 1 1 1 10 12 1 1 10 12 1 10 12 1 10 12 1 10 12 1 1 10 10 12 1 5 0 5 0 9 12 1 1 9 12 1 5 0 7 1 8 1 10 12 1 8 1 10 12 1 8 1 8 1 10 12 1 1 5 0 10 12 1 1 5 0 10 12 1 1 10 12 1 1 10 100 12 1 1 1 11 7 1 10 12 1 1 11 10 12 1 1 8 1 10 12 1 1 8 1 7 1 10 12 1 1 10 12 1 8 1 8 1 11 12 1 1 10 12 1 10 12 1 10 12 1 5 0 5 0 9 7 12 1 1 1 10 12 1 10 12 1 1 8 1 8 1 10 12 1 1 8 1 8 1 8 1 8 1 8 1 8 1 10 12 1 10 7 1 9 12 1 1 10 12 1 10 12 1 1 10 12 1 1 10 7 12 1 1 1 100 1 100 1 10 12 1 1 10 12 1 1 5 0 10 12 1 10 12 1 5 0 5 0 5 0 10 12 1 1 10 12 1 5 0 5 0 10 12 1 10 12 1 10 100 12 1 1 1 10 12 1 1 10 12 1 1 8 1 10 7 12 1 1 1 9 12 1 1 7 1 7 1 7 1 1 1 1 5 0 1 1 1 1 3 1 3 1 5 0 1 1 1 1 1 1 1 1 1 100 1 1 1 1 1 1 1 1 1 1 1 1 1 1 1 1 1 1 1 1 1 1 1 1 1 1 1 1 1 1 1 1 1 1 1 1 1 1 1 1 1 1 1 1 1 1 1 1 1 1 1 1 1 1 1 3 1 1 1 1 1 1 1 1 1 1 1 1 1 1 1 7 1 1 1 1 1 1 1 1 1 1 1 1 1 1 1 1 1 1 1 1 1 1 1 1 1 1 1 1 1 1 1 1 1 1 1 1 1 1 1 1 1 1 1 7 1 1 1 1 1 1 1 1 1 100 1 100 1 1
staticfield java/lang/Long TYPE Ljava/lang/Class; java/lang/Class
ciInstanceKlass jdk/internal/vm/vector/VectorSupport 0 0 573 100 1 10 100 12 1 1 1 9 12 1 1 10 12 1 1 100 1 10 12 1 11 100 12 1 1 1 11 100 12 1 1 1 11 100 12 1 1 11 100 12 1 1 11 100 12 1 1 1 11 100 12 1 1 11 100 12 1 1 11 100 12 1 1 11 100 12 1 1 11 100 12 1 1 11 100 12 1 1 11 100 12 1 1 1 11 100 12 1 1 11 100 12 1 1 1 11 100 12 1 1 1 11 100 12 1 1 11 100 12 1 1 1 11 100 12 1 1 100 1 10 12 1 1 11 100 12 1 1 11 100 12 1 1 11 100 12 1 1 11 100 12 1 1 11 100 12 1 1 11 100 12 1 1 9 12 1 1 10 100 12 1 1 11 100 12 1 1 10 12 1 1 10 100 12 1 1 1 10 12 1 10 12 1 1 10 12 1 1 1 1 1 3 1 3 1 3 1 3 1 3 1 3 1 3 1 3 1 3 1 3 1 3 1 3 1 3 1 3 1 3 1 3 1 3 1 3 1 3 1 3 1 3 1 3 1 3 1 3 1 3 1 3 1 3 1 3 1 3 1 3 1 3 1 3 1 3 1 3 1 3 1 3 1 3 1 3 1 3 1 3 1 3 1 3 1 3 1 3 1 3 1 3 1 3 1 3 1 3 1 3 1 3 1 3 1 3 1 1 1 1 1 1 1 1 1 1 1 1 1 1 1 1 1 1 1 1 1 1 1 1 1 1 1 1 1 1 1 1 1 1 1 1 1 1 1 1 1 1 1 1 1 1 1 1 1 1 1 1 1 1 1 1 1 1 1 1 1 1 1 1 1 1 1 1 1 1 1 1 1 1 1 1 1 1 1 1 1 1 1 1 1 1 1 1 1 1 1 1 1 1 1 1 1 1 1 1 1 1 1 1 1 1 1 1 1 1 1 1 1 1 1 1 1 1 1 1 1 1 1 1 1 1 1 1 1 1 1 1 1 1 1 1 1 1 1 1 1 1 1 1 1 1 1 1 1 1 1 1 1 1 1 1 1 1 1 1 1 1 1 1 1 1 1 1 1 1 1 1 1 1 1 1 1 1 1 1 1 1 1 1 1 1 1 1 1 1 1 1 1 1 1 1 1 1 1 1 1 1 1 1 1 1 1 1 1 1 1 1 1 1 1 1 1 1 1 1 1 1 1 1 1 1 1 1 1 1 1 1 1 1 1 100 1 100 1 100 1 100 1 100 1 1 1 1 1 1 1 1 1 1 1 1 1 1 1 1 1 1 1 1 1 1 1 1 1 1 1 1 1 1 1
instanceKlass jdk/internal/vm/vector/VectorSupport$VectorShuffle
instanceKlass jdk/internal/vm/vector/VectorSupport$VectorMask
instanceKlass jdk/internal/vm/vector/VectorSupport$Vector
ciInstanceKlass jdk/internal/vm/vector/VectorSupport$VectorPayload 0 0 32 10 100 12 1 1 1 9 100 12 1 1 1 10 100 12 1 1 1 1 1 1 1 1 1 1 1 1 1 1 1 1
ciInstanceKlass jdk/internal/vm/vector/VectorSupport$Vector 0 0 28 10 100 12 1 1 1 100 1 1 1 1 1 1 1 1 1 1 1 1 1 1 1 100 1 1 1 1
ciInstanceKlass jdk/internal/vm/vector/VectorSupport$VectorMask 0 0 28 10 100 12 1 1 1 100 1 1 1 1 1 1 1 1 1 1 1 1 1 1 1 100 1 1 1 1
ciInstanceKlass jdk/internal/vm/vector/VectorSupport$VectorShuffle 0 0 28 10 100 12 1 1 1 100 1 1 1 1 1 1 1 1 1 1 1 1 1 1 1 100 1 1 1 1
ciInstanceKlass jdk/internal/vm/FillerObject 0 0 16 10 100 12 1 1 1 100 1 1 1 1 1 1 1 1
instanceKlass java/lang/ref/PhantomReference
instanceKlass java/lang/ref/FinalReference
instanceKlass java/lang/ref/WeakReference
instanceKlass java/lang/ref/SoftReference
ciInstanceKlass java/lang/ref/Reference 1 1 190 9 7 12 1 1 1 9 7 12 1 1 10 12 1 1 10 12 1 1 9 12 1 1 10 12 1 1 9 12 1 1 9 12 1 1 7 1 10 12 1 10 7 12 1 1 10 12 1 10 12 1 1 10 12 1 7 1 8 1 10 12 1 1 7 1 10 12 1 1 10 12 1 1 10 12 1 9 12 1 10 12 1 1 10 12 1 10 12 1 9 12 1 7 1 100 1 10 12 9 12 1 9 12 1 100 1 10 10 12 1 10 10 7 12 1 1 7 1 10 10 7 12 1 1 1 1 1 1 1 1 1 1 1 1 1 1 1 1 1 1 1 7 1 1 1 100 1 1 1 1 1 1 1 1 1 1 1 1 1 1 1 1 1 1 1 1 1 1 1 1 1 1 1 1 1 1 1 1 1 1 1 7 1 7 1 7 1 1 1
staticfield java/lang/ref/Reference processPendingLock Ljava/lang/Object; java/lang/Object
staticfield java/lang/ref/Reference $assertionsDisabled Z 1
instanceKlass sun/security/util/MemoryCache$SoftCacheEntry
instanceKlass java/io/ClassCache$CacheRef
instanceKlass java/util/ResourceBundle$BundleReference
instanceKlass sun/util/locale/provider/LocaleResources$ResourceReference
instanceKlass sun/util/resources/Bundles$BundleReference
instanceKlass sun/util/locale/LocaleObjectCache$CacheEntry
instanceKlass java/lang/invoke/LambdaFormEditor$Transform
ciInstanceKlass java/lang/ref/SoftReference 1 1 47 10 7 12 1 1 1 9 7 12 1 1 1 9 12 1 10 12 1 10 12 1 1 1 1 1 1 1 1 1 1 1 1 1 1 1 1 1 1 1 1 100 1 1 1 1 1
instanceKlass javax/crypto/JceSecurity$WeakIdentityWrapper
instanceKlass net/bytebuddy/TypeCache$StorageKey
instanceKlass com/google/common/cache/LocalCache$WeakEntry
instanceKlass java/util/ResourceBundle$KeyElementReference
instanceKlass java/util/logging/LogManager$LoggerWeakRef
instanceKlass java/util/logging/Level$KnownLevel
instanceKlass java/lang/ClassValue$Entry
instanceKlass com/intellij/rt/debugger/agent/CaptureStorage$ConcurrentIdentityWeakHashMap$WeakKey
instanceKlass java/lang/ThreadLocal$ThreadLocalMap$Entry
instanceKlass java/lang/WeakPairMap$WeakRefPeer
instanceKlass jdk/internal/util/WeakReferenceKey
instanceKlass java/util/WeakHashMap$Entry
ciInstanceKlass java/lang/ref/WeakReference 1 1 31 10 7 12 1 1 1 10 12 1 100 1 1 1 1 1 1 1 1 1 1 1 1 1 1 1 1 1 1 1 1
instanceKlass java/lang/ref/Finalizer
ciInstanceKlass java/lang/ref/FinalReference 1 1 50 10 7 12 1 1 1 10 7 12 1 1 1 10 12 1 1 7 1 8 1 10 12 1 1 1 1 1 1 1 1 1 1 1 1 1 1 1 1 1 1 1 1 1 1 1 1 1 7 1
instanceKlass jdk/internal/ref/PhantomCleanable
instanceKlass jdk/internal/ref/Cleaner
ciInstanceKlass java/lang/ref/PhantomReference 1 1 39 10 100 12 1 1 1 10 7 12 1 1 1 1 1 1 1 1 1 1 1 1 1 1 1 1 1 1 1 1 1 1 1 1 1 1 1 1 1
ciInstanceKlass java/lang/ref/Finalizer 1 1 155 9 7 12 1 1 1 10 7 12 1 1 1 9 12 1 1 9 12 1 1 9 12 1 9 12 1 9 12 1 1 10 12 1 7 1 8 1 10 12 1 10 12 1 1 9 12 1 100 1 10 12 1 7 1 11 100 12 1 1 10 12 1 7 1 10 12 1 100 1 10 12 1 10 7 12 1 1 1 10 100 12 1 1 1 100 1 10 10 12 1 7 1 10 12 1 7 1 10 12 1 1 10 12 1 1 10 12 1 10 7 12 1 1 1 7 1 10 7 1 10 10 12 1 1 1 1 1 1 1 1 1 1 1 1 1 1 1 1 1 1 1 1 1 1 1 1 1 1 1 1 1 1 1 1
staticfield java/lang/ref/Finalizer lock Ljava/lang/Object; java/lang/Object
staticfield java/lang/ref/Finalizer ENABLED Z 1
staticfield java/lang/ref/Finalizer $assertionsDisabled Z 1
instanceKlass jdk/internal/net/http/websocket/TransportImpl$ChannelState
instanceKlass jdk/internal/net/http/websocket/WebSocketImpl$State
instanceKlass org/openqa/selenium/Proxy$ProxyType
instanceKlass jdk/internal/net/http/PlainHttpConnection$ConnectState
instanceKlass jdk/internal/net/http/Http1HeaderParser$State
instanceKlass jdk/internal/net/http/Http1Response$State
instanceKlass jdk/internal/net/http/Http1Exchange$State
instanceKlass org/openqa/selenium/remote/http/HttpHeader
instanceKlass org/openqa/selenium/remote/Dialect
instanceKlass org/openqa/selenium/logging/profiler/EventType
instanceKlass sun/net/www/protocol/http/HttpURLConnection$TunnelState
instanceKlass sun/util/logging/PlatformLogger$Level
instanceKlass org/openqa/selenium/remote/service/DriverService$StartOrDie
instanceKlass org/openqa/selenium/remote/RemoteWebDriver$When
instanceKlass org/openqa/selenium/remote/ElementLocation$ElementFinder
instanceKlass sun/security/ssl/SSLScope
instanceKlass sun/security/ssl/SignatureScheme$SigAlgParamSpec
instanceKlass sun/security/ssl/SignatureScheme
instanceKlass sun/security/ssl/ClientAuthType
instanceKlass sun/security/ssl/SSLHandshake
instanceKlass java/net/http/HttpClient$Version
instanceKlass sun/security/rsa/RSAUtil$KeyType
instanceKlass sun/security/ssl/NamedGroup
instanceKlass sun/security/ssl/NamedGroup$NamedGroupSpec
instanceKlass sun/security/ssl/CipherSuite$KeyExchange
instanceKlass sun/security/ssl/CipherSuite$MacAlg
instanceKlass sun/security/ssl/CipherSuite$HashAlg
instanceKlass java/lang/StackWalker$Option
instanceKlass sun/security/ssl/CipherType
instanceKlass sun/security/ssl/SSLCipher
instanceKlass sun/security/ssl/CipherSuite
instanceKlass java/security/CryptoPrimitive
instanceKlass sun/security/util/DisabledAlgorithmConstraints$Constraint$Operator
instanceKlass sun/security/ssl/ProtocolVersion
instanceKlass java/net/http/HttpClient$Redirect
instanceKlass org/openqa/selenium/remote/http/HttpMethod
instanceKlass org/openqa/selenium/json/JsonInput$Container
instanceKlass org/openqa/selenium/json/JsonType
instanceKlass org/openqa/selenium/json/PropertySetting
instanceKlass java/lang/System$Logger$Level
instanceKlass org/openqa/selenium/Platform
instanceKlass net/serenitybdd/model/CurrentOS$OSType
instanceKlass net/serenitybdd/core/pages/ClickStrategy
instanceKlass net/thucydides/core/annotations/locators/SearchContextType
instanceKlass net/thucydides/core/webdriver/MobilePlatform
instanceKlass net/serenitybdd/core/annotations/findby/How
instanceKlass net/thucydides/core/steps/construction/ConstructionStrategy
instanceKlass net/bytebuddy/implementation/bytecode/constant/ClassConstant
instanceKlass net/bytebuddy/implementation/bytecode/member/MethodVariableAccess$MethodLoading$TypeCastingHandler$NoOp
instanceKlass net/bytebuddy/dynamic/scaffold/FieldLocator$Resolution$Illegal
instanceKlass net/bytebuddy/implementation/bytecode/Removal
instanceKlass net/bytebuddy/implementation/bytecode/assign/primitive/PrimitiveBoxingDelegate
instanceKlass net/bytebuddy/implementation/bytecode/assign/primitive/PrimitiveUnboxingDelegate
instanceKlass net/bytebuddy/implementation/MethodAccessorFactory$AccessType
instanceKlass net/bytebuddy/implementation/bytecode/member/MethodInvocation
instanceKlass net/bytebuddy/implementation/bytecode/member/FieldAccess
instanceKlass net/bytebuddy/implementation/bytecode/constant/NullConstant
instanceKlass net/bytebuddy/implementation/bytecode/constant/DoubleConstant
instanceKlass net/bytebuddy/implementation/bytecode/constant/FloatConstant
instanceKlass net/bytebuddy/implementation/bytecode/constant/LongConstant
instanceKlass net/bytebuddy/implementation/bytecode/constant/IntegerConstant
instanceKlass net/bytebuddy/implementation/bytecode/constant/DefaultValue
instanceKlass net/bytebuddy/implementation/bytecode/member/MethodVariableAccess
instanceKlass net/bytebuddy/implementation/bytecode/member/MethodReturn
instanceKlass net/bytebuddy/implementation/bind/MethodDelegationBinder$MethodInvoker$Simple
instanceKlass net/bytebuddy/dynamic/scaffold/TypeWriter$MethodPool$Record$Sort
instanceKlass net/bytebuddy/implementation/Implementation$Context$FrameGeneration
instanceKlass net/bytebuddy/utility/AsmClassWriter$Factory$Default$EmptyAsmClassReader
instanceKlass net/bytebuddy/dynamic/scaffold/TypeWriter$Default$ClassDumpAction$Dispatcher$Disabled
instanceKlass net/bytebuddy/pool/TypePool$CacheProvider$NoOp
instanceKlass net/bytebuddy/implementation/SuperMethodCall$Appender$TerminationHandler
instanceKlass net/bytebuddy/implementation/Implementation$Target$AbstractBase$DefaultMethodInvocation
instanceKlass net/bytebuddy/dynamic/scaffold/subclass/SubclassImplementationTarget$OriginTypeResolver
instanceKlass net/bytebuddy/dynamic/scaffold/subclass/SubclassImplementationTarget$Factory
instanceKlass net/bytebuddy/dynamic/scaffold/MethodGraph$Node$Sort
instanceKlass net/serenitybdd/core/pages/PageObject$OpenMode
instanceKlass net/bytebuddy/description/annotation/AnnotationSource$Empty
instanceKlass net/bytebuddy/description/annotation/AnnotationValue$ForConstant$PropertyDelegate$ForNonArrayType
instanceKlass net/bytebuddy/implementation/SuperMethodCall
instanceKlass net/bytebuddy/pool/TypePool$Empty
instanceKlass net/bytebuddy/dynamic/TypeResolutionStrategy$Passive
instanceKlass net/bytebuddy/dynamic/scaffold/FieldLocator$ForClassHierarchy$Factory
instanceKlass net/bytebuddy/implementation/attribute/MethodAttributeAppender$NoOp
instanceKlass net/bytebuddy/implementation/bytecode/assign/reference/GenericTypeAwareAssigner
instanceKlass net/bytebuddy/implementation/bytecode/StackManipulation$Illegal
instanceKlass net/bytebuddy/implementation/bytecode/StackManipulation$Trivial
instanceKlass net/bytebuddy/implementation/bytecode/assign/reference/ReferenceTypeAwareAssigner
instanceKlass net/bytebuddy/implementation/bind/MethodDelegationBinder$TerminationHandler$Default
instanceKlass net/bytebuddy/implementation/bytecode/assign/Assigner$Typing
instanceKlass net/bytebuddy/implementation/bind/MethodDelegationBinder$BindingResolver$Default
instanceKlass net/bytebuddy/implementation/bind/annotation/Empty$Binder
instanceKlass net/bytebuddy/implementation/bind/annotation/StubValue$Binder
instanceKlass net/bytebuddy/implementation/bind/annotation/FieldSetterHandle$Binder
instanceKlass net/bytebuddy/implementation/bind/annotation/FieldGetterHandle$Binder
instanceKlass net/bytebuddy/implementation/bind/annotation/FieldValue$Binder
instanceKlass net/bytebuddy/implementation/bind/annotation/DefaultMethodHandle$Binder
instanceKlass net/bytebuddy/implementation/bind/annotation/DefaultMethod$Binder
instanceKlass net/bytebuddy/implementation/bind/annotation/DynamicConstant$Binder
instanceKlass net/bytebuddy/utility/JavaConstant$MethodHandle$HandleType
instanceKlass net/bytebuddy/implementation/bind/annotation/Handle$Binder
instanceKlass net/bytebuddy/implementation/bind/annotation/SuperMethodHandle$Binder
instanceKlass net/bytebuddy/implementation/bind/annotation/SuperMethod$Binder
instanceKlass net/bytebuddy/implementation/bind/annotation/DefaultCallHandle$Binder
instanceKlass net/bytebuddy/implementation/bind/annotation/DefaultCall$Binder
instanceKlass net/bytebuddy/implementation/bind/annotation/SuperCallHandle$Binder
instanceKlass net/bytebuddy/implementation/bind/annotation/SuperCall$Binder
instanceKlass net/bytebuddy/implementation/bind/annotation/Default$Binder
instanceKlass net/bytebuddy/implementation/bind/annotation/Super$Instantiation
instanceKlass net/bytebuddy/implementation/bind/annotation/Super$Binder
instanceKlass net/bytebuddy/implementation/bind/annotation/This$Binder
instanceKlass net/bytebuddy/implementation/bind/annotation/Origin$Binder
instanceKlass net/bytebuddy/implementation/bind/annotation/AllArguments$Assignment
instanceKlass net/bytebuddy/implementation/bind/annotation/AllArguments$Binder
instanceKlass net/bytebuddy/implementation/bind/annotation/Argument$BindingMechanic
instanceKlass net/bytebuddy/implementation/bind/annotation/Argument$Binder
instanceKlass net/bytebuddy/implementation/bind/MethodDelegationBinder$AmbiguityResolver$NoOp
instanceKlass net/bytebuddy/implementation/bind/ParameterLengthResolver
instanceKlass net/bytebuddy/implementation/bind/MethodNameEqualityResolver
instanceKlass net/bytebuddy/implementation/bind/ArgumentTypeResolver
instanceKlass net/bytebuddy/implementation/bind/DeclaringTypeResolver
instanceKlass net/bytebuddy/utility/ConstructorComparator
instanceKlass net/bytebuddy/implementation/bind/annotation/BindingPriority$Resolver
instanceKlass net/bytebuddy/matcher/MethodSortMatcher$Sort
instanceKlass net/bytebuddy/dynamic/Transformer$NoOp
instanceKlass net/bytebuddy/implementation/attribute/FieldAttributeAppender$ForInstrumentedField
instanceKlass net/bytebuddy/asm/AsmVisitorWrapper$NoOp
instanceKlass net/bytebuddy/implementation/attribute/TypeAttributeAppender$ForInstrumentedType
instanceKlass net/bytebuddy/implementation/LoadedTypeInitializer$NoOp
instanceKlass net/bytebuddy/dynamic/scaffold/TypeInitializer$None
instanceKlass net/bytebuddy/dynamic/scaffold/subclass/ConstructorStrategy$Default
instanceKlass net/thucydides/core/webdriver/SupportedWebDriver
instanceKlass net/thucydides/model/domain/TakeScreenshots
instanceKlass net/thucydides/model/domain/TestResult
instanceKlass net/bytebuddy/description/type/TypeDescription$Generic$AnnotationReader$NoOp
instanceKlass net/bytebuddy/description/modifier/EnumerationState
instanceKlass net/bytebuddy/description/modifier/SyntheticState
instanceKlass net/bytebuddy/description/modifier/Ownership
instanceKlass net/bytebuddy/description/modifier/Visibility
instanceKlass net/bytebuddy/description/modifier/TypeManifestation
instanceKlass net/bytebuddy/implementation/bytecode/StackSize
instanceKlass net/bytebuddy/description/type/TypeDefinition$Sort
instanceKlass net/bytebuddy/utility/JavaType
instanceKlass net/bytebuddy/TypeCache$Sort
instanceKlass net/bytebuddy/utility/MethodComparator
instanceKlass net/bytebuddy/utility/dispatcher/JavaDispatcher$DynamicClassLoader$Resolver$CreationAction
instanceKlass net/bytebuddy/matcher/StringMatcher$Mode
instanceKlass net/bytebuddy/matcher/ModifierMatcher$Mode
instanceKlass net/bytebuddy/utility/AsmClassWriter$Factory$Default
instanceKlass net/bytebuddy/utility/AsmClassReader$Factory$Default
instanceKlass net/bytebuddy/dynamic/VisibilityBridgeStrategy$Default
instanceKlass net/bytebuddy/dynamic/scaffold/InstrumentedType$Factory$Default
instanceKlass net/bytebuddy/description/type/TypeDescription$Generic$Visitor$Reifying
instanceKlass net/bytebuddy/dynamic/scaffold/MethodGraph$Compiler$Default$Merger$Directional
instanceKlass net/bytebuddy/dynamic/scaffold/MethodGraph$Compiler$Default$Harmonizer$ForJavaMethod
instanceKlass net/bytebuddy/implementation/Implementation$Context$Default$Factory
instanceKlass net/bytebuddy/implementation/attribute/AnnotationRetention
instanceKlass net/bytebuddy/implementation/attribute/AnnotationValueFilter$Default
instanceKlass net/bytebuddy/NamingStrategy$Suffixing$BaseNameResolver$ForUnnamedType
instanceKlass net/bytebuddy/ClassFileVersion$VersionLocator$Resolver
instanceKlass net/bytebuddy/utility/GraalImageCode
instanceKlass net/bytebuddy/dynamic/scaffold/TypeValidation
instanceKlass net/thucydides/model/steps/TestSourceType
instanceKlass net/serenitybdd/core/webdriver/configuration/RestartBrowserForEach
instanceKlass io/cucumber/core/internal/com/fasterxml/jackson/databind/annotation/JsonSerialize$Typing
instanceKlass io/cucumber/core/runner/ExecutionMode
instanceKlass io/cucumber/plugin/event/HookType
instanceKlass io/cucumber/cucumberexpressions/Ast$Token$Type
instanceKlass io/cucumber/cucumberexpressions/Ast$Node$Type
instanceKlass io/cucumber/core/internal/com/fasterxml/jackson/annotation/JsonFormat$Feature
instanceKlass com/google/common/util/concurrent/AbstractFutureState$VarHandleAtomicHelperMaker
instanceKlass com/google/common/cache/LocalCache$EntryFactory
instanceKlass com/google/common/cache/CacheBuilder$NullListener
instanceKlass com/google/common/cache/CacheBuilder$OneWeigher
instanceKlass com/google/common/cache/LocalCache$Strength
instanceKlass com/google/common/util/concurrent/DirectExecutor
instanceKlass net/thucydides/model/requirements/model/FeatureType
instanceKlass net/thucydides/model/logging/LoggingLevel
instanceKlass net/thucydides/model/logging/ConsoleHeadingStyle
instanceKlass net/thucydides/model/logging/ConsoleEvent
instanceKlass java/time/temporal/ChronoUnit
instanceKlass java/time/temporal/ChronoField
instanceKlass javax/lang/model/SourceVersion
instanceKlass io/cucumber/messages/types/StepDefinitionPatternType
instanceKlass io/cucumber/messages/types/HookType
instanceKlass io/cucumber/messages/types/AttachmentContentEncoding
instanceKlass io/cucumber/core/internal/com/fasterxml/jackson/annotation/JsonProperty$Access
instanceKlass io/cucumber/core/internal/com/fasterxml/jackson/annotation/JsonCreator$Mode
instanceKlass io/cucumber/core/internal/com/fasterxml/jackson/databind/AnnotationIntrospector$ReferenceProperty$Type
instanceKlass io/cucumber/core/internal/com/fasterxml/jackson/annotation/PropertyAccessor
instanceKlass io/cucumber/core/internal/com/fasterxml/jackson/core/json/JsonWriteFeature
instanceKlass io/cucumber/core/internal/com/fasterxml/jackson/core/StreamWriteCapability
instanceKlass java/util/Locale$Category
instanceKlass freemarker/ext/beans/MemberSelectorListMemberAccessPolicy$ListType
instanceKlass freemarker/ext/beans/ZeroArgumentNonVoidMethodPolicy
instanceKlass com/google/gson/ToNumberPolicy
instanceKlass com/google/gson/FieldNamingPolicy
instanceKlass com/google/gson/LongSerializationPolicy
instanceKlass java/lang/invoke/MethodHandleImpl$ArrayAccess
instanceKlass io/cucumber/core/internal/com/fasterxml/jackson/databind/cfg/ConstructorDetector$SingleArgConstructor
instanceKlass io/cucumber/core/internal/com/fasterxml/jackson/core/JsonParser$NumberType
instanceKlass io/cucumber/core/internal/com/fasterxml/jackson/databind/DeserializationFeature
instanceKlass io/cucumber/core/internal/com/fasterxml/jackson/databind/cfg/JsonNodeFeature
instanceKlass io/cucumber/core/internal/com/fasterxml/jackson/databind/cfg/EnumFeature
instanceKlass io/cucumber/core/internal/com/fasterxml/jackson/databind/SerializationFeature
instanceKlass io/cucumber/core/internal/com/fasterxml/jackson/core/util/Separators$Spacing
instanceKlass io/cucumber/core/internal/com/fasterxml/jackson/databind/MapperFeature
instanceKlass io/cucumber/core/internal/com/fasterxml/jackson/annotation/JsonFormat$Shape
instanceKlass io/cucumber/core/internal/com/fasterxml/jackson/databind/cfg/CoercionInputShape
instanceKlass io/cucumber/core/internal/com/fasterxml/jackson/databind/cfg/CoercionAction
instanceKlass io/cucumber/core/internal/com/fasterxml/jackson/databind/type/LogicalType
instanceKlass io/cucumber/core/internal/com/fasterxml/jackson/annotation/JsonAutoDetect$Visibility
instanceKlass io/cucumber/core/internal/com/fasterxml/jackson/annotation/Nulls
instanceKlass io/cucumber/core/internal/com/fasterxml/jackson/annotation/JsonInclude$Include
instanceKlass io/cucumber/core/internal/com/fasterxml/jackson/core/JsonGenerator$Feature
instanceKlass io/cucumber/core/internal/com/fasterxml/jackson/core/JsonParser$Feature
instanceKlass io/cucumber/core/internal/com/fasterxml/jackson/core/JsonFactory$Feature
instanceKlass io/cucumber/core/internal/com/fasterxml/jackson/core/Base64Variant$PaddingReadBehaviour
instanceKlass io/cucumber/core/internal/com/fasterxml/jackson/databind/util/internal/PrivateMaxEntriesMap$DrainStatus
instanceKlass io/cucumber/query/Repository$RepositoryFeature
instanceKlass io/cucumber/prettyformatter/Ansi$Attributes
instanceKlass io/cucumber/messages/types/TestStepResultStatus
instanceKlass io/cucumber/prettyformatter/Theme$Element
instanceKlass io/cucumber/prettyformatter/MessagesToPrettyWriter$PrettyFeature
instanceKlass io/cucumber/core/gherkin/StepType
instanceKlass io/cucumber/messages/types/PickleStepType
instanceKlass java/security/DrbgParameters$Capability
instanceKlass sun/security/util/KnownOIDs
instanceKlass io/cucumber/messages/types/StepKeywordType
instanceKlass io/cucumber/gherkin/Parser$TokenType
instanceKlass io/cucumber/gherkin/Parser$RuleType
instanceKlass io/cucumber/messages/types/SourceMediaType
instanceKlass java/nio/file/FileVisitResult
instanceKlass java/nio/file/FileTreeWalker$EventType
instanceKlass java/nio/file/AccessMode
instanceKlass java/util/Comparators$NaturalOrderComparator
instanceKlass java/nio/file/FileVisitOption
instanceKlass net/serenitybdd/model/environment/EnvironmentSpecificConfiguration$EnvironmentStrategy
instanceKlass com/google/common/base/AbstractIterator$State
instanceKlass java/math/RoundingMode
instanceKlass sun/util/locale/provider/LocaleProviderAdapter$Type
instanceKlass com/typesafe/config/ConfigValueType
instanceKlass com/typesafe/config/impl/TokenType
instanceKlass com/typesafe/config/impl/ResolveStatus
instanceKlass com/typesafe/config/impl/OriginType
instanceKlass com/typesafe/config/ConfigSyntax
instanceKlass java/util/regex/Pattern$Qtype
instanceKlass io/cucumber/tagexpressions/TagExpressionParser$TokenType
instanceKlass io/cucumber/tagexpressions/TagExpressionParser$Assoc
instanceKlass java/util/stream/MatchOps$MatchKind
instanceKlass io/cucumber/core/snippets/SnippetType
instanceKlass jdk/internal/logger/BootstrapLogger$LoggingBackend
instanceKlass org/apiguardian/api/API$Status
instanceKlass java/lang/annotation/ElementType
instanceKlass org/slf4j/helpers/Reporter$Level
instanceKlass org/slf4j/helpers/Reporter$TargetChoice
instanceKlass net/thucydides/model/ThucydidesSystemProperty
instanceKlass io/cucumber/junit/CucumberOptions$SnippetType
instanceKlass java/lang/reflect/ProxyGenerator$PrimitiveTypeInfo
instanceKlass java/lang/annotation/RetentionPolicy
instanceKlass java/net/Proxy$Type
instanceKlass java/net/StandardProtocolFamily
instanceKlass jdk/internal/util/OperatingSystem
instanceKlass java/util/zip/ZipCoder$Comparison
instanceKlass java/nio/file/LinkOption
instanceKlass sun/nio/fs/WindowsPathType
instanceKlass java/nio/file/StandardOpenOption
instanceKlass java/util/concurrent/TimeUnit
instanceKlass java/util/stream/Collector$Characteristics
instanceKlass java/util/stream/StreamShape
instanceKlass java/lang/invoke/MethodHandles$Lookup$ClassOption
instanceKlass java/lang/invoke/VarHandle$AccessType
instanceKlass java/lang/invoke/VarHandle$AccessMode
instanceKlass java/lang/invoke/MethodHandleImpl$Intrinsic
instanceKlass java/lang/invoke/LambdaForm$BasicType
instanceKlass java/lang/invoke/LambdaForm$Kind
instanceKlass sun/invoke/util/Wrapper
instanceKlass java/util/stream/StreamOpFlag$Type
instanceKlass java/util/stream/StreamOpFlag
instanceKlass java/io/File$PathStatus
instanceKlass java/lang/module/ModuleDescriptor$Requires$Modifier
instanceKlass java/lang/reflect/AccessFlag$Location
instanceKlass java/lang/reflect/AccessFlag
instanceKlass java/lang/module/ModuleDescriptor$Modifier
instanceKlass java/lang/reflect/ClassFileFormatVersion
instanceKlass java/lang/Thread$State
ciInstanceKlass java/lang/Enum 1 1 204 9 7 12 1 1 1 9 12 1 1 10 7 12 1 1 1 9 12 1 10 7 12 1 1 1 100 1 10 10 12 1 1 10 12 1 7 1 10 10 7 12 1 1 10 12 1 1 18 12 1 1 10 100 12 1 1 1 10 12 1 1 11 7 12 1 1 1 100 1 8 1 10 12 1 100 1 7 1 10 8 1 10 12 1 1 10 12 1 1 8 1 10 12 1 10 100 1 8 1 10 10 12 1 1 10 100 12 1 1 1 7 1 7 1 7 1 1 1 1 1 1 1 1 1 1 1 1 1 1 1 1 1 1 1 1 1 1 1 1 1 1 1 1 1 1 1 1 1 1 1 1 1 1 1 1 1 1 1 1 1 1 1 3 1 1 1 1 100 1 7 1 1 100 1 1 1 1 1 1 1 1 1 1 1 16 15 10 12 16 15 10 100 12 1 1 1 1 1 100 1 100 1 1
ciInstanceKlass java/lang/reflect/Method 1 1 472 9 7 12 1 1 1 10 7 12 1 1 1 10 7 12 1 1 9 12 1 1 10 12 1 1 10 12 1 1 10 7 12 1 1 10 7 12 1 1 1 9 12 1 1 9 12 1 9 12 1 1 9 12 1 9 12 1 9 12 1 1 9 12 1 9 12 1 1 9 12 1 9 12 1 9 12 1 1 100 1 8 1 10 12 1 10 12 1 9 12 1 1 8 1 10 7 12 1 1 10 7 12 1 1 1 10 12 1 1 10 12 1 1 10 12 1 10 12 1 1 10 12 1 1 9 7 12 1 1 1 10 12 1 1 10 12 10 7 12 1 1 10 12 1 1 10 12 1 10 12 1 10 12 1 10 7 12 1 1 1 10 12 1 1 10 7 1 10 7 12 1 1 1 10 7 12 1 1 10 12 1 1 10 12 1 1 10 12 1 10 7 12 1 1 1 10 12 1 10 8 1 10 12 1 10 12 1 7 1 8 1 8 1 8 1 10 12 1 10 12 1 1 10 12 1 1 10 10 12 1 1 10 12 1 11 7 1 10 12 1 9 12 1 1 10 12 1 1 10 12 1 10 12 1 1 10 12 1 1 11 7 12 1 1 1 11 12 1 9 12 1 1 10 12 1 10 12 1 10 12 1 10 12 1 10 12 1 10 12 1 9 12 1 1 10 7 12 1 1 1 10 7 12 1 1 10 12 1 1 10 7 12 1 1 1 10 7 12 1 1 1 10 7 12 1 1 1 11 7 12 1 1 1 10 7 12 1 1 1 7 1 100 1 100 1 10 12 1 10 12 1 1 10 12 1 100 1 8 1 10 12 1 10 10 12 1 1 10 12 1 1 10 12 1 1 10 12 1 1 8 1 10 12 1 1 1 1 1 1 1 1 1 1 1 1 1 1 1 1 1 1 1 1 1 1 1 1 1 1 1 1 1 1 1 1 1 1 1 1 1 1 1 1 1 1 1 1 1 1 1 1 1 1 1 1 1 100 1 7 1 7 1 1 1 1 1 1 1 1 1 1 1 1 1 1 1 1 1 1 1 1 1 1 1 1 1 1 1 1 1 1
ciInstanceKlass java/lang/reflect/Field 1 1 457 9 7 12 1 1 1 10 12 1 1 10 100 12 1 1 1 10 100 12 1 1 9 12 1 1 10 12 1 1 10 12 1 1 10 100 12 1 1 10 7 12 1 1 1 9 12 1 1 9 12 1 9 12 1 9 12 1 1 9 12 1 1 9 12 1 9 12 1 1 9 12 1 1 7 1 8 1 10 12 1 10 12 1 9 12 1 1 9 12 1 10 12 1 10 7 12 1 1 10 12 1 1 10 12 1 1 10 12 1 10 12 1 1 9 100 12 1 1 1 10 100 12 1 1 1 7 1 10 12 1 1 10 12 1 1 10 12 1 1 10 12 1 10 12 1 10 7 1 10 7 12 1 1 7 1 10 8 1 10 12 1 1 10 12 1 1 8 1 10 12 10 12 1 8 1 8 1 10 11 7 1 9 12 1 10 12 1 1 10 12 1 1 11 7 12 1 1 1 10 12 1 11 12 1 1 11 12 1 1 11 12 1 1 11 12 1 1 11 12 1 1 11 12 1 1 11 12 1 1 11 12 1 1 11 12 1 1 11 12 1 1 11 12 1 1 11 12 1 1 11 12 1 1 11 12 1 1 11 12 1 1 11 12 1 1 11 12 1 1 10 12 1 10 7 12 1 1 10 12 1 10 12 1 10 12 1 9 12 1 1 10 7 12 1 1 1 10 12 1 1 10 12 1 10 7 12 1 1 10 12 1 1 11 7 1 10 12 1 7 1 10 100 12 1 1 1 10 7 12 1 1 1 9 12 1 10 7 12 1 1 1 11 7 12 1 1 1 10 12 1 1 10 12 1 1 9 100 12 1 1 10 100 12 1 1 1 10 12 1 1 7 1 1 1 1 1 1 1 1 1 1 1 1 1 1 1 1 1 1 1 1 1 1 1 1 1 1 1 1 1 1 1 1 1 1 1 1 1 1 1 7 1 1 1 1 1 1 1 1 1 1 1 1 1 1 1 1 1 1 1 1 1 1 1 1 1 1 1 1 1 1 1 1 7 1 1 1 1 1 1 1 1 1 100 1 1
ciInstanceKlass java/lang/reflect/Parameter 1 1 243 10 7 12 1 1 1 9 7 12 1 1 1 9 12 1 1 9 12 1 1 9 12 1 10 12 1 1 10 12 1 1 10 7 12 1 1 1 7 1 10 10 12 1 1 11 7 12 1 1 1 10 12 1 10 100 12 1 1 1 10 12 1 1 10 12 1 10 12 1 8 1 8 1 10 7 12 1 1 1 10 12 1 10 12 9 100 12 1 1 1 10 100 12 1 1 1 10 12 1 8 1 10 12 1 9 12 1 1 10 12 1 1 9 12 1 1 10 12 1 1 10 12 1 1 10 12 1 1 10 12 1 10 10 12 1 10 100 12 1 1 1 10 12 1 1 11 7 12 1 1 10 7 12 1 1 7 1 10 100 12 1 1 1 10 12 1 1 10 12 1 1 10 12 1 1 10 12 1 1 9 12 1 100 1 10 11 12 1 1 11 12 1 1 7 1 1 1 1 1 1 1 1 1 1 1 1 1 1 1 1 1 1 1 1 1 1 1 1 1 1 1 1 1 1 1 1 1 1 1 1 1 1 1 1 1 100 1 1 1 1 1 1
ciInstanceKlass java/lang/reflect/RecordComponent 0 0 196 10 7 12 1 1 1 9 7 12 1 1 1 9 12 1 1 9 12 1 10 12 1 1 10 12 1 1 10 100 12 1 1 1 10 12 1 1 9 12 1 1 10 12 1 1 10 12 1 1 10 12 1 10 100 12 1 1 10 100 12 1 1 9 12 1 1 10 100 12 1 1 1 11 100 12 1 1 1 10 9 100 12 1 1 1 10 100 12 1 1 1 9 12 1 1 10 100 12 1 1 1 10 12 1 1 11 7 12 1 1 10 7 12 1 1 7 1 9 12 1 9 12 1 1 9 12 1 10 100 12 1 1 1 10 12 1 1 10 12 1 1 7 1 10 10 12 1 10 12 1 1 8 1 10 12 1 10 12 1 9 12 1 7 1 1 1 1 1 1 1 1 1 1 1 1 1 1 1 1 1 1 1 1 1 1 7 1 1 1 1 1 1 100 1 1
ciInstanceKlass java/lang/StringBuffer 1 1 483 10 7 12 1 1 1 10 12 1 10 12 1 10 12 1 1 9 7 12 1 1 1 10 12 1 1 10 12 1 10 12 1 1 9 12 1 1 10 12 1 10 12 1 1 10 12 1 1 10 12 1 10 12 1 1 10 12 1 10 12 1 1 10 12 1 1 10 7 12 1 1 1 10 12 1 1 10 12 1 10 12 1 10 12 1 10 12 1 10 12 1 10 12 1 10 12 1 10 12 1 10 12 1 10 12 1 10 12 1 10 12 1 10 12 1 10 12 1 1 10 12 1 10 12 1 1 10 12 1 1 10 10 12 1 1 10 12 1 10 12 1 10 12 1 10 12 1 10 12 1 10 12 1 10 12 10 12 1 10 12 1 10 12 1 10 12 1 1 10 12 1 10 12 1 10 10 12 1 1 10 12 1 10 12 1 10 12 1 10 10 100 12 1 1 1 10 10 12 1 1 9 12 1 1 10 100 12 1 1 10 100 1 8 10 100 12 1 1 1 8 10 12 1 8 1 10 12 1 10 12 1 10 100 12 1 1 1 10 100 12 1 1 1 7 1 10 12 100 1 8 1 10 10 12 1 1 10 12 1 1 10 12 1 10 12 1 10 12 1 1 10 12 1 10 12 1 10 12 1 10 12 1 10 12 1 10 12 10 12 1 10 12 1 10 12 1 10 12 1 10 12 1 10 12 1 10 12 1 10 12 1 10 12 1 10 12 1 10 12 10 12 10 12 1 10 12 1 10 12 1 10 12 10 12 1 10 12 1 10 12 1 10 12 1 10 12 1 10 12 1 10 12 1 10 12 1 10 12 1 10 12 1 10 12 1 7 1 10 12 1 9 7 12 1 1 1 9 7 1 9 12 1 1 7 1 7 1 7 1 7 1 1 1 1 5 0 1 1 1 1 1 1 1 1 1 1 1 1 1 1 1 1 1 1 1 1 1 1 1 1 1 1 1 1 1 1 1 1 1 1 1 1 1 1 1 1 1 1 1 1 1 1 1 1 1 1 1 1 1 1 1 1 1 1 1 1 1 100 1 1 1 1 1 7 1 1 1 1 1 1 1 1 1 1 1 1 1 1 1 1 1 1
staticfield java/lang/StringBuffer serialPersistentFields [Ljava/io/ObjectStreamField; 3 [Ljava/io/ObjectStreamField;
instanceKlass jdk/internal/loader/BuiltinClassLoader
instanceKlass java/net/URLClassLoader
ciInstanceKlass java/security/SecureClassLoader 1 1 102 10 7 12 1 1 1 7 1 10 12 1 9 7 12 1 1 1 10 12 1 10 12 1 10 12 1 1 10 12 1 1 10 12 1 7 1 10 7 1 10 12 1 7 1 10 12 1 11 7 12 1 1 1 7 1 11 12 1 10 12 1 1 1 1 1 1 1 1 1 1 1 1 1 1 1 1 1 1 1 1 1 1 1 1 1 1 1 1 1 1 1 1 1 1 1 1 100 1 1 1 1
ciInstanceKlass java/net/URLClassLoader 0 0 600 10 7 12 1 1 1 100 1 10 12 1 9 7 12 1 1 1 10 7 12 1 1 1 9 12 1 1 100 1 10 12 1 9 12 1 1 10 12 1 10 10 12 1 10 100 12 1 1 1 10 12 1 1 10 7 12 1 1 1 10 100 12 1 1 1 100 1 10 12 1 1 10 12 1 1 10 12 1 1 100 1 100 1 10 7 12 1 1 1 100 1 8 1 10 12 1 10 7 12 1 1 1 10 12 1 1 10 12 1 1 11 100 12 1 1 1 11 7 12 1 1 1 11 12 1 1 7 1 11 12 1 11 7 12 1 1 10 12 1 11 12 1 11 12 1 1 11 10 12 1 1 10 12 1 1 10 12 1 1 100 1 10 12 1 10 12 1 1 7 1 100 1 10 12 1 1 7 1 10 10 12 1 1 10 100 12 1 1 10 12 1 100 1 7 1 10 8 1 10 12 1 1 8 1 10 12 1 1 10 10 12 1 8 1 8 1 10 12 1 1 10 7 12 1 1 1 10 100 12 1 1 1 10 12 1 1 10 12 1 1 10 12 1 1 10 12 1 10 12 1 100 1 100 1 8 1 10 12 1 10 12 1 1 10 12 1 1 7 1 10 12 1 10 100 12 1 1 1 10 12 1 1 10 12 1 1 10 12 1 1 10 12 1 10 100 12 1 1 1 10 12 1 1 8 1 10 12 1 1 11 100 12 1 1 1 9 100 12 1 1 1 10 100 12 1 1 1 9 12 1 9 12 1 9 12 1 9 12 1 9 12 1 9 12 1 10 7 12 1 1 1 8 1 10 12 1 1 100 1 10 10 12 1 10 12 1 1 10 12 1 1 100 1 10 12 1 10 12 1 1 10 12 1 10 12 1 1 100 1 10 100 12 1 1 9 100 12 1 1 1 10 12 1 8 1 100 1 8 1 10 12 1 10 12 1 8 1 10 12 1 10 12 1 9 12 1 1 10 100 12 1 1 10 12 1 10 12 1 10 100 1 8 1 10 100 1 10 12 1 10 100 12 1 100 1 10 12 1 10 12 1 100 1 10 10 7 12 1 1 1 1 1 1 1 1 1 1 1 1 1 1 1 1 1 1 1 1 1 1 1 1 1 1 1 1 1 1 1 1 1 1 1 1 1 7 1 100 1 7 1 7 1 1 1 1 1 1 1 1 1 1 1 1 1 1 1 1 1 1 1 1 1 1 1 1 1 1 1 1 1 1 1 1 1 1 1 1 1 1 1 1 1 1 1 1 1 1 100 1 1 1 1 1 1 1 1 1 1 1 1 1 1 1 1 1 1 1 1 1 1 1 1 1 1 1 1 1 1 1 1 1 1 1 1 1 100 1 1 1
ciInstanceKlass java/util/jar/Manifest 1 1 339 10 7 12 1 1 1 7 1 10 9 7 12 1 1 1 7 1 10 9 12 1 1 9 12 1 1 10 12 1 10 12 1 1 10 12 1 1 10 12 1 1 10 12 1 1 11 7 1 11 12 1 1 10 12 1 1 10 100 12 1 1 1 100 1 7 1 10 8 1 10 12 1 1 10 12 1 1 10 12 1 10 12 1 11 100 1 10 12 1 10 12 1 1 11 12 1 1 10 12 1 11 12 1 1 11 100 12 1 1 1 11 7 12 1 1 11 12 1 1 100 1 10 12 1 8 1 11 12 1 7 1 10 12 1 1 11 12 1 10 12 1 10 12 1 10 7 12 1 1 1 8 1 10 12 1 1 10 9 7 12 1 1 1 10 12 1 1 10 100 12 1 10 12 1 10 12 1 9 100 12 1 1 1 8 1 10 12 1 8 1 8 1 7 1 10 12 1 10 12 1 10 12 1 1 100 1 8 1 10 12 1 1 8 1 10 10 12 1 1 8 1 10 12 1 1 10 7 12 1 1 1 10 12 1 10 11 12 1 1 10 12 1 10 7 12 1 1 1 10 12 1 1 10 12 1 10 12 1 1 11 10 12 1 11 10 12 1 7 1 1 1 1 1 1 1 1 1 1 1 1 1 1 1 1 1 1 1 1 1 1 1 1 1 1 1 1 1 1 1 1 1 1 1 1 1 1 1 1 1 1 1 100 1 1 1 1 1 1 1 1 1 1 1 1 1 1 7 1 1 1 1 1 1 1 1 1 1 1
ciInstanceKlass java/io/ByteArrayInputStream 1 1 117 10 7 12 1 1 1 9 7 12 1 1 1 9 12 1 1 9 12 1 9 12 1 10 100 12 1 1 1 10 7 12 1 1 1 10 7 12 1 1 1 10 100 12 1 1 1 10 12 1 1 3 10 100 1 10 100 12 1 1 1 9 12 1 1 100 1 10 10 7 12 1 1 1 1 1 1 1 1 1 1 1 1 1 1 1 1 1 1 1 1 1 1 1 1 1 1 1 1 1 1 1 100 1 1 1 1 1 1 1 1 1 1 1 1 1 1
staticfield java/io/ByteArrayInputStream $assertionsDisabled Z 1
instanceKlass java/nio/IntBuffer
instanceKlass java/nio/LongBuffer
instanceKlass java/nio/CharBuffer
instanceKlass java/nio/ByteBuffer
ciInstanceKlass java/nio/Buffer 1 1 256 100 1 10 7 12 1 1 1 9 7 12 1 1 1 9 12 1 9 12 1 1 9 12 1 9 12 1 1 10 12 1 1 10 12 1 1 10 12 100 1 7 1 10 8 1 10 12 1 1 10 12 1 8 1 8 1 10 12 1 1 10 12 1 8 1 9 12 1 1 100 1 8 1 10 12 1 8 1 8 1 9 12 10 12 1 8 1 8 1 8 1 10 12 1 8 1 8 1 8 1 100 1 10 100 1 10 100 1 10 9 12 1 1 10 7 12 1 1 1 100 1 10 12 1 1 10 12 1 10 100 12 1 1 10 7 12 1 1 1 10 7 12 1 1 1 9 12 1 1 10 7 12 1 1 1 9 12 1 1 7 1 10 10 12 1 1 7 1 10 10 7 12 1 1 1 1 1 3 1 1 1 1 1 1 1 1 1 1 1 1 1 1 100 1 1 1 1 1 1 1 7 1 1 1 1 1 1 1 1 1 1 1 1 1 1 1 1 1 1 1 1 1 1 1 1 1 1 1 1 1 1 1 1 1 1 1 1 1 1 1 100 1 100 1 100 1 100 1 100 1 100 1 100 1 1
staticfield java/nio/Buffer UNSAFE Ljdk/internal/misc/Unsafe; jdk/internal/misc/Unsafe
staticfield java/nio/Buffer SCOPED_MEMORY_ACCESS Ljdk/internal/misc/ScopedMemoryAccess; jdk/internal/misc/ScopedMemoryAccess
staticfield java/nio/Buffer IOOBE_FORMATTER Ljava/util/function/BiFunction; jdk/internal/util/Preconditions$4
staticfield java/nio/Buffer $assertionsDisabled Z 1
ciInstanceKlass java/util/Objects 1 1 184 10 7 12 1 1 1 100 1 8 1 10 12 1 10 12 1 1 10 7 12 1 1 1 10 12 1 1 10 12 1 10 7 12 1 1 1 10 12 1 1 10 7 12 1 1 1 7 1 10 10 12 1 1 10 7 12 1 1 10 12 1 1 8 1 10 7 12 1 1 1 10 7 12 1 1 1 10 11 100 12 1 1 1 100 1 10 10 12 1 8 1 10 12 1 8 1 7 1 11 12 1 1 8 1 10 7 12 1 1 1 10 12 1 1 10 12 1 10 12 1 10 12 1 10 12 1 1 1 1 1 1 1 1 1 1 1 1 1 1 1 1 1 1 1 1 1 1 1 1 1 1 1 1 1 1 1 1 1 1 1 1 1 1 1 1 1 1 1 1 1 1 1 1 1 1 1 1 1 1 1 1 1 1
ciMethod java/util/Objects requireNonNull (Ljava/lang/Object;)Ljava/lang/Object; 644 0 80768 0 -1
instanceKlass sun/security/jca/ProviderList$ServiceList
instanceKlass java/util/AbstractList$SubList
instanceKlass net/bytebuddy/matcher/FilterableList$AbstractBase
instanceKlass net/bytebuddy/matcher/FilterableList$Empty
instanceKlass java/util/Collections$CopiesList
instanceKlass sun/security/jca/ProviderList$3
instanceKlass java/util/Vector
instanceKlass java/util/ArrayList$SubList
instanceKlass java/util/Collections$SingletonList
instanceKlass java/util/Arrays$ArrayList
instanceKlass java/util/AbstractSequentialList
instanceKlass java/util/Collections$EmptyList
instanceKlass java/util/ArrayList
ciInstanceKlass java/util/AbstractList 1 1 218 10 7 12 1 1 1 9 7 12 1 1 1 10 12 1 1 10 12 1 1 100 1 10 10 12 1 1 11 7 12 1 1 1 11 12 1 1 11 12 1 10 7 12 1 1 1 10 12 1 11 12 1 11 12 1 11 12 1 10 12 1 1 10 12 1 1 11 7 12 1 1 1 11 7 1 11 7 1 10 12 1 7 1 10 12 1 10 12 1 1 7 1 100 1 10 12 1 7 1 10 100 1 7 1 10 8 1 10 12 1 1 10 12 1 10 12 1 1 10 12 1 8 1 100 1 8 1 8 1 8 1 10 7 1 11 10 10 12 1 11 12 1 10 12 1 1 8 1 8 1 1 1 1 1 1 1 1 1 1 1 1 1 1 1 1 1 1 1 1 1 1 1 1 1 1 1 1 1 1 1 1 1 1 1 1 1 1 1 1 1 1 1 1 1 1 1 1 1 1 1 1 1 1 1 1 1 1 100 1 100 1 1 1 1 1 1 1
ciInstanceKlass java/util/List 1 1 251 10 100 12 1 1 1 11 7 12 1 1 1 11 100 12 1 1 1 11 12 1 1 11 100 12 1 1 11 12 1 1 11 12 1 1 10 100 12 1 1 1 7 1 7 1 10 12 1 1 100 1 10 100 12 1 1 1 11 12 1 1 11 12 1 11 12 1 100 1 10 12 1 11 12 1 1 11 12 1 1 11 12 1 10 100 12 1 1 1 9 7 12 1 1 1 7 1 10 12 10 12 1 7 1 10 12 1 1 10 12 1 10 12 1 1 11 12 1 1 100 1 1 1 1 1 1 1 1 1 1 1 1 1 1 1 1 1 1 1 1 1 1 1 1 1 1 1 1 1 1 1 1 1 1 1 1 1 1 1 1 1 1 1 1 100 1 100 1 1 1 1 1 1 1 1 1 1 1 1 1 1 1 1 1 1 1 1 1 1 1 1 1 1 1 1 1 1 1 1 1 1 1 1 1 1 1 1 1 1 1 1 1 1 1 1 1 1 1 1 1 1 1 1 1 1 1 1 1 1 1 1 1 1 1 1 1 1 1 1 1 1 1 1 100 1 1 100 1 1 1
ciInstanceKlass java/util/SequencedCollection 1 1 109 100 1 10 12 1 1 11 7 12 1 1 1 11 7 12 1 1 1 11 12 1 1 11 12 1 7 1 7 1 1 1 1 1 1 1 1 1 1 1 1 1 1 1 1 1 1 1 1 1 1 1 1 1 1 1 1 1 100 1 8 1 1 12 10 1 1 1 8 1 1 1 8 1 1 1 8 1 1 1 8 1 1 8 1 1 1 8 1 1 8 1 1 1 8 1 1 8 1 1 1 8 1 1 8 1 1 8 1
ciInstanceKlass java/util/Collection 1 1 115 11 100 12 1 1 1 100 1 11 7 12 1 1 1 10 7 12 1 1 1 11 12 1 1 11 7 12 1 1 1 11 12 1 1 11 100 12 1 1 1 11 12 1 1 10 100 12 1 1 1 11 12 1 10 7 12 1 1 1 100 1 100 1 1 1 1 1 1 1 1 1 1 1 1 1 1 1 1 1 1 1 1 1 1 1 1 1 1 1 1 1 1 1 1 1 1 1 1 1 1 1 1 1 1 1 1 1 1 1 1 1 1 1 1
ciInstanceKlass java/lang/Iterable 1 1 62 10 7 12 1 1 1 11 7 12 1 1 1 11 7 12 1 1 1 11 12 1 1 11 7 12 1 1 1 10 7 12 1 1 1 100 1 1 1 1 1 1 1 1 1 1 1 1 1 1 1 1 1 1 1 1 1 1 1 1 1 1
instanceKlass com/google/common/collect/AbstractMultiset
instanceKlass java/util/TreeMap$Values
instanceKlass com/google/common/collect/ImmutableCollection
instanceKlass io/cucumber/core/internal/com/fasterxml/jackson/databind/util/internal/LinkedDeque
instanceKlass java/util/IdentityHashMap$Values
instanceKlass java/util/concurrent/ConcurrentLinkedDeque
instanceKlass java/util/AbstractQueue
instanceKlass java/util/LinkedHashMap$LinkedValues
instanceKlass java/util/HashMap$Values
instanceKlass java/util/ArrayDeque
instanceKlass java/util/AbstractSet
instanceKlass java/util/ImmutableCollections$AbstractImmutableCollection
instanceKlass java/util/AbstractList
ciInstanceKlass java/util/AbstractCollection 1 1 160 10 7 12 1 1 1 10 7 12 1 1 1 10 12 1 1 11 7 12 1 1 1 11 12 1 1 10 12 1 1 10 100 12 1 1 1 10 12 1 1 10 12 1 1 10 7 12 1 1 10 7 12 1 1 1 7 1 10 7 12 1 1 1 10 100 12 1 1 1 100 1 10 11 12 1 11 7 1 10 12 1 10 12 1 10 100 12 1 1 1 11 8 1 7 1 10 10 12 1 1 8 1 10 12 1 10 12 1 1 1 1 1 1 1 1 1 1 1 1 1 1 1 1 1 1 1 1 1 1 1 1 1 1 1 1 1 1 1 1 1 1 1 1 1 1 1 1 1 1 1 1 1 1 1 1 1 1 1 1
ciInstanceKlass java/lang/AssertionStatusDirectives 0 0 24 10 100 12 1 1 1 100 1 1 1 1 1 1 1 1 1 1 1 1 1 1 1 1
instanceKlass jdk/internal/net/http/websocket/FailWebSocketException
instanceKlass jdk/internal/net/http/websocket/CheckFailedException
instanceKlass java/lang/MatchException
instanceKlass java/security/ProviderException
instanceKlass java/io/UncheckedIOException
instanceKlass net/thucydides/core/webdriver/CapabilitiesCouldNotBeParsedException
instanceKlass net/thucydides/core/webdriver/capabilities/InvalidCapabilityException
instanceKlass net/serenitybdd/core/webdriver/driverproviders/RemoteDriverConfigurationError
instanceKlass net/thucydides/core/annotations/NotImplementedException
instanceKlass net/thucydides/core/webdriver/ThucydidesConfigurationException
instanceKlass net/serenitybdd/screenplay/injectors/CastingException
instanceKlass net/serenitybdd/core/pages/UnableToInvokeWhenPageOpensMethods
instanceKlass net/thucydides/core/annotations/InvalidStepsFieldException
instanceKlass net/thucydides/core/steps/InvalidManagedPagesFieldException
instanceKlass net/thucydides/core/annotations/InvalidManagedWebDriverFieldException
instanceKlass net/thucydides/core/webdriver/DevToolsNotSupportedException
instanceKlass net/thucydides/core/webdriver/HasAuthenticationNotSupportedException
instanceKlass net/serenitybdd/model/exceptions/TestCompromisedException
instanceKlass java/lang/TypeNotPresentException
instanceKlass net/serenitybdd/core/exceptions/StepInitialisationException
instanceKlass net/thucydides/core/steps/RecursiveOrCyclicStepLibraryReferenceException
instanceKlass io/cucumber/docstring/CucumberDocStringException
instanceKlass io/cucumber/datatable/CucumberDataTableException
instanceKlass io/cucumber/cucumberexpressions/CucumberExpressionException
instanceKlass io/cucumber/junit/UndefinedStepException
instanceKlass com/google/common/cache/CacheLoader$InvalidCacheLoadException
instanceKlass com/google/common/util/concurrent/UncheckedExecutionException
instanceKlass java/util/concurrent/RejectedExecutionException
instanceKlass net/thucydides/core/webdriver/DriverConfigurationError
instanceKlass net/serenitybdd/model/exceptions/SerenityManagedException
instanceKlass org/openqa/selenium/WebDriverException
instanceKlass net/serenitybdd/model/SkipStepException
instanceKlass io/cucumber/java/PendingException
instanceKlass net/thucydides/model/steps/StepFailureException
instanceKlass net/thucydides/model/screenshots/ScreenshotException
instanceKlass net/serenitybdd/model/IgnoredStepException
instanceKlass net/serenitybdd/model/PendingStepException
instanceKlass io/cucumber/core/backend/CucumberInvocationTargetException
instanceKlass io/cucumber/core/backend/CucumberBackendException
instanceKlass io/cucumber/core/internal/com/fasterxml/jackson/databind/RuntimeJsonMappingException
instanceKlass io/cucumber/core/runtime/TestCaseFailed
instanceKlass freemarker/template/utility/UndeclaredThrowableException
instanceKlass freemarker/core/BugException
instanceKlass net/thucydides/model/reports/json/AScenarioHasNoNameException
instanceKlass com/google/gson/JsonParseException
instanceKlass java/util/ConcurrentModificationException
instanceKlass io/cucumber/gherkin/ParserException
instanceKlass java/nio/file/FileSystemNotFoundException
instanceKlass io/cucumber/core/gherkin/FeatureParserException
instanceKlass java/util/NoSuchElementException
instanceKlass java/lang/IndexOutOfBoundsException
instanceKlass java/time/DateTimeException
instanceKlass com/typesafe/config/ConfigException
instanceKlass io/cucumber/tagexpressions/TagExpressionException
instanceKlass io/cucumber/core/exception/CucumberException
instanceKlass java/lang/UnsupportedOperationException
instanceKlass java/lang/IllegalStateException
instanceKlass org/junit/runner/notification/StoppedByUserException
instanceKlass org/junit/internal/AssumptionViolatedException
instanceKlass java/lang/reflect/UndeclaredThrowableException
instanceKlass java/lang/SecurityException
instanceKlass java/lang/IllegalArgumentException
instanceKlass java/lang/ArithmeticException
instanceKlass java/lang/NullPointerException
instanceKlass java/lang/IllegalMonitorStateException
instanceKlass java/lang/ArrayStoreException
instanceKlass java/lang/ClassCastException
ciInstanceKlass java/lang/RuntimeException 1 1 40 10 7 12 1 1 1 10 12 1 10 12 1 10 12 1 10 12 1 100 1 1 1 1 5 0 1 1 1 1 1 1 1 1 1 1 1 1 1 1
instanceKlass jdk/internal/net/http/common/DebugLogger$LoggerConfig
instanceKlass jdk/internal/misc/ThreadTracker$ThreadRef
instanceKlass java/lang/reflect/Executable$ParameterData
instanceKlass java/lang/reflect/Proxy$ProxyBuilder$ProxyClassContext
instanceKlass java/nio/DirectByteBuffer$Deallocator
instanceKlass jdk/net/UnixDomainPrincipal
instanceKlass java/security/SecureClassLoader$CodeSourceKey
instanceKlass jdk/internal/module/ModuleReferenceImpl$CachedHash
instanceKlass java/util/stream/Collectors$CollectorImpl
instanceKlass jdk/internal/reflect/ReflectionFactory$Config
instanceKlass jdk/internal/foreign/abi/UpcallLinker$CallRegs
instanceKlass jdk/internal/foreign/abi/VMStorage
ciInstanceKlass java/lang/Record 1 1 22 10 7 12 1 1 1 100 1 1 1 1 1 1 1 1 1 1 1 1 1 1
ciInstanceKlass java/lang/invoke/MethodType 1 1 780 7 1 10 7 12 1 1 1 9 12 1 1 9 12 1 1 9 12 1 1 10 7 12 1 1 1 9 7 12 1 1 8 1 10 100 12 1 1 1 9 7 1 9 7 1 10 12 1 1 7 1 10 8 1 10 12 1 1 10 12 1 10 12 1 1 7 1 8 1 10 12 1 100 1 10 10 12 1 10 12 1 1 10 12 1 1 11 7 12 1 1 1 9 12 1 11 12 1 1 7 10 12 1 1 10 12 1 1 7 1 7 1 10 7 12 1 1 1 10 12 1 10 12 1 9 12 1 1 10 7 12 1 1 10 12 1 1 10 7 12 1 1 1 10 7 12 1 1 1 10 12 1 9 12 1 1 10 12 1 1 10 12 1 1 10 12 1 1 10 12 1 1 10 12 1 1 10 12 1 10 12 1 10 12 1 1 10 12 1 8 1 8 1 10 12 1 1 9 12 1 1 100 1 10 10 12 1 1 10 12 1 10 12 1 1 10 12 1 1 10 12 1 10 12 1 10 12 1 8 1 10 12 1 1 10 7 12 1 1 1 10 12 1 10 12 1 1 10 12 1 10 12 1 10 12 1 1 10 12 1 10 12 1 9 12 1 10 12 1 10 10 12 1 1 10 12 1 9 12 1 1 10 12 1 1 11 12 1 1 10 12 1 1 10 12 1 10 12 1 100 1 8 1 8 1 8 1 10 12 1 10 12 1 10 12 1 1 10 10 12 1 11 12 1 1 11 12 1 10 100 12 1 1 1 9 12 1 10 12 1 10 12 1 1 10 12 1 1 10 12 1 10 12 1 10 100 12 1 1 1 10 12 1 1 10 12 1 10 12 1 10 12 1 10 9 12 1 1 7 1 10 12 1 10 12 1 1 9 100 12 1 1 1 10 7 12 1 1 1 10 7 12 1 1 1 10 12 1 1 10 7 12 1 1 1 10 12 1 1 8 1 10 7 12 1 1 1 11 12 1 1 9 12 1 1 10 12 1 1 10 12 1 10 12 1 1 10 12 1 1 10 100 12 1 1 100 1 10 12 1 1 11 100 12 1 1 18 12 1 1 11 12 1 1 18 12 1 11 12 1 100 1 11 100 12 1 1 10 12 1 100 1 10 12 1 10 100 12 1 1 10 12 1 1 9 12 1 1 9 100 12 1 1 1 10 7 12 1 1 1 9 12 1 10 100 12 1 1 10 12 1 100 10 12 1 1 10 12 1 7 1 10 10 12 1 1 7 1 7 1 9 12 1 1 7 1 7 1 7 1 1 1 5 0 1 1 1 1 1 1 1 3 1 3 1 3 1 1 1 1 1 1 1 1 1 1 1 1 1 1 1 1 1 1 1 1 1 1 1 1 1 1 1 1 1 1 1 1 1 1 1 1 1 1 1 1 1 1 1 1 1 1 1 1 1 1 1 1 1 1 1 1 1 1 1 1 1 1 1 1 1 1 1 1 1 1 1 1 1 1 1 1 1 1 1 1 1 1 1 1 1 1 1 1 1 1 1 1 1 1 1 1 1 1 1 1 1 1 1 1 1 1 1 1 1 1 1 1 1 1 1 1 1 1 1 1 1 1 1 1 1 1 1 1 1 1 100 1 100 1 1 1 1 1 1 1 1 1 1 1 1 1 100 1 1 1 7 1 1 1 1 1 1 1 1 1 1 1 1 1 1 1 1 1 1 1 1 1 1 16 15 10 12 16 16 15 10 12 16 15 10 100 12 1 1 1 1 1 7 1 1 7 1 1 100 1 100 1 1
staticfield java/lang/invoke/MethodType internTable Ljdk/internal/util/ReferencedKeySet; jdk/internal/util/ReferencedKeySet
staticfield java/lang/invoke/MethodType NO_PTYPES [Ljava/lang/Class; 0 [Ljava/lang/Class;
staticfield java/lang/invoke/MethodType objectOnlyTypes [Ljava/lang/invoke/MethodType; 20 [Ljava/lang/invoke/MethodType;
staticfield java/lang/invoke/MethodType METHOD_HANDLE_ARRAY [Ljava/lang/Class; 1 [Ljava/lang/Class;
staticfield java/lang/invoke/MethodType serialPersistentFields [Ljava/io/ObjectStreamField; 0 [Ljava/io/ObjectStreamField;
staticfield java/lang/invoke/MethodType $assertionsDisabled Z 1
ciInstanceKlass java/lang/invoke/TypeDescriptor$OfMethod 1 0 43 100 1 100 1 100 1 1 1 1 1 1 1 1 1 1 1 1 1 1 1 1 1 1 1 1 1 1 1 1 1 1 1 1 1 1 1 1 1 1 100 1 1
instanceKlass java/lang/InstantiationException
instanceKlass java/lang/IllegalAccessException
instanceKlass java/lang/reflect/InvocationTargetException
instanceKlass java/lang/NoSuchFieldException
instanceKlass java/lang/NoSuchMethodException
instanceKlass java/lang/ClassNotFoundException
ciInstanceKlass java/lang/ReflectiveOperationException 1 1 34 10 7 12 1 1 1 10 12 1 10 12 1 10 12 1 100 1 1 1 1 5 0 1 1 1 1 1 1 1 1 1 1 1
instanceKlass java/lang/invoke/DelegatingMethodHandle
instanceKlass java/lang/invoke/BoundMethodHandle
instanceKlass java/lang/invoke/DirectMethodHandle
ciInstanceKlass java/lang/invoke/MethodHandle 1 1 733 100 1 9 7 12 1 1 1 10 7 12 1 1 1 10 7 12 1 1 1 7 1 7 1 10 12 1 1 9 12 1 1 10 12 1 10 12 1 1 10 12 1 1 10 100 12 1 1 1 10 12 1 1 10 12 1 1 11 7 12 1 1 1 10 12 1 1 10 12 1 10 12 1 10 12 1 1 9 12 1 1 9 12 1 1 10 7 12 1 1 1 10 12 1 1 10 12 1 10 12 1 100 1 7 1 10 8 1 10 12 1 1 10 12 1 8 1 10 12 1 1 10 12 1 10 7 12 1 1 1 10 12 1 1 10 12 1 1 10 12 1 1 10 7 12 1 1 1 10 12 1 1 10 12 1 1 10 12 1 10 12 1 1 10 7 12 1 1 10 7 12 1 1 10 12 1 10 12 1 10 12 1 1 10 12 1 1 10 12 1 1 10 12 1 1 10 7 12 1 1 1 10 7 12 1 1 1 10 12 1 1 10 12 1 1 10 12 1 1 8 1 10 7 12 1 1 1 8 1 10 12 1 10 12 1 1 10 12 1 1 10 12 1 8 1 10 12 1 1 8 1 10 12 1 8 1 10 7 12 1 1 1 9 12 1 1 100 1 10 9 7 12 1 1 1 9 7 1 8 1 10 12 1 1 10 12 1 10 12 1 1 10 12 1 10 12 1 1 10 12 1 10 12 1 1 10 12 1 10 12 1 1 10 12 1 1 8 1 10 12 1 1 8 1 10 12 1 10 12 1 1 10 12 1 10 12 1 10 12 1 1 9 100 12 1 1 1 10 12 1 1 11 12 1 10 12 1 10 12 1 1 10 100 12 1 1 100 1 11 12 1 10 100 1 11 12 1 7 1 10 12 1 11 12 1 9 100 12 1 1 1 11 12 1 1 11 100 12 1 1 1 10 12 1 1 9 12 1 11 12 1 9 12 1 9 12 1 9 12 1 11 12 1 1 9 12 1 9 12 1 9 12 1 9 12 1 9 12 1 9 12 1 9 12 1 8 1 10 12 1 10 12 1 8 1 10 12 1 10 12 1 10 12 1 1 10 10 10 7 12 1 1 10 12 1 1 100 1 100 1 8 1 8 1 10 10 12 1 1 10 12 1 10 12 1 7 1 10 100 12 1 1 1 10 9 7 12 1 1 1 10 12 1 1 10 12 1 1 8 1 8 1 10 7 12 1 1 9 12 1 9 12 1 1 9 12 1 1 10 12 1 7 1 10 12 1 10 12 1 1 9 12 1 1 9 12 1 1 10 7 12 1 1 1 11 7 12 1 1 9 12 1 10 12 1 1 9 12 1 10 12 1 8 10 12 1 1 8 1 1 1 1 1 1 1 1 7 1 1 1 1 1 1 1 1 1 1 1 1 1 1 1 1 1 1 1 1 1 1 1 1 1 1 1 1 1 1 100 1 1 1 1 1 1 1 1 1 1 1 1 1 1 1 1 1 1 1 1 1 1 1 1 1 1 1 1 1 1 1 1 1 1 1 1 1 1 1 1 1 1 1 1 1 1 1 1 1 1 1 1 1 1 1 1 1 1 1 1 1 1 1 1 1 1 1 1 1 1 1 1 1 1 1 1 1 1 1 1 1 1 1 1 1 1 100 1 1 100 1 7 1 100 1 1 100 1 1 100 1 1 1 1
staticfield java/lang/invoke/MethodHandle FORM_OFFSET J 20
staticfield java/lang/invoke/MethodHandle UPDATE_OFFSET J 13
staticfield java/lang/invoke/MethodHandle $assertionsDisabled Z 1
instanceKlass net/serenitybdd/core/sessions/TestSessionVariables
instanceKlass io/cucumber/core/internal/com/fasterxml/jackson/core/util/InternCache
ciInstanceKlass java/util/concurrent/ConcurrentHashMap 1 1 1210 7 1 7 1 3 10 12 1 1 3 7 1 10 7 12 1 1 1 7 1 10 7 12 1 1 1 100 1 11 12 1 1 11 12 1 11 12 1 1 9 12 1 1 9 12 1 1 9 12 1 10 7 12 1 1 1 7 1 10 12 1 1 10 12 1 1 10 7 12 1 1 1 4 10 12 1 9 12 1 10 12 1 1 100 1 10 5 0 10 12 1 10 12 1 1 5 0 10 12 1 1 10 12 1 9 12 1 1 10 12 1 1 9 12 1 9 12 1 1 10 12 1 1 9 12 1 10 12 1 1 9 12 1 1 10 12 1 1 100 1 10 100 1 10 12 1 10 12 1 1 10 12 1 1 10 12 1 1 10 12 1 10 12 1 1 10 12 1 1 100 1 10 12 1 1 7 1 100 1 8 1 10 12 1 10 12 1 1 10 12 1 1 11 7 12 1 1 10 12 1 1 11 12 1 1 11 7 12 1 1 1 11 7 12 1 1 1 11 12 1 7 1 11 12 1 11 12 1 10 12 1 1 10 12 1 1 9 12 1 1 10 100 12 1 1 1 9 10 12 1 1 9 12 1 10 12 1 1 5 0 9 12 1 1 7 1 10 12 1 9 12 1 1 7 1 10 12 1 9 12 1 7 1 10 7 1 10 10 12 1 1 8 1 10 12 1 10 12 1 1 11 100 1 10 12 1 10 100 12 1 1 1 8 1 10 100 12 1 1 1 8 1 10 12 1 8 1 10 12 1 10 12 1 1 10 100 12 1 1 10 12 1 10 12 1 10 12 1 9 12 1 9 10 12 1 9 12 1 1 11 100 12 1 1 1 11 7 12 1 1 1 100 1 10 12 11 100 12 1 1 10 11 7 12 1 10 12 1 100 1 10 12 1 100 1 10 10 9 7 12 1 1 1 10 12 3 10 7 12 1 1 9 12 1 10 12 1 1 9 12 1 1 9 12 1 10 12 1 1 10 100 12 1 1 9 12 1 9 7 12 1 1 10 12 1 1 10 12 1 3 9 12 1 9 12 1 10 12 1 1 7 1 9 3 9 12 1 7 1 10 12 1 9 12 1 10 12 1 9 12 1 10 12 1 9 12 1 10 100 12 1 1 1 100 10 12 1 7 1 5 0 10 100 12 1 1 100 1 10 12 1 1 10 12 1 10 12 1 100 1 10 12 1 10 100 1 100 1 10 10 12 1 10 100 1 10 12 1 10 100 1 10 12 1 10 7 1 10 12 1 1 100 1 10 12 1 10 10 12 1 100 1 10 12 1 10 10 12 1 100 1 10 12 1 10 100 1 10 12 1 10 100 1 10 12 1 10 100 1 10 12 1 10 100 1 10 12 1 10 100 1 10 12 1 10 100 1 10 12 1 10 100 1 10 12 1 10 100 1 10 10 100 1 10 10 100 1 10 10 100 1 10 12 1 10 100 1 10 12 1 10 100 1 10 12 1 10 100 1 10 12 1 10 100 1 10 12 1 10 100 1 10 10 100 1 10 10 100 1 10 10 100 1 10 12 1 10 100 1 10 12 1 10 100 1 10 12 1 10 100 1 10 12 1 10 100 1 10 12 1 10 10 12 1 10 7 12 1 1 1 10 12 1 7 1 7 1 10 12 1 9 12 1 1 9 12 1 1 10 12 1 1 8 10 12 1 1 8 8 8 8 7 10 12 1 1 10 12 1 100 1 8 1 10 7 1 7 1 7 1 1 1 5 0 1 1 3 1 3 1 1 1 1 3 1 3 1 3 1 1 1 1 1 3 1 3 1 3 1 1 1 1 1 1 1 1 1 1 1 1 1 1 1 1 1 1 1 1 1 1 1 1 1 100 1 1 1 1 1 1 1 1 1 1 1 1 1 1 1 1 1 1 1 1 1 1 1 1 1 1 1 1 1 1 1 1 1 1 1 1 1 1 1 1 1 1 1 1 1 1 1 1 1 1 1 1 1 1 1 1 1 1 1 1 1 1 1 1 1 1 1 1 1 1 1 1 1 1 1 1 1 1 1 1 1 1 1 1 100 1 1 1 1 1 1 1 1 1 1 1 7 1 1 1 1 1 1 1 1 1 1 1 1 1 1 1 1 1 1 1 1 1 1 1 1 1 1 1 1 1 1 1 1 1 1 1 1 1 1 1 1 1 1 1 1 1 1 1 1 1 1 1 1 1 1 1 1 1 1 1 1 1 1 1 1 1 1 1 1 1 1 1 1 1 1 1 1 1 1 1 1 1 1 1 1 1 1 1 1 1 1 1 1 1 1 1 1 1 1 1 1 1 1 1 1 1 1 1 1 1 1 1 1 1 1 1 1 1 1 1 1 1 1 1 1 1 1 1 1 1 1 1 1 1 1 1 1 1 1 1 1 1 1 1 1 1 1 1 1 1 1 1 1 1 1 1 1 1 1 1 1 1 1 1 1 1 1 1 1 1 1 1 1 1 1 1 1 1 1 1 1 1 1 1 1 1 1 1 1 1 1 1 1 1 1 1 1 1 1 1 1 1 1 1 1 1 1 1 1 1 1 1 1 1 1 1 1 1 1 1 1 1 1 1 100 1 100 1 100 1 100 1 100 1 100 1 100 1 100 1 100 1 1 1 1 1 1 1 1 1 1 1 1 1 1 1 1 1 1 1 1 1 1 1 1 1 1 1 1 1 1 1 1 1 1 1 1 1 1 1 1 1 1 1 1 1 1 1 1 1 1 1 1 1 1 1 1 1 1
staticfield java/util/concurrent/ConcurrentHashMap NCPU I 8
staticfield java/util/concurrent/ConcurrentHashMap serialPersistentFields [Ljava/io/ObjectStreamField; 3 [Ljava/io/ObjectStreamField;
staticfield java/util/concurrent/ConcurrentHashMap U Ljdk/internal/misc/Unsafe; jdk/internal/misc/Unsafe
staticfield java/util/concurrent/ConcurrentHashMap SIZECTL J 20
staticfield java/util/concurrent/ConcurrentHashMap TRANSFERINDEX J 32
staticfield java/util/concurrent/ConcurrentHashMap BASECOUNT J 24
staticfield java/util/concurrent/ConcurrentHashMap CELLSBUSY J 36
staticfield java/util/concurrent/ConcurrentHashMap CELLVALUE J 144
staticfield java/util/concurrent/ConcurrentHashMap ABASE I 16
staticfield java/util/concurrent/ConcurrentHashMap ASHIFT I 2
instanceKlass com/google/common/collect/Maps$IteratorBasedAbstractMap
instanceKlass com/google/common/cache/LocalCache
instanceKlass io/cucumber/core/internal/com/fasterxml/jackson/databind/util/internal/PrivateMaxEntriesMap
instanceKlass java/util/Collections$SingletonMap
instanceKlass io/cucumber/core/options/CucumberProperties$CucumberPropertiesMap
instanceKlass java/util/TreeMap
instanceKlass java/util/concurrent/ConcurrentSkipListMap
instanceKlass java/util/IdentityHashMap
instanceKlass java/util/EnumMap
instanceKlass java/util/WeakHashMap
instanceKlass java/util/Collections$EmptyMap
instanceKlass sun/util/PreHashedMap
instanceKlass java/util/HashMap
instanceKlass java/util/ImmutableCollections$AbstractImmutableMap
instanceKlass java/util/concurrent/ConcurrentHashMap
ciInstanceKlass java/util/AbstractMap 1 1 196 10 7 12 1 1 1 10 7 12 1 1 1 11 7 12 1 1 1 10 11 12 1 1 11 7 12 1 1 1 11 12 1 1 7 1 11 12 1 10 12 1 1 11 12 1 100 1 10 11 12 1 11 7 1 10 12 1 1 11 12 1 9 12 1 1 7 1 10 12 1 9 12 1 1 100 1 10 11 11 12 1 1 11 12 1 7 1 100 1 11 12 1 8 1 7 1 10 10 12 1 1 8 1 10 12 1 10 12 1 1 10 12 1 1 1 1 1 1 1 1 1 1 1 1 1 1 1 1 1 1 1 1 1 1 1 1 1 1 1 1 1 1 1 1 1 1 1 1 1 1 1 1 7 1 1 1 1 1 1 1 7 1 1 1 1 1 1 1 1 1 7 1 1 1 1 1 1 1 1 1 100 1 100 1 100 1 100 1 100 1 1 1 1 1 1
ciInstanceKlass java/util/concurrent/ConcurrentMap 1 1 208 11 7 12 1 1 1 10 100 12 1 1 11 12 1 1 11 100 12 1 1 1 11 7 12 1 1 1 11 12 1 1 100 1 11 12 1 11 12 1 100 1 11 100 12 1 1 1 18 12 1 11 12 1 1 11 100 12 1 1 11 12 1 1 11 100 12 1 11 12 1 1 11 12 1 1 7 1 7 1 1 1 1 1 1 1 1 1 1 1 1 1 1 1 1 1 1 1 1 1 1 1 1 1 1 1 1 1 1 1 1 1 1 1 1 1 1 1 1 1 1 1 1 1 1 1 1 1 1 1 1 1 1 1 1 1 1 1 1 16 15 11 12 15 10 100 12 1 1 1 1 1 100 1 100 1 1 1 100 1 8 1 1 12 10 1 1 1 8 1 1 1 8 1 1 8 1 1 1 8 1 1 1 8 1 1 1 8 1 1 1 8 1 1 1 8 1 1 1 8 1 1 1 8 1 1 8 1
ciInstanceKlass jdk/internal/loader/ClassLoaders 1 1 183 10 7 12 1 1 1 10 7 12 1 1 1 10 12 1 1 10 100 12 1 1 1 9 7 12 1 1 1 9 12 1 1 9 12 1 1 7 1 11 100 12 1 1 1 100 1 11 12 1 1 11 12 1 1 10 100 12 1 1 1 10 100 12 1 1 1 100 1 100 1 10 7 12 1 1 1 9 12 1 1 10 12 1 1 7 1 10 12 1 1 10 12 1 7 1 8 1 10 7 12 1 1 1 10 12 1 1 7 1 10 12 1 10 12 1 10 12 1 8 1 10 7 12 1 1 8 1 8 1 10 12 1 7 1 10 12 1 10 12 1 10 12 1 1 1 1 1 1 1 1 1 1 1 1 1 1 1 1 1 1 1 1 7 1 1 1 1 1 1 1 1 1 1 1 1 1 1 1 1 1 1 1
staticfield jdk/internal/loader/ClassLoaders JLA Ljdk/internal/access/JavaLangAccess; java/lang/System$2
staticfield jdk/internal/loader/ClassLoaders BOOT_LOADER Ljdk/internal/loader/ClassLoaders$BootClassLoader; jdk/internal/loader/ClassLoaders$BootClassLoader
staticfield jdk/internal/loader/ClassLoaders PLATFORM_LOADER Ljdk/internal/loader/ClassLoaders$PlatformClassLoader; jdk/internal/loader/ClassLoaders$PlatformClassLoader
staticfield jdk/internal/loader/ClassLoaders APP_LOADER Ljdk/internal/loader/ClassLoaders$AppClassLoader; jdk/internal/loader/ClassLoaders$AppClassLoader
instanceKlass jdk/internal/loader/ClassLoaders$BootClassLoader
instanceKlass jdk/internal/loader/ClassLoaders$PlatformClassLoader
instanceKlass jdk/internal/loader/ClassLoaders$AppClassLoader
ciInstanceKlass jdk/internal/loader/BuiltinClassLoader 1 1 737 9 7 12 1 1 1 10 7 12 1 1 1 10 7 12 1 1 1 9 12 1 1 9 12 1 1 7 1 10 12 1 9 12 1 10 12 1 9 12 1 10 7 12 1 1 1 10 7 12 1 1 1 10 7 12 1 1 1 11 7 12 1 1 1 7 1 7 1 10 10 12 1 1 8 1 10 12 1 10 12 7 1 10 12 1 10 12 1 1 11 7 12 1 1 1 11 7 12 1 1 1 11 12 1 1 7 1 8 1 8 1 10 9 12 1 1 10 7 12 1 1 11 12 1 1 10 12 1 1 10 12 1 1 10 12 1 1 10 7 12 1 1 1 10 12 1 10 7 12 1 1 1 10 12 1 1 11 7 12 1 1 1 10 7 12 1 1 7 1 10 7 12 1 1 1 10 12 1 100 1 8 1 10 12 1 1 10 8 1 10 12 1 1 10 12 1 1 10 12 1 1 11 7 12 1 1 11 12 1 7 1 10 11 12 1 1 11 10 12 1 1 7 1 10 12 1 10 7 12 1 10 12 1 7 1 10 12 1 10 7 12 1 1 1 100 1 10 12 1 1 11 12 1 100 1 100 1 10 12 1 10 12 1 1 100 1 100 1 10 12 1 10 12 1 18 12 1 1 10 12 1 10 12 1 1 18 100 1 10 7 12 1 1 1 7 1 10 10 12 1 1 10 12 1 1 10 12 1 1 10 12 1 9 12 1 1 100 1 10 10 12 1 1 10 12 1 1 10 12 1 10 12 10 12 1 1 10 12 1 1 10 12 1 1 10 12 1 10 12 1 1 18 12 1 7 1 10 12 1 1 10 12 1 10 12 1 1 10 12 1 100 1 10 12 1 7 1 10 12 1 10 7 12 1 1 1 10 12 1 11 12 1 7 1 10 12 1 7 1 100 1 10 12 1 10 12 1 11 12 1 1 10 12 1 1 10 12 1 1 10 12 1 1 10 12 1 1 10 12 1 10 12 1 10 12 1 10 12 1 8 1 10 12 1 1 10 7 12 1 1 10 12 1 100 1 8 1 8 1 10 10 12 1 8 1 8 1 10 7 12 1 1 1 11 7 12 1 1 1 9 7 12 1 1 1 10 7 12 1 1 1 9 12 1 9 12 1 9 12 1 9 12 1 9 12 1 9 12 1 10 7 12 1 1 1 8 1 10 12 1 7 1 10 12 1 1 10 12 1 7 1 10 11 12 1 1 10 12 10 12 1 10 12 1 100 1 10 12 1 10 12 1 10 10 12 1 10 7 12 1 1 8 1 10 7 12 1 1 10 12 1 1 1 1 1 1 1 1 1 1 1 1 1 1 1 1 1 1 1 1 1 1 1 1 1 1 1 1 1 1 1 1 1 1 1 1 1 1 1 1 1 1 1 1 1 1 1 1 1 1 1 1 1 1 1 1 7 1 1 1 1 1 1 1 1 1 1 1 1 1 1 1 1 1 1 7 1 7 1 1 1 1 1 1 1 1 1 1 1 1 1 1 1 1 1 1 1 1 1 1 1 1 1 1 1 1 1 1 1 1 1 1 1 1 1 1 1 1 1 1 1 1 1 1 1 1 1 1 1 100 1 1 16 15 10 12 16 15 10 12 16 15 10 12 16 1 15 10 100 12 1 1 1 1 1 100 1 1 1 1 1 100 1 100 1 1
staticfield jdk/internal/loader/BuiltinClassLoader packageToModule Ljava/util/Map; java/util/concurrent/ConcurrentHashMap
staticfield jdk/internal/loader/BuiltinClassLoader $assertionsDisabled Z 1
ciInstanceKlass jdk/internal/loader/ClassLoaders$AppClassLoader 1 1 119 8 1 10 7 12 1 1 1 10 7 12 1 1 1 10 7 12 1 1 1 10 12 1 1 10 7 12 1 1 1 10 12 1 1 10 12 1 1 7 1 8 1 10 12 10 7 12 1 1 1 10 7 12 1 1 10 12 1 1 10 12 1 1 10 7 12 1 1 1 7 1 10 12 1 1 1 1 1 1 1 1 1 1 1 1 1 1 1 1 1 1 1 1 1 7 1 1 1 1 1 1 1 1 1 1 1 1 1 1 1 1 1 1 1 7 1 1 1
ciInstanceKlass jdk/internal/loader/ClassLoaders$PlatformClassLoader 1 1 42 8 1 10 7 12 1 1 1 10 7 12 1 1 1 7 1 10 12 1 7 1 1 1 1 1 1 1 1 1 1 1 1 1 1 7 1 1 1 100 1 1
ciInstanceKlass java/lang/ArithmeticException 1 1 26 10 100 12 1 1 1 10 12 1 100 1 1 1 1 5 0 1 1 1 1 1 1 1 1 1
ciInstanceKlass java/lang/ArrayStoreException 1 1 26 10 100 12 1 1 1 10 12 1 100 1 1 1 1 5 0 1 1 1 1 1 1 1 1 1
ciInstanceKlass java/lang/ClassCastException 1 1 26 10 100 12 1 1 1 10 12 1 100 1 1 1 1 5 0 1 1 1 1 1 1 1 1 1
ciInstanceKlass java/lang/ClassNotFoundException 1 1 96 7 1 10 7 12 1 1 1 10 12 1 10 12 1 1 10 100 12 1 1 1 8 1 10 100 12 1 1 1 10 7 12 1 1 10 100 12 1 1 1 10 100 12 1 1 1 10 12 1 1 7 1 10 12 1 9 12 1 1 1 1 1 5 0 1 1 1 1 1 1 1 1 1 1 1 1 1 1 1 1 1 1 100 1 1 1 1 1 1 1 1 1 1 1 1
staticfield java/lang/ClassNotFoundException serialPersistentFields [Ljava/io/ObjectStreamField; 1 [Ljava/io/ObjectStreamField;
ciInstanceKlass java/lang/IllegalMonitorStateException 1 1 26 10 100 12 1 1 1 10 12 1 100 1 1 1 1 5 0 1 1 1 1 1 1 1 1 1
ciInstanceKlass java/lang/BootstrapMethodError 0 0 45 10 100 12 1 1 1 10 12 1 10 12 1 10 100 12 1 1 1 10 100 12 1 1 1 1 1 1 5 0 1 1 1 1 1 1 1 1 1 1 1 100 1 1 1
instanceKlass java/lang/ClassFormatError
instanceKlass java/lang/ExceptionInInitializerError
instanceKlass java/lang/IncompatibleClassChangeError
instanceKlass java/lang/BootstrapMethodError
instanceKlass java/lang/NoClassDefFoundError
ciInstanceKlass java/lang/LinkageError 1 1 31 10 7 12 1 1 1 10 12 1 10 12 1 100 1 1 1 1 5 0 1 1 1 1 1 1 1 1 1 1 1
ciInstanceKlass java/lang/NullPointerException 1 1 52 10 100 12 1 1 1 10 12 1 9 100 12 1 1 1 10 12 1 1 9 12 1 1 10 12 1 1 10 12 1 1 1 1 5 0 1 1 1 1 1 1 1 1 100 1 100 1 100 1 1 1
ciInstanceKlass java/lang/NoClassDefFoundError 0 0 26 10 100 12 1 1 1 10 12 1 100 1 1 1 1 5 0 1 1 1 1 1 1 1 1 1
ciInstanceKlass java/lang/StackOverflowError 1 1 26 10 100 12 1 1 1 10 12 1 100 1 1 1 1 5 0 1 1 1 1 1 1 1 1 1
ciInstanceKlass java/lang/StackTraceElement 1 1 235 10 7 12 1 1 1 10 7 12 1 1 9 12 1 1 9 12 1 1 9 12 1 9 12 1 8 1 10 7 12 1 1 1 7 1 9 12 1 8 1 9 12 1 9 12 1 9 12 1 1 10 12 1 1 10 12 1 8 1 10 100 12 1 1 1 7 1 10 12 1 10 12 1 1 10 12 1 10 12 1 1 10 12 1 10 12 1 10 10 12 1 8 1 10 12 1 10 12 1 1 10 12 1 1 10 12 1 10 12 1 10 12 1 9 12 1 1 10 7 12 1 1 1 10 12 1 1 7 1 10 12 1 1 10 7 12 1 1 10 7 12 1 1 1 10 7 12 1 1 10 7 12 1 1 10 10 12 1 1 10 12 1 1 10 12 1 1 10 12 1 7 1 1 1 1 1 1 1 3 1 3 1 1 5 0 1 1 1 1 1 1 1 1 1 1 1 1 1 1 1 1 1 1 1 1 1 1 1 1 1 1 1 1 1 7 1 7 1 1 1 1 1 1 1 100 1 1 1 1 1 1 1 1 1
instanceKlass java/util/concurrent/locks/AbstractQueuedSynchronizer
ciInstanceKlass java/util/concurrent/locks/AbstractOwnableSynchronizer 1 1 32 10 7 12 1 1 1 9 7 12 1 1 1 100 1 1 1 1 5 0 1 1 1 1 1 1 1 1 1 1 1 1
ciInstanceKlass jdk/internal/vm/Continuation 0 0 549 9 100 12 1 1 1 9 12 1 9 12 1 100 1 7 1 10 12 1 1 8 1 10 12 1 1 10 12 1 10 12 1 1 10 12 1 9 7 12 1 1 1 11 100 12 1 1 1 10 7 1 9 12 1 1 9 12 1 1 10 8 1 10 12 1 9 12 1 1 10 11 12 1 1 100 1 10 100 12 1 1 1 10 12 1 1 10 12 1 10 12 1 1 11 12 1 1 9 12 1 1 10 12 1 1 18 12 1 1 10 7 12 1 1 1 100 1 10 12 1 11 100 12 1 1 1 10 12 1 9 12 1 10 12 1 1 100 1 8 1 10 12 1 10 12 1 1 9 12 1 1 11 12 1 1 9 12 1 1 8 1 10 11 12 1 1 11 12 1 1 10 12 1 1 10 12 1 1 9 12 1 10 12 1 10 10 12 1 8 1 10 12 1 8 1 8 1 10 7 12 1 1 1 10 7 12 1 1 1 10 12 1 9 12 1 11 12 1 7 1 10 12 1 10 12 1 1 9 12 1 1 7 1 10 12 1 1 9 12 1 1 10 12 1 10 12 1 11 7 12 1 1 10 7 1 10 12 1 8 1 9 12 1 10 12 1 1 9 12 1 1 10 7 12 1 1 8 1 8 1 8 1 8 1 10 12 1 1 10 12 1 10 12 1 10 12 1 10 12 1 1 10 12 1 1 8 1 10 12 1 1 9 12 1 1 10 12 1 1 9 12 1 8 1 10 7 12 1 1 1 10 12 1 8 1 100 1 8 1 10 9 12 1 1 8 1 10 7 12 1 1 10 100 12 1 1 8 1 8 1 10 12 10 100 12 1 1 1 10 7 1 10 7 12 1 1 1 18 11 100 12 1 1 1 18 12 1 11 12 1 1 7 1 10 7 12 1 1 10 12 1 1 8 10 12 1 1 10 100 12 1 1 1 10 100 12 1 1 10 12 1 8 1 10 12 1 7 1 7 1 10 12 1 1 1 1 1 1 1 1 1 1 1 1 1 1 1 1 1 1 1 1 1 1 1 1 1 1 1 1 1 1 1 1 1 1 1 1 1 1 1 1 1 1 1 1 1 1 1 1 1 1 1 1 1 1 1 1 1 1 1 1 1 1 1 1 1 1 1 1 1 1 1 1 1 1 1 100 1 1 16 1 15 10 12 16 15 11 7 12 1 1 1 16 1 16 1 15 10 12 16 15 10 100 12 1 1 1 1 1 1 1 1 100 1 100 1 1
ciInstanceKlass jdk/internal/misc/UnsafeConstants 1 1 34 10 100 12 1 1 1 9 7 12 1 1 1 9 12 1 9 12 1 1 9 12 1 9 12 1 1 1 1 1 1 1 1 1
staticfield jdk/internal/misc/UnsafeConstants ADDRESS_SIZE0 I 8
staticfield jdk/internal/misc/UnsafeConstants PAGE_SIZE I 4096
staticfield jdk/internal/misc/UnsafeConstants BIG_ENDIAN Z 0
staticfield jdk/internal/misc/UnsafeConstants UNALIGNED_ACCESS Z 1
staticfield jdk/internal/misc/UnsafeConstants DATA_CACHE_LINE_FLUSH_SIZE I 0
ciInstanceKlass java/lang/invoke/MethodHandleStatics 1 1 320 10 7 12 1 1 1 9 7 12 1 1 1 9 12 1 1 10 7 12 1 1 1 9 12 1 9 12 1 9 12 1 9 12 1 9 7 12 1 1 1 7 1 10 8 1 10 12 1 1 10 7 12 1 1 1 8 1 10 7 12 1 1 1 10 12 1 1 8 1 8 1 10 12 1 10 100 12 1 1 1 10 7 12 1 1 8 1 10 12 1 1 8 1 8 1 8 1 8 1 10 12 1 1 7 1 10 12 10 12 1 10 12 1 100 1 10 10 12 1 1 100 1 10 10 12 1 7 1 7 1 8 1 8 1 10 12 1 8 1 10 7 12 1 1 1 9 12 1 1 10 7 12 1 1 1 10 12 1 1 9 12 1 1 10 7 12 1 1 1 8 1 10 7 12 1 1 10 7 12 1 1 1 8 1 8 1 8 1 8 1 8 1 10 12 1 10 7 12 1 1 1 9 12 1 8 1 8 1 8 1 8 1 9 12 1 8 1 9 12 1 8 1 8 1 9 12 1 8 1 8 1 9 12 1 8 1 9 12 1 8 1 9 12 1 8 1 8 1 9 12 1 8 1 8 1 10 12 1 1 8 1 10 12 1 1 1 1 1 1 1 1 1 1 1 1 1 1 1 1 1 1 1 1 1 1 1 7 1 7 1 7 1 1 1 1 1 1 1 1 1 1 1 1 1 1 1 1 1 1 1 1 1 1 1 1 1 1 1 1
staticfield java/lang/invoke/MethodHandleStatics UNSAFE Ljdk/internal/misc/Unsafe; jdk/internal/misc/Unsafe
staticfield java/lang/invoke/MethodHandleStatics CLASSFILE_VERSION I 65
staticfield java/lang/invoke/MethodHandleStatics DEBUG_METHOD_HANDLE_NAMES Z 0
staticfield java/lang/invoke/MethodHandleStatics TRACE_INTERPRETER Z 0
staticfield java/lang/invoke/MethodHandleStatics TRACE_METHOD_LINKAGE Z 0
staticfield java/lang/invoke/MethodHandleStatics TRACE_RESOLVE Z 0
staticfield java/lang/invoke/MethodHandleStatics COMPILE_THRESHOLD I 0
staticfield java/lang/invoke/MethodHandleStatics LOG_LF_COMPILATION_FAILURE Z 0
staticfield java/lang/invoke/MethodHandleStatics DONT_INLINE_THRESHOLD I 30
staticfield java/lang/invoke/MethodHandleStatics PROFILE_LEVEL I 0
staticfield java/lang/invoke/MethodHandleStatics PROFILE_GWT Z 1
staticfield java/lang/invoke/MethodHandleStatics CUSTOMIZE_THRESHOLD I 127
staticfield java/lang/invoke/MethodHandleStatics VAR_HANDLE_GUARDS Z 1
staticfield java/lang/invoke/MethodHandleStatics MAX_ARITY I 255
staticfield java/lang/invoke/MethodHandleStatics VAR_HANDLE_IDENTITY_ADAPT Z 0
staticfield java/lang/invoke/MethodHandleStatics DUMP_CLASS_FILES Ljdk/internal/util/ClassFileDumper; jdk/internal/util/ClassFileDumper
ciInstanceKlass java/lang/Void 1 1 31 10 7 12 1 1 1 8 1 10 7 12 1 1 1 9 7 12 1 1 1 1 1 1 1 1 1 1 1 1 1
staticfield java/lang/Void TYPE Ljava/lang/Class; java/lang/Class
ciInstanceKlass java/lang/invoke/LambdaForm 1 1 1059 7 1 100 1 10 7 12 1 1 1 9 12 1 1 9 12 1 9 12 1 9 12 1 1 9 12 1 1 9 12 1 1 9 12 1 1 9 12 1 1 9 12 1 10 7 12 1 1 9 12 1 10 12 1 1 100 1 10 10 12 1 1 10 12 1 10 12 1 10 12 1 1 10 12 1 9 12 1 9 12 1 10 12 1 1 10 7 12 1 1 1 10 12 1 1 9 100 12 1 1 1 10 12 1 1 9 7 12 1 1 10 12 1 10 12 1 1 10 12 1 1 10 12 1 1 7 1 10 7 12 1 1 1 10 12 1 1 10 12 1 10 12 1 1 9 12 1 1 9 12 1 9 12 1 1 10 12 1 9 12 1 10 100 12 1 1 1 10 12 1 1 7 1 10 12 1 9 12 1 1 10 7 12 1 1 1 10 12 1 10 12 1 7 1 10 12 1 10 12 1 10 12 1 1 10 12 1 1 10 12 1 10 12 1 10 12 1 10 12 1 1 8 1 10 12 1 10 12 1 10 10 12 1 8 1 8 1 9 12 1 9 12 1 1 10 12 1 1 10 12 1 9 12 1 10 12 1 1 10 7 12 1 1 1 10 12 1 1 10 12 1 10 12 1 10 100 12 1 1 1 9 12 1 10 12 1 8 1 8 1 8 1 8 1 8 1 8 1 8 1 8 1 10 12 1 9 12 1 7 1 10 12 1 1 9 12 1 10 12 1 10 12 1 1 10 12 10 12 1 10 12 1 1 10 12 1 1 10 10 12 1 1 10 12 1 1 7 1 8 1 10 12 1 1 10 12 1 10 12 1 1 10 8 1 10 12 1 1 8 1 8 1 8 1 10 12 1 10 12 1 10 12 1 1 100 1 10 12 1 1 10 12 1 1 10 7 12 1 1 1 10 12 1 1 9 12 1 1 8 1 10 100 12 1 1 1 10 7 12 1 1 10 12 10 12 1 1 10 12 1 1 9 12 1 8 10 12 1 1 100 1 10 12 1 1 10 12 1 9 7 12 1 1 9 7 12 1 1 1 8 1 10 100 12 1 1 10 12 1 1 7 1 7 1 10 10 12 1 1 10 12 1 1 8 1 8 1 7 1 8 1 10 12 10 12 1 10 12 1 10 12 1 1 8 1 8 1 10 12 1 10 12 1 1 8 1 8 1 8 1 7 1 8 1 7 1 8 1 7 1 8 1 10 12 1 8 1 9 10 7 12 1 1 1 10 12 1 9 12 1 1 10 12 1 10 10 12 1 10 12 1 10 12 1 10 12 1 1 10 12 1 10 12 1 1 10 12 1 1 10 12 1 1 10 12 1 1 8 1 100 10 12 1 10 12 1 9 12 1 1 10 7 12 1 1 8 1 8 1 7 1 8 1 8 1 8 1 8 1 8 1 8 1 8 1 8 1 10 12 1 1 10 12 1 1 10 12 1 10 12 1 10 12 1 10 12 1 8 1 8 1 8 1 10 12 1 8 1 10 12 1 8 1 8 1 8 1 8 1 8 1 10 12 1 10 12 1 10 12 1 1 10 7 12 1 1 1 10 12 1 10 12 1 10 12 1 10 12 1 10 12 1 10 12 1 10 12 1 9 12 1 1 8 1 10 12 1 1 9 12 1 1 10 12 1 1 9 12 1 9 12 1 1 9 12 1 9 12 1 1 7 1 10 7 12 1 1 1 9 12 1 10 12 1 10 12 1 8 1 10 12 1 9 12 1 1 7 1 10 7 12 1 1 1 8 1 100 1 10 12 1 9 12 1 9 12 1 10 12 1 10 12 1 10 7 12 1 1 1 10 12 1 9 7 12 1 1 10 12 1 1 10 12 1 10 12 1 10 12 1 9 12 10 12 1 10 10 12 1 9 12 1 9 9 12 1 7 9 12 1 1 10 12 1 1 9 12 1 10 12 1 10 7 1 9 1 1 1 1 3 1 3 1 1 3 1 3 1 1 1 1 1 1 1 1 1 1 1 1 1 1 1 1 1 1 1 1 1 1 1 1 1 1 1 1 1 1 1 1 1 1 1 1 1 1 1 1 1 1 1 1 1 1 1 1 1 1 1 100 1 1 1 1 1 1 1 1 1 1 1 1 1 1 1 1 1 1 1 1 1 1 1 1 1 1 1 1 1 1 1 1 1 1 1 1 1 1 1 1 1 1 1 1 1 1 1 1 1 1 1 1 1 1 1 1 1 1 1 1 1 1 100 1 1 1 1 1 1 1 1 1 1 1 1 1 1 1 1 1 1 1 1 1 1 1 1 1 1 1 1 1 1 1 1 1 1 7 1 1 1 1 1 1 1 1 1 1 1 1 1 1 1 1 1 1 1 1 1 1 100 1 1 1 100 1 1 7 1 1 1 1 1 1 1 1 1 1 1
staticfield java/lang/invoke/LambdaForm DEFAULT_CUSTOMIZED Ljava/lang/invoke/MethodHandle; 
staticfield java/lang/invoke/LambdaForm DEFAULT_KIND Ljava/lang/invoke/LambdaForm$Kind; java/lang/invoke/LambdaForm$Kind
staticfield java/lang/invoke/LambdaForm COMPILE_THRESHOLD I 0
staticfield java/lang/invoke/LambdaForm INTERNED_ARGUMENTS [[Ljava/lang/invoke/LambdaForm$Name; 5 [[Ljava/lang/invoke/LambdaForm$Name;
staticfield java/lang/invoke/LambdaForm IMPL_NAMES Ljava/lang/invoke/MemberName$Factory; java/lang/invoke/MemberName$Factory
staticfield java/lang/invoke/LambdaForm LF_identity [Ljava/lang/invoke/LambdaForm; 6 [Ljava/lang/invoke/LambdaForm;
staticfield java/lang/invoke/LambdaForm LF_zero [Ljava/lang/invoke/LambdaForm; 6 [Ljava/lang/invoke/LambdaForm;
staticfield java/lang/invoke/LambdaForm NF_identity [Ljava/lang/invoke/LambdaForm$NamedFunction; 6 [Ljava/lang/invoke/LambdaForm$NamedFunction;
staticfield java/lang/invoke/LambdaForm NF_zero [Ljava/lang/invoke/LambdaForm$NamedFunction; 6 [Ljava/lang/invoke/LambdaForm$NamedFunction;
staticfield java/lang/invoke/LambdaForm createFormsLock Ljava/lang/Object; java/lang/Object
staticfield java/lang/invoke/LambdaForm DEBUG_NAME_COUNTERS Ljava/util/HashMap; 
staticfield java/lang/invoke/LambdaForm DEBUG_NAMES Ljava/util/HashMap; 
staticfield java/lang/invoke/LambdaForm TRACE_INTERPRETER Z 0
staticfield java/lang/invoke/LambdaForm $assertionsDisabled Z 1
ciInstanceKlass java/lang/invoke/MethodTypeForm 1 1 275 9 7 12 1 1 1 9 12 1 9 12 1 1 10 7 12 1 1 1 7 1 10 12 1 1 9 12 1 7 1 10 7 12 1 1 10 7 12 1 1 1 10 7 12 1 1 1 10 12 1 1 10 12 1 9 7 12 1 1 1 10 7 12 1 1 10 12 1 1 8 1 10 100 12 1 1 1 9 12 1 1 9 12 1 10 12 1 1 10 12 1 1 9 12 1 1 100 1 10 10 12 1 1 10 12 1 1 10 12 1 10 12 1 1 10 12 1 10 7 12 1 1 10 12 1 1 10 12 1 9 7 1 7 1 10 8 1 10 12 1 1 10 12 1 10 12 1 1 10 12 1 1 1 1 1 1 3 1 3 1 3 1 3 1 1 1 1 1 1 3 1 3 1 3 1 3 1 3 1 3 1 3 1 3 1 3 1 3 1 3 1 3 1 3 1 3 1 3 1 3 1 3 1 3 1 3 1 3 1 3 1 3 1 3 1 1 1 1 1 1 1 1 1 1 1 1 1 1 1 1 1 1 1 1 1 1 1 1 1 1 1 1 1 1 1 1 1 1 1 1 1 1 1 1 1 1 1 1 1 1 1 1 1 1 1 1 1 1 1 1 1 1 1 1
staticfield java/lang/invoke/MethodTypeForm $assertionsDisabled Z 1
ciInstanceKlass java/lang/invoke/MemberName 1 1 724 7 1 7 1 100 1 9 12 1 1 10 7 12 1 1 1 9 12 1 1 10 12 1 1 10 12 1 1 10 12 1 1 10 12 1 10 12 1 1 10 7 12 1 1 1 10 12 1 9 7 12 1 1 10 12 1 7 1 7 1 10 12 1 8 1 10 12 1 1 10 12 1 10 12 1 1 10 12 1 9 12 1 1 8 1 10 100 12 1 1 1 7 1 10 10 12 1 1 7 1 7 1 10 12 1 9 12 1 1 100 1 8 1 10 12 1 10 12 1 10 12 1 10 12 1 10 12 1 1 10 12 1 10 12 1 10 12 1 1 8 1 8 1 10 12 1 8 1 9 12 1 1 3 10 12 1 10 12 1 10 12 1 10 10 7 12 1 1 1 10 12 1 10 12 1 10 12 1 10 12 1 7 1 8 10 12 1 1 10 12 1 1 8 1 9 7 1 8 9 7 1 10 12 1 1 10 12 1 10 12 1 8 1 10 12 1 1 10 12 1 10 12 1 10 12 1 10 12 1 1 7 1 10 12 1 1 10 12 1 8 1 10 12 1 10 12 1 8 1 10 12 1 1 10 12 1 1 7 1 10 12 1 1 10 12 8 1 8 1 7 1 10 12 1 10 100 12 1 1 1 100 1 10 12 10 12 1 10 12 1 10 12 1 10 12 1 10 10 12 1 10 12 1 10 12 1 3 10 12 1 3 10 12 1 3 3 3 3 3 3 10 12 1 3 9 12 1 10 12 1 1 3 10 12 1 10 10 7 12 1 1 1 10 12 1 1 10 7 12 1 1 10 10 12 1 10 12 1 1 10 12 1 10 10 12 1 1 10 12 1 10 12 1 10 12 1 7 1 10 10 10 12 100 1 10 10 10 12 1 1 10 12 1 1 10 10 12 1 8 10 7 1 10 12 1 10 7 1 10 12 1 10 12 1 10 12 1 10 10 12 1 10 12 1 1 10 12 1 1 10 12 1 10 12 1 10 12 1 100 1 10 12 1 1 100 1 8 1 10 7 1 10 12 1 10 12 10 12 1 1 10 12 1 10 12 1 8 1 8 1 8 1 8 1 10 12 1 10 12 1 10 7 12 1 1 1 8 1 8 1 10 12 1 8 1 10 10 10 12 1 10 12 1 8 1 8 1 10 10 12 1 8 1 10 100 12 1 1 1 8 1 100 1 10 12 1 10 12 1 1 10 12 1 8 1 8 1 8 1 8 1 100 1 10 8 1 8 1 8 1 8 1 10 12 1 100 1 100 1 100 1 10 100 1 10 7 1 10 7 12 1 1 1 9 7 12 1 1 1 7 1 7 1 1 1 1 1 1 1 3 1 3 1 3 1 3 1 3 1 3 1 1 1 1 1 1 1 1 3 1 3 1 1 1 1 1 1 1 1 1 1 1 1 1 1 1 1 1 1 1 1 1 1 1 1 1 1 1 1 1 1 1 1 1 1 1 1 1 1 1 1 1 1 1 1 1 1 1 1 1 1 1 1 1 1 1 1 1 1 1 1 1 1 1 1 1 1 1 1 1 1 1 1 1 1 1 1 1 1 1 1 1 1 1 1 1 1 1 1 1 1 1 1 1 1 1 1 7 1 1 1 1 1 1 1 1 1 1 1 1 1 1 1
staticfield java/lang/invoke/MemberName $assertionsDisabled Z 1
instanceKlass java/lang/invoke/VarHandleBytes$FieldInstanceReadOnly
instanceKlass java/lang/invoke/VarHandleReferences$FieldStaticReadOnly
instanceKlass java/lang/invoke/VarHandleBooleans$FieldInstanceReadOnly
instanceKlass java/lang/invoke/VarHandleLongs$FieldInstanceReadOnly
instanceKlass java/lang/invoke/VarHandleReferences$Array
instanceKlass java/lang/invoke/VarHandleLongs$Array
instanceKlass java/lang/invoke/VarHandleByteArrayAsDoubles$ByteArrayViewVarHandle
instanceKlass java/lang/invoke/VarHandleByteArrayAsLongs$ByteArrayViewVarHandle
instanceKlass java/lang/invoke/VarHandleByteArrayAsFloats$ByteArrayViewVarHandle
instanceKlass java/lang/invoke/VarHandleByteArrayAsInts$ByteArrayViewVarHandle
instanceKlass java/lang/invoke/VarHandleByteArrayAsChars$ByteArrayViewVarHandle
instanceKlass java/lang/invoke/VarHandleByteArrayAsShorts$ByteArrayViewVarHandle
instanceKlass java/lang/invoke/VarHandleReferences$FieldInstanceReadOnly
instanceKlass java/lang/invoke/VarHandleInts$FieldInstanceReadOnly
ciInstanceKlass java/lang/invoke/VarHandle 1 1 473 10 7 12 1 1 1 10 7 12 1 1 9 12 1 1 9 12 1 1 100 1 10 8 1 10 12 1 1 10 7 12 1 1 1 10 12 1 1 10 7 12 1 1 1 9 100 12 1 1 1 10 12 1 1 10 7 12 1 1 1 10 12 1 1 9 12 1 10 12 1 9 12 1 1 10 100 12 1 1 10 12 1 9 100 12 1 1 1 9 12 1 1 10 12 1 1 100 1 7 1 10 8 1 10 12 1 1 10 12 1 8 1 10 12 1 10 12 1 9 12 1 1 9 12 1 10 12 1 10 12 1 1 10 12 1 10 10 100 12 1 1 1 10 12 1 1 10 12 1 1 10 7 12 1 1 1 10 100 12 1 1 1 10 100 12 1 1 1 9 12 1 1 9 10 12 1 10 12 1 10 12 1 1 10 12 1 10 7 12 1 1 1 9 12 1 1 10 12 1 1 9 12 1 10 12 1 10 12 1 10 7 12 1 1 100 1 10 9 7 12 1 1 1 9 12 1 1 10 7 12 1 1 1 10 12 1 10 12 1 10 12 1 10 12 1 10 12 1 10 12 1 1 8 10 12 1 1 7 1 10 12 1 1 7 1 1 1 1 1 1 1 1 1 1 1 1 1 1 1 1 1 1 1 1 1 1 1 1 1 1 1 1 1 1 1 1 1 1 1 1 1 1 1 1 1 1 1 1 1 1 1 1 1 1 1 1 1 1 1 1 1 1 1 1 1 1 1 1 1 1 1 1 100 1 1 1 1 1 1 1 1 100 1 1 1 1 1 1 1 1 1 1 1 1 100 1 100 1 1 100 1 100 1 100 1 100 1 100 1 100 1 100 1 100 1 100 1 100 1 100 1 100 1 100 1 100 1 100 1 100 1 100 1 100 1 100 1 100 1 100 1 100 1 100 1 100 1 100 1 100 1 100 1 100 1 100 1 100 1 100 1 100 1 100 1 100 1 100 1 1 1 1 1 1 100 1 1 1 100 1 1 100 1 100 1 100 1 100 1 100 1 100 1 1 1 1 100 1 100 1 100 1 100 1 100 1 100 1 100 1 100 1
staticfield java/lang/invoke/VarHandle VFORM_OFFSET J 16
staticfield java/lang/invoke/VarHandle $assertionsDisabled Z 1
instanceKlass jdk/internal/reflect/FieldAccessorImpl
instanceKlass jdk/internal/reflect/ConstructorAccessorImpl
instanceKlass jdk/internal/reflect/MethodAccessorImpl
ciInstanceKlass jdk/internal/reflect/MagicAccessorImpl 1 1 16 10 7 12 1 1 1 100 1 1 1 1 1 1 1 1
instanceKlass jdk/internal/reflect/DirectMethodHandleAccessor
ciInstanceKlass jdk/internal/reflect/MethodAccessorImpl 1 1 38 10 7 12 1 1 1 10 100 12 1 1 1 100 1 1 1 1 1 1 1 7 1 7 1 1 1 1 1 1 1 1 1 1 1 1 1 1
ciInstanceKlass jdk/internal/reflect/MethodAccessor 1 0 17 100 1 100 1 1 1 1 7 1 7 1 1 1 1 1 1
instanceKlass jdk/internal/reflect/SerializationConstructorAccessorImpl
instanceKlass jdk/internal/reflect/DirectConstructorHandleAccessor$NativeAccessor
instanceKlass jdk/internal/reflect/DirectConstructorHandleAccessor
instanceKlass jdk/internal/reflect/NativeConstructorAccessorImpl
ciInstanceKlass jdk/internal/reflect/ConstructorAccessorImpl 1 1 27 10 7 12 1 1 1 100 1 100 1 1 1 1 1 1 1 1 1 100 1 100 1 100 1 1 1
ciInstanceKlass jdk/internal/reflect/ConstructorAccessor 1 0 16 100 1 100 1 1 1 1 100 1 100 1 100 1 1 1
ciInstanceKlass jdk/internal/reflect/DelegatingClassLoader 1 1 18 10 7 12 1 1 1 100 1 1 1 1 1 1 1 1 1 1
ciInstanceKlass jdk/internal/reflect/CallerSensitive 1 0 17 100 1 100 1 100 1 1 1 1 1 1 1 1 1 1 1
ciInstanceKlass jdk/internal/reflect/NativeConstructorAccessorImpl 0 0 125 10 7 12 1 1 1 9 7 12 1 1 1 100 1 10 12 1 9 12 1 1 9 12 1 1 10 100 12 1 1 1 10 7 12 1 1 1 10 7 12 1 1 1 9 12 1 9 12 1 1 9 12 1 1 10 7 12 1 1 1 100 1 10 10 12 1 1 10 12 1 10 12 1 1 10 12 1 7 1 10 12 1 1 10 12 1 1 8 10 12 1 1 1 1 1 1 1 1 1 1 1 1 1 1 1 1 1 1 1 1 1 1 100 1 100 1 100 1 1 1 1 1 1 1
ciInstanceKlass jdk/internal/reflect/ConstantPool 1 1 142 10 7 12 1 1 1 9 7 12 1 1 1 10 12 1 1 10 12 1 1 10 12 1 10 12 1 1 10 12 1 1 10 12 1 10 12 1 1 10 12 1 10 12 1 1 10 12 1 10 12 1 10 12 1 10 12 1 1 10 12 1 1 10 12 1 1 10 12 1 1 10 12 1 10 12 1 1 10 100 12 1 1 1 8 11 7 12 1 1 1 10 7 12 1 1 1 1 1 1 1 1 1 1 1 1 1 1 1 1 1 1 1 1 1 1 1 1 1 1 1 1 1 1 1 1 1 1 1 1 1 1 1 1 1 1 1 1 1 1 1 1
ciInstanceKlass jdk/internal/reflect/UnsafeStaticFieldAccessorImpl 0 0 47 10 7 12 1 1 1 9 7 12 1 1 1 10 7 12 1 1 1 9 12 1 1 8 11 100 12 1 1 1 10 100 12 1 1 1 1 1 1 1 1 1 1 1 1 1 1
ciInstanceKlass jdk/internal/reflect/FieldAccessor 1 0 48 100 1 100 1 1 1 1 100 1 1 1 1 1 1 1 1 1 1 1 1 1 1 1 1 1 1 1 100 1 1 1 1 1 1 1 1 1 1 1 1 1 1 1 1 1 1 1
instanceKlass jdk/internal/reflect/MethodHandleFieldAccessorImpl
instanceKlass jdk/internal/reflect/UnsafeFieldAccessorImpl
ciInstanceKlass jdk/internal/reflect/FieldAccessorImpl 1 1 269 10 7 12 1 1 1 9 7 12 1 1 1 10 7 12 1 1 1 10 7 12 1 1 10 7 12 1 1 1 10 12 1 1 7 1 10 10 12 1 1 10 12 1 1 8 1 10 10 12 1 100 1 8 1 10 12 1 8 1 10 12 1 8 1 10 12 1 100 1 10 12 1 1 10 8 1 10 12 1 1 8 1 10 7 12 1 1 8 1 10 7 12 1 1 8 1 10 7 12 1 1 8 1 10 7 12 1 1 8 1 10 7 12 1 1 8 1 10 7 12 1 1 8 1 10 7 12 1 1 8 1 10 7 12 1 1 10 12 1 1 8 1 10 12 1 1 10 100 12 1 1 1 8 1 10 12 1 8 1 8 1 8 1 8 1 10 7 12 1 1 1 8 1 8 1 8 1 10 12 7 1 1 1 1 1 1 1 1 1 1 1 1 1 1 1 1 1 1 1 1 1 1 1 1 1 1 1 1 1 1 1 1 1 1 1 1 1 1 1 1 1 1 1 1 1 1 1 1 1 1 1 1 1 1 1 1 1 1 1 1 1 1 1 1 1 1 1 1 1 1 1 1 1 1 1 1 1 1 1 1 1 1 1 1 1 1 1 1
instanceKlass jdk/internal/reflect/UnsafeStaticFieldAccessorImpl
ciInstanceKlass jdk/internal/reflect/UnsafeFieldAccessorImpl 0 0 62 10 100 12 1 1 1 10 100 12 1 1 1 10 100 12 1 1 1 9 100 12 1 1 10 12 1 9 12 1 1 10 100 12 1 1 1 9 12 1 1 10 12 1 10 12 1 1 1 1 1 1 1 1 1 1 1 1 1 1 1 1
instanceKlass java/lang/invoke/VolatileCallSite
instanceKlass java/lang/invoke/MutableCallSite
instanceKlass java/lang/invoke/ConstantCallSite
ciInstanceKlass java/lang/invoke/CallSite 1 1 296 10 7 12 1 1 1 10 7 12 1 1 1 9 12 1 1 10 7 12 1 1 1 10 12 1 7 1 10 12 1 1 10 12 1 1 9 100 12 1 1 1 10 7 12 1 1 10 12 1 1 100 1 7 1 10 10 7 12 1 1 1 10 12 1 1 8 1 10 12 1 10 12 1 1 10 12 1 10 12 1 1 10 12 1 1 10 10 100 12 1 1 10 12 1 1 9 12 1 9 100 12 1 1 1 8 1 10 7 12 1 1 1 10 12 1 1 7 1 10 12 1 1 9 12 1 8 1 100 1 10 12 1 10 12 1 100 1 8 1 10 10 12 1 10 12 1 1 100 1 10 12 1 1 10 12 1 10 12 1 10 12 1 1 10 12 1 1 9 12 1 1 8 10 12 1 1 9 12 1 1 100 1 10 10 12 1 10 7 12 1 1 1 10 12 1 1 10 12 1 1 10 12 1 10 7 12 1 1 1 7 1 8 1 10 10 12 10 12 1 1 7 1 7 1 7 1 8 1 10 12 1 10 7 12 1 1 1 1 1 1 1 1 1 1 1 1 1 1 1 1 1 1 1 1 1 1 1 1 1 1 1 1 1 1 1 1 1 1 1 1 1 1 1 1 1 1 1 1 1 1 1 1 1 1 1 1 1 1 1 7 1 7 1 1 1
staticfield java/lang/invoke/CallSite $assertionsDisabled Z 1
ciInstanceKlass java/lang/invoke/ConstantCallSite 1 1 65 10 7 12 1 1 1 9 7 12 1 1 1 9 12 1 1 10 7 12 1 1 1 10 12 1 100 1 10 12 9 12 1 1 100 1 10 10 12 1 1 10 12 1 1 1 1 1 1 1 1 1 1 1 1 1 100 1 1 1 1 1 1 1 1
staticfield java/lang/invoke/ConstantCallSite UNSAFE Ljdk/internal/misc/Unsafe; jdk/internal/misc/Unsafe
instanceKlass java/lang/invoke/DirectMethodHandle$StaticAccessor
instanceKlass java/lang/invoke/DirectMethodHandle$Special
instanceKlass java/lang/invoke/DirectMethodHandle$Interface
instanceKlass java/lang/invoke/DirectMethodHandle$Constructor
instanceKlass java/lang/invoke/DirectMethodHandle$Accessor
ciInstanceKlass java/lang/invoke/DirectMethodHandle 1 1 923 7 1 7 1 100 1 7 1 7 1 10 7 12 1 1 1 10 7 12 1 1 1 7 1 10 12 1 10 12 1 1 10 7 12 1 1 10 12 1 1 10 12 1 10 12 1 7 1 10 12 1 1 10 12 1 1 10 12 1 10 12 1 1 10 7 12 1 1 1 10 12 1 9 12 1 1 100 1 10 9 12 1 1 9 12 1 10 12 1 10 12 1 10 12 1 1 10 12 1 10 12 1 10 12 1 10 7 12 1 1 1 10 12 1 10 12 1 1 8 1 10 12 1 1 7 1 10 12 1 7 1 10 10 12 1 10 12 1 10 12 1 10 7 12 1 1 1 10 12 1 1 7 1 10 12 1 10 12 1 7 1 10 12 1 10 12 1 1 10 12 1 1 10 12 1 8 10 7 12 1 1 1 10 12 1 10 12 1 10 12 1 1 10 12 1 9 7 12 1 1 1 7 1 10 12 1 10 7 12 1 1 1 10 12 1 10 12 1 1 9 12 1 1 7 1 10 8 1 10 12 1 1 10 12 1 1 8 1 10 12 1 10 12 1 10 10 12 1 10 12 1 10 12 1 10 12 1 10 12 1 1 10 12 1 10 12 1 1 10 12 1 10 12 1 1 10 10 7 12 1 1 1 10 12 1 10 12 1 1 10 12 1 10 12 1 1 8 1 9 7 12 1 1 1 8 1 9 12 1 9 12 1 8 1 9 12 1 9 12 1 8 1 9 12 1 9 12 1 8 1 10 12 1 10 12 1 1 9 12 1 1 7 1 10 12 1 1 7 1 10 7 12 1 1 1 10 12 1 1 10 12 1 10 12 1 1 7 1 10 12 1 1 10 12 1 10 12 1 1 7 1 10 12 1 1 10 12 1 10 7 12 1 1 1 10 12 1 10 12 1 1 10 12 1 9 12 1 1 10 7 1 9 12 9 12 1 10 7 12 1 1 1 10 12 1 7 1 7 1 7 1 9 12 1 1 10 7 12 1 1 1 10 12 10 12 1 7 1 10 12 1 10 12 1 1 8 1 9 12 1 9 12 1 10 12 1 1 9 12 1 1 10 7 12 1 1 1 9 12 1 1 9 12 1 1 10 12 1 10 12 1 10 12 1 10 12 1 1 10 12 1 9 12 1 10 12 1 10 12 1 10 12 1 10 12 1 1 10 12 1 1 9 12 1 1 10 12 1 1 9 7 12 1 1 1 9 12 1 9 12 1 9 12 1 9 12 1 9 12 1 9 12 1 9 12 1 9 12 1 9 12 1 9 12 1 9 12 1 9 12 1 9 12 1 9 12 1 9 12 1 9 12 1 9 12 1 9 12 1 9 12 1 9 12 1 9 12 1 9 12 1 9 12 1 9 12 1 9 12 1 9 12 1 9 12 1 9 12 1 9 12 1 9 12 1 9 12 1 9 12 1 9 12 1 9 12 1 9 12 1 9 12 1 8 1 9 12 1 1 9 12 1 1 10 12 1 10 12 1 1 9 7 1 10 12 1 9 12 1 1 10 12 10 12 1 10 12 1 10 12 1 10 12 1 10 8 1 8 1 8 1 8 1 10 12 1 1 9 12 1 1 10 12 1 10 100 12 1 1 1 8 9 12 1 1 10 12 1 1 8 1 8 8 9 12 1 8 1 8 8 8 8 8 1 8 10 12 1 7 1 10 12 1 8 1 8 1 10 12 1 10 12 1 10 12 1 10 12 1 1 7 1 1 1 1 3 1 3 1 3 1 3 1 3 1 3 1 3 1 3 1 3 1 3 1 1 1 1 1 1 1 1 1 1 3 1 3 1 1 1 1 3 1 1 1 1 1 1 1 1 1 1 1 1 1 1 1 1 1 1 1 1 1 1 1 1 1 1 1 1 1 1 1 1 1 1 1 1 1 1 1 1 1 1 1 1 1 1 1 1 1 1 1 1 1 1 1 1 1 100 1 1 1 1 1 1 1 1 1 100 1 1 1 1 1 1 1 1 1 1 1 1 1 1 1 1 1 1 1 1 1 1 1 1 1 1 1 1 1 1 1 1 1 1 1 1 1 1 1 1 1 1 1 1 1 1 1 1 1 1 1 1
staticfield java/lang/invoke/DirectMethodHandle IMPL_NAMES Ljava/lang/invoke/MemberName$Factory; java/lang/invoke/MemberName$Factory
staticfield java/lang/invoke/DirectMethodHandle FT_UNCHECKED_REF I 8
staticfield java/lang/invoke/DirectMethodHandle ACCESSOR_FORMS [Ljava/lang/invoke/LambdaForm; 132 [Ljava/lang/invoke/LambdaForm;
staticfield java/lang/invoke/DirectMethodHandle ALL_WRAPPERS [Lsun/invoke/util/Wrapper; 10 [Lsun/invoke/util/Wrapper;
staticfield java/lang/invoke/DirectMethodHandle NFS [Ljava/lang/invoke/LambdaForm$NamedFunction; 12 [Ljava/lang/invoke/LambdaForm$NamedFunction;
staticfield java/lang/invoke/DirectMethodHandle OBJ_OBJ_TYPE Ljava/lang/invoke/MethodType; java/lang/invoke/MethodType
staticfield java/lang/invoke/DirectMethodHandle LONG_OBJ_TYPE Ljava/lang/invoke/MethodType; java/lang/invoke/MethodType
staticfield java/lang/invoke/DirectMethodHandle $assertionsDisabled Z 1
ciInstanceKlass java/lang/invoke/MutableCallSite 0 0 63 10 100 12 1 1 1 10 12 1 9 100 12 1 1 1 10 12 1 10 12 1 1 9 12 1 1 10 100 12 1 1 1 10 100 12 1 1 1 10 12 1 1 1 1 1 1 1 1 1 1 1 1 1 1 1 1 1 1 100 1 1 1
ciInstanceKlass java/lang/invoke/VolatileCallSite 0 0 37 10 100 12 1 1 1 10 12 1 10 100 12 1 1 1 10 12 1 10 12 1 1 1 1 1 1 1 1 1 1 1 1 1 1 1 1
ciInstanceKlass java/lang/invoke/ResolvedMethodName 1 1 16 10 100 12 1 1 1 100 1 1 1 1 1 1 1 1
ciInstanceKlass java/lang/invoke/MethodHandleNatives 1 1 685 100 1 10 7 12 1 1 1 9 7 12 1 1 1 10 12 1 1 100 1 10 10 12 1 1 10 12 1 10 12 1 8 1 8 1 8 1 8 1 8 1 8 1 8 1 8 1 8 1 8 1 10 12 1 1 7 1 10 7 12 1 1 1 10 7 12 1 1 1 7 1 10 10 12 1 1 8 1 10 12 1 8 1 10 12 1 1 8 1 10 12 1 1 9 7 12 1 1 1 8 1 10 100 12 1 1 1 7 1 10 12 100 1 100 1 8 1 7 1 10 10 12 1 7 1 9 7 12 1 1 10 12 1 1 10 12 1 10 7 12 1 1 1 10 12 1 1 9 12 1 8 1 10 12 1 1 10 12 1 8 1 10 12 1 1 7 1 10 12 1 10 7 12 1 1 1 10 12 1 10 12 1 1 10 12 1 1 8 1 10 12 1 1 8 1 10 12 1 8 1 8 1 8 1 7 1 10 12 1 8 1 10 7 12 1 1 1 10 12 1 1 10 7 12 1 1 10 10 12 1 1 10 12 1 10 100 12 1 1 1 100 1 8 1 10 100 12 1 1 1 7 1 8 1 10 12 1 8 1 8 1 8 1 8 1 8 1 10 12 1 1 10 12 1 1 10 12 1 10 12 1 1 10 12 1 1 7 1 10 12 1 7 1 7 1 10 12 1 10 12 1 8 1 8 1 10 10 12 1 1 10 12 1 1 8 1 10 7 12 1 1 8 1 8 1 10 12 1 1 10 7 12 1 1 1 100 1 10 12 1 1 7 1 9 12 1 1 10 7 12 1 1 1 10 10 12 1 9 12 1 10 12 1 9 12 1 9 12 1 10 12 1 1 10 12 1 10 12 1 1 7 1 7 1 10 12 1 1 10 12 1 10 12 1 1 10 7 12 1 1 1 10 12 1 8 1 10 12 1 10 12 1 10 12 1 1 10 12 1 10 7 12 1 1 1 10 12 1 1 100 1 8 1 10 9 7 12 1 1 1 10 12 1 1 10 12 1 1 7 1 10 12 1 1 10 12 1 1 100 1 100 1 10 10 100 1 100 1 10 100 1 10 10 12 1 1 10 7 1 10 12 1 10 12 1 1 10 12 1 1 10 12 1 1 10 12 1 10 12 1 1 10 8 1 10 12 1 10 12 1 10 12 1 10 12 1 10 12 1 1 10 12 1 10 12 1 10 12 1 10 10 7 12 1 1 10 12 1 1 1 1 1 1 1 1 1 1 1 1 1 7 1 1 1 1 1 1 1 1 1 1 1 1 1 1 1 1 1 1 1 1 1 1 1 1 1 1 1 1 1 1 1 1 1 1 1 1 1 1 1 1 1 1 1 1 1 1 1 1 1 1 1 1 1 1 1 1 1 1 1 1 1 1 1 100 1 1 1 1 1 1 1 1 1 1 1 1 1 1 1 1 1 1 1 1 1 1 1 1 1 1 1 1 1 1 1 1 1 100 1 1 1 1 1 1 1 1 1 1 1 1 1 1 1 1 1 1 1 1 1 1 1 1 1 1 1 1 1 1 1 1 100 1 1
staticfield java/lang/invoke/MethodHandleNatives $assertionsDisabled Z 1
ciMethod java/lang/invoke/MethodHandleNatives refKindIsValid (I)Z 0 0 1 0 -1
ciMethod java/lang/invoke/MethodHandleNatives refKindIsGetter (B)Z 44 0 467 0 0
ciMethod java/lang/invoke/MethodHandleNatives refKindIsSetter (B)Z 4 0 28 0 -1
ciInstanceKlass jdk/internal/foreign/abi/NativeEntryPoint 0 0 194 10 7 12 1 1 1 9 7 12 1 1 1 9 12 1 1 100 1 8 1 10 12 1 10 12 1 1 100 1 10 100 12 1 1 1 10 12 1 9 12 1 1 18 12 1 1 10 100 12 1 1 1 10 7 12 1 1 1 9 7 12 1 1 1 7 1 10 8 1 10 12 1 1 10 12 1 10 12 1 1 8 1 10 12 1 1 7 1 8 1 10 12 1 10 12 1 1 10 12 1 9 12 1 1 18 12 1 1 10 100 12 1 1 1 10 12 1 1 10 12 1 10 100 12 1 1 1 10 1 1 1 1 1 1 1 1 1 1 1 1 1 1 1 1 1 1 1 1 1 1 1 1 1 1 1 1 1 1 1 1 1 1 1 1 1 16 1 15 10 12 16 1 16 15 10 12 15 10 100 12 1 1 1 1 1 100 1 1 100 1 100 1 1
ciInstanceKlass jdk/internal/foreign/abi/ABIDescriptor 0 0 55 10 100 12 1 1 1 9 100 12 1 1 1 9 12 1 1 9 12 1 9 12 1 9 12 1 1 9 12 1 9 12 1 1 9 12 1 9 12 1 9 12 1 9 12 1 1 1 1 1 1 1 1 1 1
ciInstanceKlass jdk/internal/foreign/abi/VMStorage 0 0 91 10 7 12 1 1 1 9 7 12 1 1 1 9 12 1 1 9 12 1 1 9 12 1 1 7 1 10 8 1 10 12 1 1 10 12 1 10 12 1 1 10 12 1 18 12 1 18 12 1 1 18 12 1 1 1 1 1 1 1 1 1 1 1 1 1 1 1 1 1 1 1 8 1 15 15 15 15 15 10 100 12 1 1 1 1 100 1 100 1 1
ciInstanceKlass jdk/internal/foreign/abi/UpcallLinker$CallRegs 0 0 66 10 7 12 1 1 1 9 7 12 1 1 1 9 12 1 18 12 1 1 18 12 1 1 18 12 1 1 1 1 1 1 1 1 1 1 1 1 1 1 1 1 1 1 100 1 1 1 8 1 15 15 15 10 100 12 1 1 1 1 1 100 1 100 1 1
ciInstanceKlass java/lang/StackWalker 1 1 271 9 7 12 1 1 1 7 1 10 7 12 1 1 1 10 12 1 1 10 7 12 1 1 1 10 12 1 1 10 12 1 11 7 12 1 1 1 10 12 1 1 10 12 1 1 10 12 1 1 100 1 8 1 10 12 1 10 12 1 10 12 1 10 7 12 1 1 9 12 1 1 9 12 1 1 9 12 1 1 9 12 1 1 10 12 1 1 9 12 1 1 9 12 1 1 9 12 1 1 10 7 12 1 1 1 11 12 1 1 100 1 8 1 10 10 7 12 1 1 9 12 1 1 10 12 1 1 10 100 12 1 1 1 10 100 12 1 1 1 18 12 1 1 100 1 8 1 10 8 1 10 12 1 1 10 100 12 1 1 1 10 12 1 1 9 100 12 1 1 11 100 12 1 1 1 10 12 1 1 1 1 1 1 1 1 1 1 1 1 1 1 1 1 1 1 1 1 1 1 1 1 1 1 1 1 1 1 1 1 1 1 1 1 1 1 1 1 1 1 1 1 1 1 1 1 1 1 1 1 1 1 1 1 1 1 1 1 1 1 1 1 1 1 7 1 1 16 15 10 12 16 1 15 10 100 12 1 1 1 1 1 1 1 1 1 100 1 100 1 1
staticfield java/lang/StackWalker DEFAULT_EMPTY_OPTION Ljava/util/EnumSet; java/util/RegularEnumSet
staticfield java/lang/StackWalker DEFAULT_WALKER Ljava/lang/StackWalker; java/lang/StackWalker
ciInstanceKlass java/lang/StackWalker$StackFrame 0 0 41 100 1 10 12 1 1 100 1 100 1 1 1 1 1 1 1 1 1 1 1 1 1 1 1 1 1 1 1 1 1 1 1 1 1 1 1 100 1 1 1
instanceKlass java/lang/LiveStackFrameInfo
ciInstanceKlass java/lang/StackFrameInfo 0 0 142 10 7 12 1 1 1 9 7 12 1 1 1 9 7 1 9 12 1 1 11 100 12 1 1 1 9 12 1 1 11 12 1 1 10 12 1 1 10 7 12 1 1 1 10 12 1 11 12 1 11 12 1 1 11 12 1 10 12 1 1 9 12 1 1 10 12 1 1 10 7 12 1 1 10 12 1 1 11 12 1 1 9 12 1 1 10 7 1 10 12 1 9 12 1 1 10 12 1 1 100 1 8 1 10 12 1 10 100 12 1 1 1 7 1 1 1 1 1 1 1 1 1 1 1 1 1 1 1 1 1 1 7 1 1 7 1 1 1 1 1 1
ciInstanceKlass java/lang/LiveStackFrameInfo 0 0 97 10 7 12 1 1 1 9 7 12 1 1 1 9 12 1 9 12 1 9 12 1 9 12 1 1 7 1 10 12 1 1 10 12 1 8 1 10 12 1 1 8 1 8 1 8 1 10 100 1 10 12 1 100 1 10 12 1 7 1 7 1 1 1 3 1 3 1 1 1 1 1 1 1 1 1 1 1 1 1 1 1 1 1 1 1 1 1 1 1 1 1 1 1 100 1 1
ciInstanceKlass java/lang/LiveStackFrame 0 0 135 100 1 10 100 12 1 1 1 11 7 12 1 1 1 11 12 1 10 7 12 1 1 1 100 1 8 1 10 12 1 1 10 7 12 1 1 1 9 100 12 1 1 1 10 7 12 1 1 1 10 7 12 1 1 1 11 12 1 10 12 1 7 1 7 1 1 1 1 1 1 1 1 1 1 1 1 1 1 1 1 1 1 1 1 1 1 1 1 1 1 1 1 100 1 1 1 1 1 1 1 100 1 8 1 1 12 10 1 1 1 8 1 1 1 8 1 1 1 8 1 1 1 8 1 1 8 1 1 1 8 1 1 8 1
ciInstanceKlass java/lang/StackStreamFactory$AbstractStackWalker 1 0 375 100 1 7 1 3 10 7 12 1 1 1 10 7 12 1 1 10 7 12 1 1 1 9 12 1 1 10 12 1 1 9 12 1 1 9 12 1 1 9 12 1 1 9 12 1 10 7 12 1 1 1 10 12 1 1 10 7 12 1 1 9 12 1 1 9 12 1 1 10 12 1 1 9 100 12 1 1 1 10 12 1 1 10 12 1 9 12 1 1 10 100 12 1 1 1 10 12 1 1 9 12 1 1 9 7 12 1 1 1 7 1 10 8 1 10 12 1 1 10 12 1 8 1 10 12 1 1 10 100 12 1 1 1 100 1 8 1 10 12 1 8 1 10 12 10 100 12 1 1 9 12 1 8 1 5 0 8 1 8 1 9 12 1 1 10 12 1 1 18 12 1 1 10 7 12 1 1 1 10 12 1 1 10 12 1 10 12 1 9 12 1 10 12 1 10 12 1 10 12 1 10 12 1 10 12 1 10 12 1 1 8 1 10 12 1 10 12 1 10 12 1 10 12 1 1 8 1 10 12 1 1 10 12 1 1 10 12 1 1 10 12 1 10 12 1 10 100 12 1 1 1 10 12 1 10 12 1 9 12 1 8 1 10 12 1 10 12 1 10 12 1 1 10 12 1 10 12 1 10 12 1 1 10 12 1 10 12 1 10 12 1 10 12 1 10 12 1 10 12 1 1 10 12 1 1 10 12 1 8 1 1 1 1 1 1 1 1 1 1 1 1 1 7 1 1 1 1 1 1 1 7 1 1 1 1 7 1 1 1 1 1 1 1 1 1 1 1 1 1 1 1 1 1 1 1 16 15 15 10 100 12 1 1 1 1 1 1 1 1 100 1 100 1 1
ciInstanceKlass jdk/internal/module/Modules 1 1 504 10 7 12 1 1 1 9 7 12 1 1 1 11 7 12 1 1 1 11 12 1 1 11 12 1 1 11 12 1 1 11 12 1 11 12 1 11 12 1 11 12 1 11 12 1 1 10 7 12 1 1 1 10 100 12 1 1 1 18 12 1 1 10 7 12 1 1 1 7 1 10 7 12 1 1 1 10 7 12 1 1 1 10 100 12 1 1 10 12 1 1 11 12 1 9 12 1 1 11 7 12 1 1 1 10 12 1 1 10 10 12 1 10 9 12 1 1 10 100 12 1 1 10 12 1 1 10 100 12 1 1 100 1 11 100 12 1 1 1 10 100 12 1 1 1 11 100 12 1 1 10 12 1 1 10 100 12 1 1 10 100 12 1 1 1 10 12 1 1 10 12 1 1 11 12 1 1 18 12 1 1 11 100 12 1 1 10 100 12 1 1 1 11 100 12 1 1 1 7 1 11 12 1 1 11 7 12 1 1 1 11 12 1 1 10 12 1 1 10 100 12 1 1 18 12 1 1 11 12 1 1 18 12 1 1 11 12 1 1 10 12 1 18 18 10 12 1 1 9 12 1 1 11 7 12 1 1 1 100 1 10 11 12 1 11 12 1 1 11 12 1 1 10 100 1 10 12 1 1 10 100 12 1 1 10 12 1 1 11 12 10 12 1 1 7 1 10 18 12 1 10 12 1 1 7 1 8 1 10 12 1 10 100 12 1 1 18 12 1 11 11 12 10 12 1 10 10 100 1 18 12 1 10 10 10 7 12 1 1 10 7 12 1 1 1 10 12 1 1 1 1 1 1 1 1 1 1 1 1 1 1 1 1 1 1 1 1 1 1 1 1 1 1 1 1 1 1 1 1 1 100 1 1 1 1 1 1 1 1 1 1 1 1 1 1 1 1 1 1 1 1 1 1 1 1 1 1 1 1 1 1 1 1 1 1 1 7 1 1 1 1 1 1 1 1 1 1 1 1 1 1 1 1 1 1 1 1 1 1 1 16 15 10 12 1 16 16 15 10 12 1 16 1 16 1 15 10 12 1 16 1 16 1 15 10 12 16 1 15 10 16 1 15 10 12 16 1 15 10 12 16 15 10 12 16 15 10 12 15 10 100 12 1 1 1 1 1 1 100 1 100 1 1
staticfield jdk/internal/module/Modules JLA Ljdk/internal/access/JavaLangAccess; java/lang/System$2
staticfield jdk/internal/module/Modules JLMA Ljdk/internal/access/JavaLangModuleAccess; java/lang/module/ModuleDescriptor$1
staticfield jdk/internal/module/Modules $assertionsDisabled Z 1
instanceKlass net/serenitybdd/core/annotations/locators/SmartAnnotations$1
instanceKlass net/serenitybdd/core/pages/ListOfWebElementFacades
instanceKlass net/thucydides/model/domain/PathElements
ciInstanceKlass java/util/ArrayList 1 1 509 10 7 12 1 1 1 7 1 9 7 12 1 1 1 9 12 1 100 1 7 1 10 8 1 10 12 1 1 10 12 1 10 12 1 1 10 12 1 9 12 1 11 7 12 1 1 1 9 12 1 1 11 12 1 1 7 10 7 12 1 1 1 9 12 1 10 12 1 10 12 1 1 10 7 12 1 1 1 10 7 12 1 1 1 10 12 1 1 10 12 1 1 10 12 1 1 10 12 1 10 12 1 1 100 1 7 1 10 12 1 10 10 7 12 1 1 1 10 7 12 1 1 10 12 1 100 1 10 10 12 10 12 1 1 10 12 1 1 10 12 1 10 12 10 12 1 1 7 1 10 12 1 1 10 12 1 1 10 12 1 100 1 10 11 12 1 1 11 7 12 1 1 1 11 12 1 10 12 1 10 12 1 10 12 1 1 100 1 10 12 1 1 10 10 12 1 1 10 12 1 8 1 8 1 8 1 8 1 10 12 1 1 10 12 1 1 11 12 1 7 1 10 100 12 1 1 10 12 1 10 12 1 1 10 100 12 1 1 10 12 1 10 100 12 1 1 1 11 100 12 1 1 1 10 12 1 100 1 8 1 10 7 1 10 12 1 7 1 10 12 1 10 12 1 1 7 1 10 12 1 10 12 1 1 11 7 12 1 1 7 1 10 12 1 10 12 1 1 11 100 12 1 1 10 12 1 1 10 12 1 1 10 12 1 1 10 12 1 1 11 100 12 1 1 10 12 1 1 7 1 7 1 7 1 1 1 1 5 0 1 3 1 1 1 1 1 1 1 1 1 1 1 1 1 1 1 1 1 1 1 1 1 1 1 1 1 1 1 1 1 1 1 1 1 1 1 1 1 1 1 1 1 1 1 1 1 1 1 1 1 1 1 1 1 1 1 1 1 1 1 1 1 1 1 1 1 1 1 1 1 1 1 1 1 1 1 1 1 1 1 1 1 1 1 1 1 1 1 1 1 1 1 1 1 1 1 1 1 1 1 1 1 1 1 1 7 1 1 1 1 7 1 1 1 1 1 1 1 1 1 1 1 1 1 1 1 1 1 1 1 1 1 1 1 1 1 1 1 1 1 100 1 1 1 1 1 1 1 1 1 1 1 1 1 1 1 1 1 1 100 1 100 1 1 1 1 1 1
staticfield java/util/ArrayList EMPTY_ELEMENTDATA [Ljava/lang/Object; 0 [Ljava/lang/Object;
staticfield java/util/ArrayList DEFAULTCAPACITY_EMPTY_ELEMENTDATA [Ljava/lang/Object; 0 [Ljava/lang/Object;
ciInstanceKlass java/util/RandomAccess 1 0 7 100 1 100 1 1 1
ciInstanceKlass java/lang/annotation/Annotation 1 0 17 100 1 100 1 1 1 1 1 1 1 1 1 1 1 1 1
ciInstanceKlass jdk/internal/util/ReferencedKeySet 1 1 118 10 7 12 1 1 1 9 7 12 1 1 1 10 12 1 1 10 7 12 1 1 10 12 1 10 12 1 10 12 1 1 11 100 12 1 1 1 10 12 1 1 10 12 1 1 10 12 1 1 10 12 1 1 10 12 1 1 10 12 1 10 12 1 7 1 11 12 1 10 12 1 1 10 12 1 1 1 1 1 1 1 1 1 1 1 1 1 1 1 1 1 1 1 1 1 1 1 1 1 1 1 1 1 1 1 1 100 1 1 1 1 1 1 1 1 1 1
ciMethod jdk/internal/util/ReferencedKeySet get (Ljava/lang/Object;)Ljava/lang/Object; 776 0 6422 0 -1
ciMethod jdk/internal/util/ReferencedKeySet intern (Ljava/lang/Object;)Ljava/lang/Object; 336 0 2128 0 -1
ciMethod java/lang/invoke/MemberName anyFlagSet (I)Z 780 0 20422 0 0
ciMethod java/lang/invoke/MemberName isSetter ()Z 0 0 8 0 0
ciMethod java/lang/invoke/MemberName expandFromVM ()V 0 0 1 0 -1
ciMethod java/lang/invoke/MemberName isGetter ()Z 44 0 456 0 0
ciMethod java/lang/invoke/MemberName getFieldType ()Ljava/lang/Class; 124 0 1035 0 0
ciMethod java/lang/invoke/MemberName isInvocable ()Z 776 0 20420 0 0
ciMethod java/lang/invoke/MemberName getMethodOrFieldType ()Ljava/lang/invoke/MethodType; 514 0 5378 0 -1
ciMethod java/lang/invoke/MemberName getMethodType ()Ljava/lang/invoke/MethodType; 518 0 5382 0 1192
ciMethod java/lang/invoke/MemberName getReferenceKind ()B 518 0 9124 0 88
ciMethod java/lang/invoke/MemberName getClassLoader ()Ljava/lang/ClassLoader; 0 0 1 0 -1
ciMethod java/lang/invoke/MethodTypeForm findForm (Ljava/lang/invoke/MethodType;)Ljava/lang/invoke/MethodTypeForm; 336 0 2128 0 -1
ciMethod java/lang/invoke/MethodHandleStatics newIllegalArgumentException (Ljava/lang/String;)Ljava/lang/RuntimeException; 0 0 1 0 -1
ciMethod java/lang/invoke/MethodType checkPtypes ([Ljava/lang/Class;)I 516 838 4737 0 -1
ciMethod java/lang/invoke/MethodType makeImpl (Ljava/lang/Class;[Ljava/lang/Class;Z)Ljava/lang/invoke/MethodType; 776 0 6422 0 31208
ciMethod java/lang/invoke/MethodType isAllObject ([Ljava/lang/Class;I)Z 256 374 1406 0 -1
ciMethod java/lang/invoke/MethodType checkSlotCount (I)V 776 0 11340 0 -1
ciMethod java/lang/invoke/MethodType fromDescriptor (Ljava/lang/String;Ljava/lang/ClassLoader;)Ljava/lang/invoke/MethodType; 0 0 18 0 -1
ciMethod java/lang/invoke/MethodType genericMethodType (IZ)Ljava/lang/invoke/MethodType; 466 0 3891 0 0
ciMethod java/lang/invoke/MethodType methodType (Ljava/lang/Class;)Ljava/lang/invoke/MethodType; 100 0 896 0 0
ciMethod java/lang/invoke/MethodType methodType (Ljava/lang/Class;[Ljava/lang/Class;Z)Ljava/lang/invoke/MethodType; 678 0 6500 0 408
ciMethod java/lang/invoke/MethodType methodType (Ljava/lang/Class;Ljava/lang/Class;)Ljava/lang/invoke/MethodType; 66 0 512 0 0
ciMethod java/lang/invoke/MethodType <init> (Ljava/lang/Class;[Ljava/lang/Class;)V 778 0 6448 0 -1
ciMethod java/lang/invoke/MethodType returnType ()Ljava/lang/Class; 266 0 133 0 -1
ciMethod java/util/Arrays fill ([Ljava/lang/Object;Ljava/lang/Object;)V 18 72 18 0 -1
ciMethod java/util/Arrays copyOf ([Ljava/lang/Object;I)[Ljava/lang/Object; 176 0 5022 0 -1
ciMethod java/lang/InternalError <init> (Ljava/lang/String;)V 4 0 2 0 0
ciMethod java/lang/VirtualMachineError <init> (Ljava/lang/String;)V 4 0 2 0 0
ciMethod java/lang/Error <init> (Ljava/lang/String;)V 30 0 87 0 -1
ciMethod java/lang/String valueOf (Ljava/lang/Object;)Ljava/lang/String; 530 0 975 0 -1
ciMethod java/lang/String <init> (Ljava/lang/StringBuilder;)V 14 0 38133 0 -1
ciMethod java/lang/StringBuilder append (Ljava/lang/String;)Ljava/lang/StringBuilder; 14 0 94755 0 1536
ciMethod java/lang/StringBuilder append (Ljava/lang/Object;)Ljava/lang/StringBuilder; 468 0 517 0 0
ciMethod java/lang/StringBuilder <init> ()V 12 0 31255 0 416
ciMethod java/lang/AbstractStringBuilder <init> (I)V 14 0 5190 0 -1
ciMethod java/lang/AbstractStringBuilder append (Ljava/lang/String;)Ljava/lang/AbstractStringBuilder; 14 0 11338 0 -1
ciMethod java/lang/Object <init> ()V 1024 0 508363 0 -1
instanceKlass net/thucydides/core/pages/WrongPageError
instanceKlass net/thucydides/model/domain/MultipleAssertionErrors
instanceKlass junit/framework/AssertionFailedError
ciInstanceKlass java/lang/AssertionError 1 1 79 10 100 12 1 1 1 10 12 1 10 100 12 1 1 1 10 100 1 100 1 10 12 1 1 10 12 1 10 12 1 10 12 1 10 12 1 10 12 1 10 12 1 10 12 1 1 1 1 5 0 1 1 1 1 1 1 1 1 1 1 100 1 1 1 1 1 1 1 1 1 1 1 1 1 1 1 1 1
ciMethodData java/lang/Object <init> ()V 2 507851 orig 80 0 0 0 0 0 0 0 0 0 0 0 0 0 0 0 0 0 0 0 0 0 0 0 0 0 0 0 0 0 0 0 0 0 0 0 0 0 0 0 0 0 0 0 0 0 0 0 0 0 0 0 0 0 0 0 0 0 0 0 0 0 0 0 0 0 0 0 0 0 0 0 0 0 0 0 0 0 0 0 0 data 4 0x0 0x9 0x1 0x0 oops 0 methods 0
ciMethodData java/lang/StringBuilder <init> ()V 2 31258 orig 80 0 0 0 0 0 0 0 0 0 0 0 0 0 0 0 0 0 0 0 0 0 0 0 0 0 0 0 0 0 0 0 0 0 0 0 0 0 0 0 0 0 0 0 0 0 0 0 0 0 0 0 0 0 0 0 0 0 0 0 0 0 0 0 0 0 0 0 0 0 0 0 0 0 0 0 0 0 0 0 0 data 7 0x30002 0x7a1a 0x0 0x0 0x9 0x1 0xc oops 0 methods 0
ciMethodData java/lang/AbstractStringBuilder <init> (I)V 2 5183 orig 80 0 0 0 0 0 0 0 0 0 0 0 0 0 0 0 0 0 0 0 0 0 0 0 0 0 0 0 0 0 0 0 0 0 0 0 0 0 0 0 0 0 0 0 0 0 0 0 0 0 0 0 0 0 0 0 0 0 0 0 0 0 0 0 0 0 0 0 0 0 0 0 0 0 0 0 0 0 0 0 0 data 21 0x10002 0x143f 0x70007 0x0 0x38 0x143f 0x160003 0x143f 0x28 0x1b0002 0x0 0x0 0x0 0x0 0x0 0x0 0x0 0x9 0x2 0xc 0x0 oops 0 methods 0
ciMethodData java/lang/StringBuilder append (Ljava/lang/String;)Ljava/lang/StringBuilder; 2 94779 orig 80 1 0 0 0 0 0 0 0 0 0 0 0 0 0 0 0 0 0 0 0 0 0 0 0 0 0 0 0 0 0 0 0 0 0 0 0 0 0 0 0 0 0 0 0 0 0 0 0 0 0 0 0 0 0 0 0 0 0 0 0 0 0 0 0 0 0 0 0 0 0 0 0 0 0 0 0 0 0 0 0 data 9 0x20002 0x1723b 0x0 0x0 0x0 0x9 0x2 0xe 0x0 oops 0 methods 0
ciMethodData java/lang/StringBuilder toString ()Ljava/lang/String; 2 38129 orig 80 0 0 0 0 0 0 0 0 0 0 0 0 0 0 0 0 0 0 0 0 0 0 0 0 0 0 0 0 0 0 0 0 0 0 0 0 0 0 0 0 0 0 0 0 0 0 0 0 0 0 0 0 0 0 0 0 0 0 0 0 0 0 0 0 0 0 0 0 0 0 0 0 0 0 0 0 0 0 0 0 data 8 0x50002 0x94f1 0x0 0x0 0x0 0x9 0x1 0xffffffffffffffff oops 0 methods 0
ciMethodData java/lang/invoke/MemberName isInvocable ()Z 2 20034 orig 80 0 0 0 0 0 0 0 0 0 0 0 0 0 0 0 0 0 0 0 0 0 0 0 0 0 0 0 0 0 0 0 0 0 0 0 0 0 0 0 0 0 0 0 0 0 0 0 0 0 0 0 0 0 0 0 0 0 0 0 0 0 0 0 0 0 0 0 0 0 0 0 0 0 0 0 0 0 0 0 0 data 16 0x40005 0x4e42 0x0 0x0 0x0 0x0 0x0 0x0 0x0 0x0 0x0 0x0 0x0 0x9 0x1 0x0 oops 0 methods 0
ciMethodData java/lang/invoke/MemberName anyFlagSet (I)Z 2 20032 orig 80 0 0 0 0 0 0 0 0 0 0 0 0 0 0 0 0 0 0 0 0 0 0 0 0 0 0 0 0 0 0 0 0 0 0 0 0 0 0 0 0 0 0 0 0 0 0 0 0 0 0 0 0 0 0 0 0 0 0 0 0 0 0 0 0 0 0 0 0 0 0 0 0 0 0 0 0 0 0 0 0 data 14 0x60007 0x662 0x38 0x47de 0xa0003 0x47de 0x18 0x0 0x0 0x0 0x9 0x2 0x0 0x0 oops 0 methods 0
ciMethodData java/lang/invoke/MemberName getReferenceKind ()B 2 8872 orig 80 0 0 0 0 0 0 0 0 0 0 0 0 0 0 0 0 0 0 0 0 0 0 0 0 0 0 0 0 0 0 0 0 0 0 0 0 0 0 0 0 0 0 0 0 0 0 0 0 0 0 0 0 0 0 0 0 0 0 0 0 0 0 0 0 0 0 0 0 0 0 0 0 0 0 0 0 0 0 0 0 data 6 0x0 0x0 0x0 0x9 0x1 0x0 oops 0 methods 0
ciMethodData java/lang/invoke/MemberName getMethodType ()Ljava/lang/invoke/MethodType; 2 5123 orig 80 0 0 0 0 0 0 0 0 0 0 0 0 0 0 0 0 0 0 0 0 0 0 0 0 0 0 0 0 0 0 0 0 0 0 0 0 0 0 0 0 0 0 0 0 0 0 0 0 0 0 0 0 0 0 0 0 0 0 0 0 0 0 0 0 0 0 0 0 0 0 0 0 0 0 0 0 0 0 0 0 data 175 0x40007 0x1403 0x78 0x0 0x80005 0x0 0x0 0x0 0x0 0x0 0x0 0xf0007 0x0 0x20 0x0 0x150005 0x1403 0x0 0x0 0x0 0x0 0x0 0x180007 0x1403 0x30 0x0 0x1d0002 0x0 0x270004 0xffffffffffffffc9 0x0 0x1c9fea69808 0x13cc 0x0 0x0 0x2a0007 0x37 0x58 0x13cc 0x2e0004 0x0 0x0 0x1c9fea69808 0x13cc 0x0 0x0 0x3e0004 0xffffffffffffffc9 0x0 0x0 0x0 0x0 0x0 0x410007 0x37 0xb8 0x0 0x460004 0x0 0x0 0x0 0x0 0x0 0x0 0x4c0005 0x0 0x0 0x0 0x0 0x0 0x0 0x4f0002 0x0 0x5a0003 0x0 0x128 0x650004 0x0 0x0 0x1c9e12c5168 0x37 0x0 0x0 0x680007 0x0 0xd8 0x37 0x6d0004 0x0 0x0 0x1c9e12c5168 0x37 0x0 0x0 0x740004 0x0 0x0 0x1c9e12c6038 0x37 0x0 0x0 0x7c0004 0x0 0x0 0x1c9fea67008 0x37 0x0 0x0 0x860002 0x37 0x940007 0x37 0x140 0x0 0x9b0004 0x0 0x0 0x0 0x0 0x0 0x0 0x9e0007 0x0 0xe8 0x0 0xa90002 0x0 0xae0005 0x0 0x0 0x0 0x0 0x0 0x0 0xb50005 0x0 0x0 0x0 0x0 0x0 0x0 0xb80005 0x0 0x0 0x0 0x0 0x0 0x0 0xbb0002 0x0 0xc10003 0x37 0x18 0xcf0004 0x0 0x0 0x1c9fea69808 0x37 0x0 0x0 0x0 0x0 0x0 0x0 0x0 0x0 0x0 0x0 0x0 0x0 0x0 0x0 0x9 0x1 0x0 oops 7 31 java/lang/invoke/MethodType 42 java/lang/invoke/MethodType 79 [Ljava/lang/Object; 90 [Ljava/lang/Object; 97 [Ljava/lang/Class; 104 java/lang/Class 156 java/lang/invoke/MethodType methods 0
ciMethodData java/lang/invoke/MethodType methodType (Ljava/lang/Class;[Ljava/lang/Class;Z)Ljava/lang/invoke/MethodType; 2 6161 orig 80 0 0 0 0 0 0 0 0 0 0 0 0 0 0 0 0 0 0 0 0 0 0 0 0 0 0 0 0 0 0 0 0 0 0 0 0 0 0 0 0 0 0 0 0 0 0 0 0 0 0 0 0 0 0 0 0 0 0 0 0 0 0 0 0 0 0 0 0 0 0 0 0 0 0 0 0 0 0 0 0 data 41 0x30007 0x1190 0xe0 0x681 0xc0007 0x515 0x30 0x16c 0x110002 0x16c 0x170002 0x515 0x1a0007 0x8d 0x80 0x488 0x260007 0x52 0x30 0x436 0x2d0002 0x436 0x350007 0x51 0x30 0x1 0x3a0002 0x1 0x410002 0x126e 0x0 0x0 0x0 0x0 0x0 0x0 0x9 0x3 0x0 0x0 0x0 oops 0 methods 0
ciMethodData java/lang/invoke/MethodType makeImpl (Ljava/lang/Class;[Ljava/lang/Class;Z)Ljava/lang/invoke/MethodType; 2 6034 orig 80 0 0 0 0 0 0 0 0 0 0 0 0 0 0 0 0 0 0 0 0 0 0 0 0 0 0 0 0 0 0 0 0 0 0 0 0 0 0 0 0 0 0 0 0 0 0 0 0 0 0 0 0 0 0 0 0 0 0 0 0 0 0 0 0 0 0 0 0 0 0 0 0 0 0 0 0 0 0 0 0 data 75 0x20007 0x110b 0x20 0x687 0x110002 0x1792 0x190005 0x1792 0x0 0x0 0x0 0x0 0x0 0x1c0104 0x0 0x0 0x1c9fea69808 0xfea 0x0 0x0 0x230007 0x7a8 0x20 0xfea 0x2a0002 0x7a8 0x2f0007 0x19 0x48 0x78f 0x330002 0x78f 0x3a0003 0x78f 0x80 0x400002 0x19 0x430004 0x0 0x0 0x1c9e12c6038 0x19 0x0 0x0 0x480002 0x19 0x520002 0x19 0x5b0002 0x7a8 0x660005 0x7a8 0x0 0x0 0x0 0x0 0x0 0x690004 0x0 0x0 0x1c9fea69808 0x7a8 0x0 0x0 0x0 0x0 0x0 0x0 0x0 0x0 0x9 0x3 0x0 0x0 0x0 oops 3 16 java/lang/invoke/MethodType 40 [Ljava/lang/Class; 60 java/lang/invoke/MethodType methods 0
ciMethodData java/lang/InternalError <init> (Ljava/lang/String;)V 1 0 orig 80 0 0 0 0 0 0 0 0 0 0 0 0 0 0 0 0 0 0 0 0 0 0 0 0 0 0 0 0 0 0 0 0 0 0 0 0 0 0 0 0 0 0 0 0 0 0 0 0 0 0 0 0 0 0 0 0 0 0 0 0 0 0 0 0 0 0 0 0 0 0 0 0 0 0 0 0 0 0 0 0 data 8 0x20002 0x0 0x0 0x0 0x9 0x2 0x1c 0x0 oops 0 methods 0
ciMethodData java/lang/invoke/MethodType genericMethodType (IZ)Ljava/lang/invoke/MethodType; 2 3660 orig 80 0 0 0 0 0 0 0 0 0 0 0 0 0 0 0 0 0 0 0 0 0 0 0 0 0 0 0 0 0 0 0 0 0 0 0 0 0 0 0 0 0 0 0 0 0 0 0 0 0 0 0 0 0 0 0 0 0 0 0 0 0 0 0 0 0 0 0 0 0 0 0 0 0 0 0 0 0 0 0 0 data 53 0x10002 0xe4c 0x50007 0x1 0x38 0xe4b 0x90003 0xe4b 0x18 0x1b0007 0x7 0x40 0xe45 0x260007 0x2 0x20 0xe43 0x370002 0x9 0x3b0007 0x8 0x58 0x1 0x430004 0x0 0x0 0x1c9fea67008 0x1 0x0 0x0 0x490002 0x9 0x530007 0x7 0x58 0x2 0x5c0004 0x0 0x0 0x1c9fea69808 0x2 0x0 0x0 0x0 0x0 0x0 0x0 0x0 0x0 0x9 0x2 0x0 0x0 oops 2 26 java/lang/Class 39 java/lang/invoke/MethodType methods 0
ciMethodData java/lang/invoke/MemberName getMethodOrFieldType ()Ljava/lang/invoke/MethodType; 2 5121 orig 80 0 0 0 0 0 0 0 0 0 0 0 0 0 0 0 0 0 0 0 0 0 0 0 0 0 0 0 0 0 0 0 0 0 0 0 0 0 0 0 0 0 0 0 0 0 0 0 0 0 0 0 0 0 0 0 0 0 0 0 0 0 0 0 0 0 0 0 0 0 0 0 0 0 0 0 0 0 0 0 0 data 92 0x10005 0x1401 0x0 0x0 0x0 0x0 0x0 0x40007 0x1b2 0x58 0x124f 0x80005 0x124f 0x0 0x0 0x0 0x0 0x0 0xd0005 0x1b2 0x0 0x0 0x0 0x0 0x0 0x100007 0x8 0x68 0x1aa 0x140005 0x1aa 0x0 0x0 0x0 0x0 0x0 0x170002 0x1aa 0x1c0005 0x8 0x0 0x0 0x0 0x0 0x0 0x1f0007 0x0 0x68 0x8 0x260005 0x8 0x0 0x0 0x0 0x0 0x0 0x290002 0x8 0x350002 0x0 0x3a0005 0x0 0x0 0x0 0x0 0x0 0x0 0x3e0005 0x0 0x0 0x0 0x0 0x0 0x0 0x410005 0x0 0x0 0x0 0x0 0x0 0x0 0x440002 0x0 0x0 0x0 0x0 0x0 0x0 0x0 0x9 0x1 0x0 oops 0 methods 0
ciMethodData java/lang/invoke/MemberName isGetter ()Z 1 434 orig 80 0 0 0 0 0 0 0 0 0 0 0 0 0 0 0 0 0 0 0 0 0 0 0 0 0 0 0 0 0 0 0 0 0 0 0 0 0 0 0 0 0 0 0 0 0 0 0 0 0 0 0 0 0 0 0 0 0 0 0 0 0 0 0 0 0 0 0 0 0 0 0 0 0 0 0 0 0 0 0 0 data 18 0x10005 0x1b2 0x0 0x0 0x0 0x0 0x0 0x40002 0x1b2 0x0 0x0 0x0 0x0 0x0 0x0 0x9 0x1 0x0 oops 0 methods 0
ciMethodData java/lang/invoke/MethodHandleNatives refKindIsGetter (B)Z 1 445 orig 80 0 0 0 0 0 0 0 0 0 0 0 0 0 0 0 0 0 0 0 0 0 0 0 0 0 0 0 0 0 0 0 0 0 0 0 0 0 0 0 0 0 0 0 0 0 0 0 0 0 0 0 0 0 0 0 0 0 0 0 0 0 0 0 0 0 0 0 0 0 0 0 0 0 0 0 0 0 0 0 0 data 28 0x30007 0x1bd 0x60 0x0 0x70002 0x0 0xa0007 0x0 0x30 0x0 0x110002 0x0 0x170007 0x10 0x38 0x1ad 0x1b0003 0x1ad 0x18 0x0 0x0 0x0 0x0 0x0 0x0 0x9 0x1 0x0 oops 0 methods 0
ciMethodData java/lang/invoke/MemberName getFieldType ()Ljava/lang/Class; 1 973 orig 80 0 0 0 0 0 0 0 0 0 0 0 0 0 0 0 0 0 0 0 0 0 0 0 0 0 0 0 0 0 0 0 0 0 0 0 0 0 0 0 0 0 0 0 0 0 0 0 0 0 0 0 0 0 0 0 0 0 0 0 0 0 0 0 0 0 0 0 0 0 0 0 0 0 0 0 0 0 0 0 0 data 166 0x40007 0x3cd 0x78 0x0 0x80005 0x0 0x0 0x0 0x0 0x0 0x0 0xf0007 0x0 0x20 0x0 0x150005 0x3cd 0x0 0x0 0x0 0x0 0x0 0x180007 0x3cd 0x30 0x0 0x1d0002 0x0 0x270004 0x0 0x0 0x1c9fea67008 0x3cd 0x0 0x0 0x2a0007 0x0 0x58 0x3cd 0x2e0004 0x0 0x0 0x1c9fea67008 0x3cd 0x0 0x0 0x3c0004 0x0 0x0 0x0 0x0 0x0 0x0 0x3f0007 0x0 0x190 0x0 0x430004 0x0 0x0 0x0 0x0 0x0 0x0 0x4b0002 0x0 0x500005 0x0 0x0 0x0 0x0 0x0 0x0 0x540005 0x0 0x0 0x0 0x0 0x0 0x0 0x570005 0x0 0x0 0x0 0x0 0x0 0x0 0x5b0005 0x0 0x0 0x0 0x0 0x0 0x0 0x5e0002 0x0 0x630005 0x0 0x0 0x0 0x0 0x0 0x0 0x710007 0x0 0x140 0x0 0x780004 0x0 0x0 0x0 0x0 0x0 0x0 0x7b0007 0x0 0xe8 0x0 0x860002 0x0 0x8b0005 0x0 0x0 0x0 0x0 0x0 0x0 0x920005 0x0 0x0 0x0 0x0 0x0 0x0 0x950005 0x0 0x0 0x0 0x0 0x0 0x0 0x980002 0x0 0x9e0003 0x0 0x18 0xac0004 0x0 0x0 0x0 0x0 0x0 0x0 0x0 0x0 0x0 0x0 0x0 0x0 0x0 0x0 0x0 0x0 0x9 0x1 0x0 oops 2 31 java/lang/Class 42 java/lang/Class methods 0
ciMethodData java/lang/invoke/MethodType methodType (Ljava/lang/Class;)Ljava/lang/invoke/MethodType; 1 846 orig 80 0 0 0 0 0 0 0 0 0 0 0 0 0 0 0 0 0 0 0 0 0 0 0 0 0 0 0 0 0 0 0 0 0 0 0 0 0 0 0 0 0 0 0 0 0 0 0 0 0 0 0 0 0 0 0 0 0 0 0 0 0 0 0 0 0 0 0 0 0 0 0 0 0 0 0 0 0 0 0 0 data 17 0x30007 0x27 0x30 0x327 0x80002 0x327 0x110002 0x27 0x0 0x0 0x0 0x0 0x0 0x0 0x9 0x1 0x0 oops 0 methods 0
ciMethodData java/lang/invoke/MemberName isSetter ()Z 1 8 orig 80 0 0 0 0 0 0 0 0 0 0 0 0 0 0 0 0 0 0 0 0 0 0 0 0 0 0 0 0 0 0 0 0 0 0 0 0 0 0 0 0 0 0 0 0 0 0 0 0 0 0 0 0 0 0 0 0 0 0 0 0 0 0 0 0 0 0 0 0 0 0 0 0 0 0 0 0 0 0 0 0 data 18 0x10005 0x8 0x0 0x0 0x0 0x0 0x0 0x40002 0x8 0x0 0x0 0x0 0x0 0x0 0x0 0x9 0x1 0x0 oops 0 methods 0
ciMethodData java/lang/invoke/MethodType methodType (Ljava/lang/Class;Ljava/lang/Class;)Ljava/lang/invoke/MethodType; 1 479 orig 80 0 0 0 0 0 0 0 0 0 0 0 0 0 0 0 0 0 0 0 0 0 0 0 0 0 0 0 0 0 0 0 0 0 0 0 0 0 0 0 0 0 0 0 0 0 0 0 0 0 0 0 0 0 0 0 0 0 0 0 0 0 0 0 0 0 0 0 0 0 0 0 0 0 0 0 0 0 0 0 0 data 35 0x30007 0x1b3 0x80 0x2c 0x90007 0x4 0x30 0x28 0xe0002 0x28 0x150007 0x4 0x30 0x0 0x1a0002 0x0 0x260004 0x0 0x0 0x1c9fea67008 0x1b7 0x0 0x0 0x280002 0x1b7 0x0 0x0 0x0 0x0 0x0 0x0 0x9 0x2 0x0 0x0 oops 1 19 java/lang/Class methods 0
ciMethodData java/lang/StringBuilder append (Ljava/lang/Object;)Ljava/lang/StringBuilder; 1 283 orig 80 0 0 0 0 0 0 0 0 0 0 0 0 0 0 0 0 0 0 0 0 0 0 0 0 0 0 0 0 0 0 0 0 0 0 0 0 0 0 0 0 0 0 0 0 0 0 0 0 0 0 0 0 0 0 0 0 0 0 0 0 0 0 0 0 0 0 0 0 0 0 0 0 0 0 0 0 0 0 0 0 data 19 0x20002 0x11b 0x50005 0x11b 0x0 0x0 0x0 0x0 0x0 0x0 0x0 0x0 0x0 0x0 0x0 0x9 0x2 0xe 0xffffffffffffffff oops 0 methods 0
ciMethodData java/lang/Error <init> (Ljava/lang/String;)V 1 72 orig 80 0 0 0 0 0 0 0 0 0 0 0 0 0 0 0 0 0 0 0 0 0 0 0 0 0 0 0 0 0 0 0 0 0 0 0 0 0 0 0 0 0 0 0 0 0 0 0 0 0 0 0 0 0 0 0 0 0 0 0 0 0 0 0 0 0 0 0 0 0 0 0 0 0 0 0 0 0 0 0 0 data 8 0x20002 0x48 0x0 0x0 0x9 0x2 0x1c 0x0 oops 0 methods 0
compile java/lang/invoke/MemberName getMethodOrFieldType ()Ljava/lang/invoke/MethodType; -1 4 inline 9 0 -1 0 java/lang/invoke/MemberName getMethodOrFieldType ()Ljava/lang/invoke/MethodType; 1 1 0 java/lang/invoke/MemberName isInvocable ()Z 2 4 0 java/lang/invoke/MemberName anyFlagSet (I)Z 1 8 0 java/lang/invoke/MemberName getMethodType ()Ljava/lang/invoke/MethodType; 2 21 0 java/lang/invoke/MemberName isInvocable ()Z 3 4 0 java/lang/invoke/MemberName anyFlagSet (I)Z 1 13 0 java/lang/invoke/MemberName isGetter ()Z 1 23 0 java/lang/invoke/MethodType methodType (Ljava/lang/Class;)Ljava/lang/invoke/MethodType; 1 68 0 java/lang/InternalError <init> (Ljava/lang/String;)V
